{"type": "FeatureCollection", "features": [{"type": "Feature", "id": 22453, "geometry": {"type": "MultiPolygon", "coordinates": [[[[-122.244082553082, 44.1221330896863], [-122.244200940257, 44.1220586757556], [-122.244331296584, 44.122068938751], [-122.244395276395, 44.1221680579784], [-122.244368102358, 44.1222524748558], [-122.244217097355, 44.1223266731591], [-122.244087640242, 44.1222459191987], [-122.244082553082, 44.1221330896863]]], [[[-122.737167347208, 44.158663614315], [-122.737296996561, 44.158528131193], [-122.737495245761, 44.1585929037465], [-122.737454367924, 44.1588572249863], [-122.737235977597, 44.1588567229509], [-122.737167347208, 44.158663614315]]], [[[-122.716886798996, 44.1767915901811], [-122.716970002754, 44.1766965119962], [-122.717251232032, 44.1767210289056], [-122.717249923186, 44.1769949683055], [-122.717018113826, 44.1770182158929], [-122.716886798996, 44.1767915901811]]], [[[-122.718106986934, 44.1777355402938], [-122.71822317683, 44.1776643629507], [-122.718603256721, 44.1777844057321], [-122.718552642943, 44.1779867599365], [-122.718238308052, 44.1779621649546], [-122.718106986934, 44.1777355402938]]], [[[-122.641194045283, 44.251061960105], [-122.641552049975, 44.2510487911869], [-122.641610488079, 44.2512490689681], [-122.641489879371, 44.2514630779134], [-122.641212278389, 44.2513335740124], [-122.641194045283, 44.251061960105]]], [[[-122.71563343807, 44.1758713652234], [-122.715733248085, 44.1757644192693], [-122.71588213486, 44.1757766998244], [-122.715964139367, 44.1759317402438], [-122.716277706199, 44.1760132667179], [-122.716144282125, 44.17622732504], [-122.715864211674, 44.1760625079063], [-122.715632693367, 44.1760261998705], [-122.71563343807, 44.1758713652234]]], [[[-122.670387970595, 44.1859330059917], [-122.67048178705, 44.1856283658137], [-122.670849880721, 44.1856957129818], [-122.670866239043, 44.1860669561896], [-122.670515975134, 44.186105716815], [-122.670387970595, 44.1859330059917]]], [[[-122.527434336092, 44.2475063539011], [-122.527477191121, 44.2471206350076], [-122.527894041752, 44.2472081131416], [-122.52795128869, 44.2475084909388], [-122.527810624195, 44.2476937121669], [-122.527434336092, 44.2475063539011]]], [[[-122.651701283429, 44.1784449497658], [-122.651660717307, 44.1782496890323], [-122.651806630659, 44.1782651458631], [-122.65188917685, 44.1784155018577], [-122.6523818408, 44.1784808491482], [-122.652612282026, 44.1786959402561], [-122.652578201741, 44.1788625841883], [-122.651804509736, 44.1786253909231], [-122.651700930391, 44.1785049910084], [-122.651701283429, 44.1784449497658]]], [[[-122.768964045834, 44.1694620567427], [-122.769064912268, 44.1690573020204], [-122.7693288364, 44.1692722251766], [-122.769724959304, 44.1695350558835], [-122.769591650214, 44.1697729990009], [-122.769128686365, 44.1696767799664], [-122.768964045834, 44.1694620567427]]], [[[-122.528466759966, 44.2476964219042], [-122.528746719026, 44.247497482716], [-122.528963833746, 44.2476984727073], [-122.529060054991, 44.2480990587699], [-122.528978812255, 44.2483131107079], [-122.528463220604, 44.2481394741674], [-122.528385857692, 44.2478675977662], [-122.528466759966, 44.2476964219042]]], [[[-122.673256804236, 44.1745643407267], [-122.673622063722, 44.1743509947535], [-122.673818810939, 44.1746850527919], [-122.673716890782, 44.1751611832184], [-122.673484282818, 44.1753272663071], [-122.67328621957, 44.1752314151993], [-122.673255357948, 44.1748263689072], [-122.673256804236, 44.1745643407267]]], [[[-122.375044990083, 44.2367141757205], [-122.37536036702, 44.2366563492358], [-122.375674609384, 44.2367057090261], [-122.375688529678, 44.2369559030309], [-122.375173733935, 44.2370721918813], [-122.374824593818, 44.2371893860544], [-122.374494036251, 44.2371161141402], [-122.374346711647, 44.236948560754], [-122.374563579329, 44.2368068252836], [-122.374862013141, 44.2367846368487], [-122.375044990083, 44.2367141757205]]], [[[-122.537041774038, 44.2441747347237], [-122.537572700829, 44.2440816031749], [-122.537704313001, 44.2442012397347], [-122.537302943037, 44.2446760298701], [-122.536837908571, 44.2448170700432], [-122.536574686921, 44.2445777959675], [-122.536709102735, 44.2443401323099], [-122.537041774038, 44.2441747347237]]], [[[-122.771497288647, 44.1702420163019], [-122.771438820899, 44.1699560446992], [-122.771657528331, 44.1698850190511], [-122.772193618638, 44.1699003820677], [-122.772491204441, 44.1699724379968], [-122.772908865352, 44.1698017572689], [-122.773147153363, 44.1698022308601], [-122.773463938858, 44.1700458347075], [-122.773503598579, 44.170060206689], [-122.77314561904, 44.1702024230723], [-122.7725492931, 44.1703584568928], [-122.772032998967, 44.1703574272444], [-122.771497288647, 44.1702420163019]]], [[[-122.712322378189, 44.1742007959111], [-122.712640950433, 44.174030086185], [-122.713325069624, 44.1741028348399], [-122.713339310616, 44.1745792927563], [-122.713767845634, 44.1748397720052], [-122.713634302084, 44.1750776492655], [-122.713170925908, 44.1750764856885], [-122.712641469659, 44.1750513341195], [-122.71246914494, 44.1744017771866], [-122.712322378189, 44.1742007959111]]], [[[-122.669098970808, 44.205936741708], [-122.669432288897, 44.2055506157378], [-122.670177047065, 44.20561232103], [-122.670484070568, 44.2058190519302], [-122.671196124669, 44.2058830790158], [-122.671491912943, 44.20628888686], [-122.671688887434, 44.2065991261949], [-122.671786515441, 44.2069090779882], [-122.671520395826, 44.2071227021577], [-122.671288317869, 44.2071696758289], [-122.670374883938, 44.2072505827832], [-122.668927388995, 44.207008188062], [-122.668682525317, 44.2063821780298], [-122.669056242441, 44.2061748276997], [-122.669098970808, 44.205936741708]]], [[[-122.346116027356, 44.2303028640088], [-122.345029690191, 44.2296772979184], [-122.344470496113, 44.2293167778672], [-122.344652298059, 44.2287261418604], [-122.344490101844, 44.2284155401727], [-122.344891054092, 44.2281081688861], [-122.345092187782, 44.2278949349667], [-122.34615195817, 44.2279248267706], [-122.346474303339, 44.228043031754], [-122.347036802319, 44.2279260472379], [-122.347233190209, 44.228141557826], [-122.347330461585, 44.2283326796929], [-122.34687388296, 44.2285482982211], [-122.346669327587, 44.2290711872676], [-122.34593763811, 44.229329029241], [-122.345700507129, 44.2293063359073], [-122.345792404783, 44.2296102069985], [-122.346285355295, 44.2299703409729], [-122.346981553234, 44.2299266811532], [-122.347512379413, 44.2298582522959], [-122.347242096107, 44.2303331247059], [-122.346942631927, 44.2304505170359], [-122.346116027356, 44.2303028640088]]], [[[-122.368869503696, 44.2380097020453], [-122.368938823093, 44.2377242349251], [-122.369205656869, 44.2375589629056], [-122.36953773708, 44.2374893342382], [-122.36964018365, 44.2372040499516], [-122.370172827121, 44.2369687796882], [-122.370707243867, 44.2365667720391], [-122.371438156301, 44.2363802291924], [-122.371770226631, 44.2363105939813], [-122.372266938389, 44.2363371450138], [-122.37249657742, 44.2365527940736], [-122.372793237958, 44.2366973478827], [-122.373058287679, 44.236698803086], [-122.373523641047, 44.2365584308279], [-122.373516152691, 44.2371583971033], [-122.373747188602, 44.2372430363091], [-122.373745798909, 44.2373740431533], [-122.373446477561, 44.2374795952543], [-122.373328747953, 44.2376456951666], [-122.373112000645, 44.2377755201106], [-122.372781567944, 44.2376903339674], [-122.372534725277, 44.2375341430684], [-122.372305511149, 44.2375603151115], [-122.371952290884, 44.2378837681651], [-122.371587839882, 44.2378817640024], [-122.371091878217, 44.2377837510939], [-122.370727934763, 44.2377341051627], [-122.370495505564, 44.2377804661664], [-122.370095637584, 44.2379926480321], [-122.369630011128, 44.23815682601], [-122.369232936009, 44.2381069931074], [-122.368869503696, 44.2380097020453]]], [[[-122.728751460706, 44.1535777648222], [-122.728092044287, 44.1535168268117], [-122.72767962774, 44.1535395938187], [-122.727059501834, 44.153343216815], [-122.726603181026, 44.1530871169198], [-122.726516007613, 44.1527893981377], [-122.726502918261, 44.152428103877], [-122.726518313588, 44.1522900109035], [-122.726519785029, 44.1519712530105], [-122.725889501872, 44.1519085769579], [-122.725576872882, 44.1517534650109], [-122.725577973318, 44.1515159867577], [-122.725710841336, 44.1513144479603], [-122.725942768376, 44.1510893999479], [-122.726339334149, 44.1509241148822], [-122.726718419606, 44.1509725178349], [-122.726965246103, 44.1510918492231], [-122.727496822376, 44.151314812772], [-122.728396833679, 44.1513594577176], [-122.72876601521, 44.1513072078006], [-122.729105143603, 44.1513717652686], [-122.729898798868, 44.1515262852407], [-122.730062471015, 44.1517997738228], [-122.730523161228, 44.1520383408441], [-122.730636875367, 44.1524185757667], [-122.730255992381, 44.1527620231117], [-122.72982611528, 44.1529984870244], [-122.729495349304, 44.1531995618152], [-122.729164419835, 44.1534362579357], [-122.728751460706, 44.1535777648222]]], [[[-122.734307139191, 44.1955583431896], [-122.734448800816, 44.1950290011735], [-122.734630061976, 44.194542697066], [-122.735009200433, 44.1943002152766], [-122.735267607113, 44.1943580749968], [-122.735723899175, 44.1946597569275], [-122.735981541389, 44.1948893990392], [-122.736429858208, 44.1951779631667], [-122.737142357873, 44.1951796048869], [-122.737810535562, 44.1949193810231], [-122.738508158228, 44.1948555397508], [-122.738597862196, 44.1951393192863], [-122.738503817569, 44.1958371291851], [-122.738289457982, 44.1963165312542], [-122.737742931947, 44.1964897842124], [-122.737106121632, 44.1965101329726], [-122.736559008098, 44.1968142589916], [-122.73684581232, 44.1974109097365], [-122.736823747002, 44.1978975836792], [-122.736872591099, 44.1983580023133], [-122.736742049718, 44.1984978982796], [-122.736395605446, 44.1984970996846], [-122.735725343666, 44.1982774669879], [-122.735488626809, 44.197949791688], [-122.735468368901, 44.1976381968302], [-122.73549644844, 44.1971171900288], [-122.734700337181, 44.1966185979607], [-122.734403604778, 44.1962313920244], [-122.734307139191, 44.1955583431896]]], [[[-122.69470774677, 44.1169125937119], [-122.694860223213, 44.116636757872], [-122.695012696063, 44.1163609239691], [-122.69550083969, 44.1163371126777], [-122.695860054413, 44.1165306022796], [-122.696301120929, 44.1166238568453], [-122.696719806819, 44.1165496300976], [-122.696895424762, 44.1162905948244], [-122.697174548388, 44.1162411102721], [-122.697535047702, 44.1161834679946], [-122.697943516153, 44.1158329670651], [-122.698223912693, 44.1155323529731], [-122.698480600895, 44.115323755689], [-122.698933706633, 44.115333322033], [-122.699692704895, 44.1154772110618], [-122.69994060398, 44.1156871157276], [-122.700063420748, 44.116016265215], [-122.699770544812, 44.1164937887484], [-122.69922854898, 44.1170005503161], [-122.698521476936, 44.1173275133205], [-122.697847462893, 44.1175709552354], [-122.69740654909, 44.1185939697729], [-122.697032448385, 44.1190366397131], [-122.696879933315, 44.1193208492492], [-122.6965505741, 44.1194897871085], [-122.695891679603, 44.1194201910605], [-122.695422652125, 44.1190571022624], [-122.69472957673, 44.1188398512793], [-122.693866959597, 44.1187573190803], [-122.693674569209, 44.118275465894], [-122.694205484322, 44.1178958281596], [-122.694596266742, 44.1176963156929], [-122.694706799048, 44.117096752702], [-122.69470774677, 44.1169125937119]]], [[[-122.770789118861, 44.1720868400897], [-122.770819508867, 44.1718637688204], [-122.770803839554, 44.171492686816], [-122.771035628253, 44.1712794212246], [-122.771365848952, 44.1712088378894], [-122.771861911228, 44.1709129818044], [-122.772358993092, 44.1707830609717], [-122.773030101983, 44.1706850852027], [-122.773261682273, 44.1707093662085], [-122.77346293544, 44.1710115390236], [-122.77382516401, 44.1708931377378], [-122.774188916123, 44.1706801257783], [-122.774832078426, 44.1707407651348], [-122.77491571607, 44.1700636932068], [-122.77500529607, 44.1697066832784], [-122.775172009912, 44.169365699955], [-122.775657109149, 44.1693984037533], [-122.77612015205, 44.1694310611405], [-122.776363332286, 44.169280726053], [-122.77650720197, 44.1691460701709], [-122.776738872092, 44.1691227112294], [-122.777167905675, 44.1694013600134], [-122.777176841217, 44.1699570002555], [-122.777263690339, 44.1703222941867], [-122.777483262849, 44.1705846588718], [-122.777437926673, 44.1709100069345], [-122.777338346627, 44.1709971247482], [-122.776974422038, 44.170996414698], [-122.776514065997, 44.1709340507346], [-122.776083701111, 44.1713131748562], [-122.776081905379, 44.1717881289168], [-122.775734514282, 44.1720367998496], [-122.775321400642, 44.1722140970278], [-122.775024942225, 44.1720829007367], [-122.774447801605, 44.172010518784], [-122.774124842887, 44.1722634902253], [-122.77437954761, 44.1726040811621], [-122.774659510263, 44.1727352472998], [-122.774728544894, 44.1728811259234], [-122.774639381712, 44.173127012714], [-122.774385275268, 44.1732455731685], [-122.773839801159, 44.1734529659261], [-122.774281315037, 44.1738150991851], [-122.774752927866, 44.1740285379428], [-122.775091713102, 44.1742310867268], [-122.774839890175, 44.1744537231655], [-122.774190059679, 44.1745161929364], [-122.77340760371, 44.1745146440626], [-122.773245288918, 44.1744930699993], [-122.772714097124, 44.1744176370639], [-122.772315979061, 44.1742893411265], [-122.772124955011, 44.174055202109], [-122.771919540848, 44.1737254057613], [-122.771831822158, 44.1735020977883], [-122.771788639244, 44.1732151272134], [-122.771731308762, 44.1727687481733], [-122.771452495952, 44.1723325510727], [-122.770789118861, 44.1720868400897]]], [[[-122.236288650201, 44.2086399331859], [-122.236231944947, 44.2085070491086], [-122.236174950436, 44.20837348282], [-122.236653466818, 44.2080998341195], [-122.236558133108, 44.2078365339727], [-122.236485703744, 44.2076452251517], [-122.236453119153, 44.2075643760491], [-122.236163098064, 44.2069430939098], [-122.2363069399, 44.2060626821246], [-122.236344360122, 44.20572943875], [-122.23710595721, 44.2057345278797], [-122.237870316617, 44.2055252421279], [-122.238434462209, 44.2054337211138], [-122.239494375429, 44.2054169609633], [-122.24051597191, 44.2058048921527], [-122.242331992613, 44.2062219070895], [-122.242435606095, 44.205889101856], [-122.242672890687, 44.2054618978865], [-122.243288698391, 44.2052654529021], [-122.243292334771, 44.2051314523204], [-122.243044147326, 44.2049164782769], [-122.241497338238, 44.2041677692945], [-122.240834188421, 44.202605048029], [-122.240529443944, 44.2023017021435], [-122.239988520701, 44.202067939053], [-122.23947900256, 44.2018804149094], [-122.23897837774, 44.2010024467901], [-122.238444291574, 44.2002393382536], [-122.237556235051, 44.1996349808767], [-122.236923830074, 44.1990553419576], [-122.236133565051, 44.1983135268933], [-122.235473661744, 44.197388444971], [-122.234744437245, 44.1968771951895], [-122.234302238851, 44.1964369160462], [-122.232959562929, 44.1963588576936], [-122.23238524212, 44.1962399167086], [-122.232235215382, 44.1956727378494], [-122.232227633601, 44.1956622499908], [-122.231938564726, 44.1956887362741], [-122.231555860855, 44.1961862438955], [-122.231290911746, 44.1964153989524], [-122.230988112121, 44.1965631421199], [-122.230218499366, 44.1964968082226], [-122.230016634447, 44.1964123841499], [-122.229978133552, 44.1963870832462], [-122.229948899678, 44.1963600659343], [-122.229919767313, 44.1963321830043], [-122.229887734289, 44.1962979168599], [-122.229866566387, 44.1962673829803], [-122.229838334134, 44.1962323342739], [-122.229812866896, 44.1962003666977], [-122.22978761705, 44.1961677659994], [-122.229771633326, 44.1961378670895], [-122.229759100031, 44.1961080660608], [-122.229751684439, 44.1960775172695], [-122.229743783756, 44.1960422668609], [-122.229736416672, 44.1960064342053], [-122.229726383389, 44.1959712172451], [-122.229717465813, 44.1959363828332], [-122.229709716945, 44.1959011658313], [-122.229704333342, 44.1958743331408], [-122.229722217003, 44.1958484658799], [-122.229712183719, 44.1958209833116], [-122.229698316426, 44.195783832779], [-122.229685116581, 44.1957452169905], [-122.2296745488, 44.1957106329838], [-122.22966603367, 44.1956793832503], [-122.229644916972, 44.1956501667956], [-122.229628432887, 44.1956203159275], [-122.229579782826, 44.1955721660102], [-122.22956049959, 44.1955457002844], [-122.229543066884, 44.1955165668472], [-122.229526033928, 44.1954785331148], [-122.229524232806, 44.1954389342882], [-122.229531516346, 44.1953932168453], [-122.229519966706, 44.1953414838218], [-122.22950358413, 44.1952903329861], [-122.22949656739, 44.1952602829202], [-122.229492451309, 44.1952309831733], [-122.229490066282, 44.1952035672997], [-122.229471216034, 44.1951497499161], [-122.229455299684, 44.1951178500235], [-122.229446315633, 44.1950856158437], [-122.229438699716, 44.195052284158], [-122.229430649912, 44.1950233340357], [-122.229418832575, 44.1949932168507], [-122.22940413434, 44.1949640502929], [-122.229391082717, 44.1949359992449], [-122.229378583559, 44.19490690093], [-122.229369833069, 44.1948736837872], [-122.229365832871, 44.1948445667635], [-122.229358499924, 44.1948137171814], [-122.229347316797, 44.1947792672384], [-122.229337598822, 44.1947413992001], [-122.22933361659, 44.194708949695], [-122.229330084415, 44.1946730331435], [-122.229322898791, 44.1946398332589], [-122.229313450311, 44.1946083169564], [-122.229301833297, 44.1945737831642], [-122.229292301274, 44.1945441172434], [-122.229276649927, 44.194513384081], [-122.229257766441, 44.1944872328309], [-122.229240983217, 44.1944582160915], [-122.229220001267, 44.1944252498843], [-122.229210165612, 44.1943990831374], [-122.229211048656, 44.1943676491475], [-122.229208115657, 44.1943348342469], [-122.229200167363, 44.1943018666825], [-122.229187767019, 44.1942707669153], [-122.229171665616, 44.1942439502285], [-122.229156682615, 44.1942191172803], [-122.229146633162, 44.1941893339593], [-122.229143066851, 44.1941449842079], [-122.229142850357, 44.194115399869], [-122.229140583009, 44.1940857330735], [-122.229134016324, 44.194055965787], [-122.229117332813, 44.1940170828624], [-122.229096134369, 44.1939769497574], [-122.229076783759, 44.1939387160113], [-122.229053783295, 44.1938998497553], [-122.229022933351, 44.1938601171876], [-122.228991683657, 44.1938212167436], [-122.228963366963, 44.1937803003043], [-122.228937033749, 44.1937404330433], [-122.228902717206, 44.1937096157311], [-122.228862966755, 44.1936887668414], [-122.228830783712, 44.1936687327066], [-122.228783084069, 44.1936159502486], [-122.22875986711, 44.1935799840807], [-122.228733683914, 44.1935476827192], [-122.228691233127, 44.1935162167151], [-122.228644850414, 44.193492734102], [-122.228596601002, 44.193466666774], [-122.228559016389, 44.1934377500091], [-122.228532683175, 44.1934030158649], [-122.228511551206, 44.1933629171224], [-122.228489234359, 44.1933247332164], [-122.22845651592, 44.1932842331556], [-122.228437583925, 44.1932467332175], [-122.228408834243, 44.1932113832146], [-122.22840266641, 44.1931834002495], [-122.228385666692, 44.193153199037], [-122.228358017446, 44.1931207170972], [-122.228341582768, 44.1930914169306], [-122.228326516224, 44.1930632329533], [-122.228309501234, 44.1930334831848], [-122.228289084324, 44.1930007667309], [-122.228272083707, 44.1929708172635], [-122.228256465598, 44.1929416497047], [-122.228239916834, 44.1929122167668], [-122.228221398962, 44.192883833036], [-122.228202832582, 44.1928601002641], [-122.2281700836, 44.1928176341205], [-122.228134583977, 44.192793467205], [-122.228093233626, 44.1927861831848], [-122.228045783714, 44.1927691167137], [-122.228020733294, 44.1927421840512], [-122.228017749989, 44.1927146330486], [-122.22798578344, 44.1926917330191], [-122.227936666255, 44.1926771340363], [-122.227884966414, 44.1926590331219], [-122.227850649872, 44.192617232825], [-122.227821167164, 44.1925849831073], [-122.227784498832, 44.1925564169405], [-122.22777083366, 44.1925260498747], [-122.227736283556, 44.1924880657397], [-122.22768401598, 44.1924579498354], [-122.227627501169, 44.1924344333078], [-122.227590316306, 44.1924226167498], [-122.227550534413, 44.1923769658851], [-122.227524999801, 44.1923333342245], [-122.227512267081, 44.1923065507931], [-122.227492065766, 44.1922821331146], [-122.227462533651, 44.1922584657982], [-122.227429082187, 44.1922390327634], [-122.227390816651, 44.1922178497113], [-122.227358134144, 44.1922011502108], [-122.227316233126, 44.1921858831777], [-122.227274715688, 44.1921709839203], [-122.227239817038, 44.1921555172092], [-122.227179516726, 44.1921254842236], [-122.227144566872, 44.1921144327921], [-122.227082483404, 44.1921032667091], [-122.227037098719, 44.192083865828], [-122.227017510955, 44.192062126863], [-122.227013582622, 44.19205776696], [-122.227041239055, 44.1920302091966], [-122.2271810771, 44.1918421069082], [-122.227219026429, 44.1918530488936], [-122.227263339424, 44.1918088912585], [-122.227313546265, 44.1917699997661], [-122.22735709659, 44.1917507147137], [-122.227394180841, 44.1917342920448], [-122.227485626642, 44.1917106142028], [-122.22758755219, 44.1916900357731], [-122.227643793015, 44.1916815278214], [-122.227701375923, 44.1916691230467], [-122.227758709099, 44.1916627940921], [-122.227819982286, 44.1916554191137], [-122.227881419865, 44.1916529457583], [-122.227942105554, 44.1916460319564], [-122.228014860109, 44.1916408340445], [-122.228085603336, 44.1916412952223], [-122.228158022819, 44.1916447321564], [-122.228224826934, 44.1916539099805], [-122.228291881678, 44.1916676982913], [-122.228359272392, 44.1916847141973], [-122.228421047738, 44.1917018550542], [-122.228478798631, 44.1917187440622], [-122.228531185683, 44.1917383157505], [-122.228628835249, 44.1917798062138], [-122.228679628691, 44.1918010957002], [-122.228745258707, 44.1918106090766], [-122.228811980176, 44.1918276668079], [-122.228872496982, 44.1918482020349], [-122.228928991132, 44.1918636668943], [-122.228990514051, 44.1918795510592], [-122.22905270891, 44.1918937579825], [-122.229119091714, 44.1919097677387], [-122.229184136029, 44.1919222568399], [-122.229246077563, 44.1919292562746], [-122.229311120979, 44.1919321057728], [-122.229376751894, 44.191928626989], [-122.2294355089, 44.1919192392311], [-122.229492506106, 44.1919038162527], [-122.229555538195, 44.1918772451793], [-122.229607255104, 44.1918527281314], [-122.229655366176, 44.1918233081757], [-122.229735246167, 44.1917552891254], [-122.22976374522, 44.1917145947553], [-122.229785536552, 44.1916702972461], [-122.229802803968, 44.1916242799479], [-122.229818478672, 44.1915785151024], [-122.229836080261, 44.1915264218963], [-122.229850832395, 44.1914781411011], [-122.229864159801, 44.1914241618655], [-122.229875727406, 44.1913651121771], [-122.229885367228, 44.1913051400687], [-122.229888885929, 44.1912443698501], [-122.229887964257, 44.1911849837572], [-122.229887227639, 44.1911794302568], [-122.229685854996, 44.19065371778], [-122.229996510388, 44.1896791531424], [-122.229576088954, 44.1889140467202], [-122.229876438872, 44.1876926987906], [-122.229239005126, 44.1878313272781], [-122.228857347793, 44.1881574800528], [-122.228382342925, 44.1880256403078], [-122.228187828022, 44.1877098878312], [-122.228120422036, 44.1871886341454], [-122.2265283154, 44.1865351726873], [-122.226200722274, 44.1862709239361], [-122.22580443408, 44.1861967757125], [-122.225577400163, 44.1858379219344], [-122.225187981386, 44.1852397568052], [-122.225262295416, 44.1846209151675], [-122.225713555116, 44.1840505942338], [-122.225361757783, 44.1836972390798], [-122.224866044053, 44.1835139590301], [-122.224426097735, 44.1835109732004], [-122.224419852648, 44.1839872629791], [-122.224447310552, 44.1843327000305], [-122.224157046918, 44.1845148631017], [-122.223706864298, 44.1846959382358], [-122.223099784626, 44.1846457779271], [-122.222878321162, 44.18446013668], [-122.222881948559, 44.1841839612127], [-122.223109154952, 44.1839323228416], [-122.222887995119, 44.1837236682541], [-122.222536184311, 44.1837212738012], [-122.222410370764, 44.1835593011059], [-122.22251176361, 44.1831456901019], [-122.222965659866, 44.183029392003], [-122.223067963603, 44.1828014062987], [-122.223367364003, 44.1826891022109], [-122.223594409598, 44.1826477522262], [-122.223772673079, 44.1821185119914], [-122.223936809655, 44.1817973931642], [-122.224374413166, 44.1816239978047], [-122.224735325704, 44.181643751936], [-122.224790001664, 44.1815200398401], [-122.225114122801, 44.1809831329326], [-122.225188836582, 44.180773317971], [-122.224726447654, 44.1805258582996], [-122.224828178267, 44.1803407439408], [-122.224968127703, 44.1802702300756], [-122.225330213441, 44.1803763000848], [-122.226026842571, 44.1801785377662], [-122.226739229049, 44.1802103600625], [-122.228310975369, 44.1801403607802], [-122.22853007267, 44.1799155689543], [-122.228965316307, 44.1796922361049], [-122.229694378212, 44.1795415928159], [-122.230619195594, 44.1794488318737], [-122.231348986032, 44.1792416148202], [-122.231902843219, 44.1789625010011], [-122.232298766697, 44.1787388907379], [-122.2325969921, 44.1784721969113], [-122.232973811107, 44.1782060301634], [-122.233368809321, 44.1780531198214], [-122.234099304038, 44.1777893220383], [-122.234442014014, 44.1776817842705], [-122.234788690052, 44.1774935382652], [-122.235450663077, 44.1771542260784], [-122.235545217947, 44.1768671882329], [-122.235947608397, 44.1764649228888], [-122.236782393926, 44.1758987978209], [-122.237415212128, 44.1755933500523], [-122.23818040607, 44.1752887827233], [-122.238515349212, 44.1749813422424], [-122.238787163247, 44.1744352687376], [-122.239164992859, 44.1733658401427], [-122.238570513855, 44.1732665948754], [-122.23780596131, 44.1735235278908], [-122.236812501861, 44.1735645369965], [-122.236348250725, 44.1736328978993], [-122.235323232562, 44.1735545780407], [-122.234463075016, 44.1735249962529], [-122.233206090287, 44.1734689227038], [-122.231916011623, 44.1734126152197], [-122.231551660333, 44.1734339847902], [-122.231052763872, 44.1736211961235], [-122.230749336325, 44.1740479318806], [-122.230345351366, 44.1743965880627], [-122.229951405079, 44.1748026063147], [-122.22942014142, 44.174932422294], [-122.22905145576, 44.1747774791118], [-122.228364938067, 44.1741509571959], [-122.228204434278, 44.173768736134], [-122.228014564563, 44.1731004628146], [-122.22858369311, 44.1726040656987], [-122.229149398177, 44.1723696738623], [-122.229750053098, 44.1719925887106], [-122.230152757959, 44.1715665249286], [-122.230123692069, 44.1712566559079], [-122.229901647396, 44.170516704232], [-122.229771753701, 44.1703252607098], [-122.229312484622, 44.1700124888618], [-122.229220651647, 44.1694401651016], [-122.229227786067, 44.1688923282449], [-122.229165635226, 44.1685822351143], [-122.229138436934, 44.1681294508661], [-122.229803371704, 44.1678957262038], [-122.23142764701, 44.1676922761031], [-122.232623574148, 44.1673429990651], [-122.233520125141, 44.1671108081118], [-122.234415437357, 44.1669738848835], [-122.23587513771, 44.1666978047118], [-122.236936815221, 44.1664905119201], [-122.238298140169, 44.1661422806857], [-122.23873815925, 44.1659436290637], [-122.239446582361, 44.1660240043012], [-122.239950841764, 44.1662962161913], [-122.240581707927, 44.1661336640127], [-122.241509163661, 44.1660683629671], [-122.243000074182, 44.1659353261766], [-122.243462085817, 44.1659090643013], [-122.244656125594, 44.1658271816903], [-122.244789704179, 44.1657327811206], [-122.244861658335, 44.1652806561207], [-122.245129935703, 44.1648530849405], [-122.245108480341, 44.16409123212], [-122.245050502174, 44.1634476802463], [-122.245091793236, 44.1628047838142], [-122.245222367854, 44.1626210302604], [-122.245472241437, 44.1620046848813], [-122.246031524448, 44.1617415808923], [-122.246484437048, 44.1615158869679], [-122.24710106132, 44.1609361766998], [-122.246742549978, 44.1605050341044], [-122.246149095952, 44.1603343717371], [-122.245619998131, 44.1603070582112], [-122.245161329127, 44.1599467122056], [-122.245628799824, 44.1596163040049], [-122.245959065439, 44.1596661272907], [-122.246027059821, 44.1595236489893], [-122.245862837905, 44.1594272811225], [-122.245667047394, 44.1592115977256], [-122.245573857065, 44.1587345600277], [-122.245943573992, 44.1582843998656], [-122.246642024905, 44.1580031561301], [-122.247044512373, 44.1575770293209], [-122.24857916456, 44.1565866468152], [-122.249009577955, 44.1565656558991], [-122.249903790633, 44.1565000671331], [-122.250534222012, 44.1563612792619], [-122.25077425994, 44.1556958616911], [-122.250496404735, 44.1552719797714], [-122.250731314182, 44.1550114882225], [-122.25122758307, 44.1550147423196], [-122.252038710568, 44.1551324401006], [-122.253163289913, 44.1551636191649], [-122.25349864089, 44.1548084938229], [-122.253173504656, 44.1543537682883], [-122.252034510944, 44.1528455848024], [-122.251811956027, 44.152129494246], [-122.250931067161, 44.1511470552165], [-122.250867312827, 44.1509560670489], [-122.250486303179, 44.1496910469752], [-122.250299271242, 44.14878461715], [-122.250183231366, 44.1474975121654], [-122.25005814725, 44.146924982865], [-122.249968559165, 44.1461621179359], [-122.249949957751, 44.1450185801038], [-122.249864294405, 44.1439460648338], [-122.249684228903, 44.1424917909595], [-122.249600685582, 44.1412525413031], [-122.249510809138, 44.140513494878], [-122.249286818713, 44.1399164932884], [-122.249227911688, 44.13934439782], [-122.24855793198, 44.1386420750435], [-122.24789180784, 44.138212089238], [-122.247307751091, 44.1376665682566], [-122.246912709758, 44.1370449071415], [-122.246247353678, 44.136556879852], [-122.245582010175, 44.1360688491738], [-122.244865668414, 44.1353676762955], [-122.244498267344, 44.1346881520608], [-122.244046842355, 44.1342789100125], [-122.243516823761, 44.133714380055], [-122.243201188109, 44.1331899592466], [-122.242888524983, 44.1324334107525], [-122.242894949734, 44.1319304689132], [-122.243224902734, 44.131332942749], [-122.243445691563, 44.1308701108835], [-122.24363937283, 44.1304264457479], [-122.244457175708, 44.1294839250566], [-122.245108147066, 44.1289852440025], [-122.246242524335, 44.1284897491734], [-122.246758204021, 44.1280675469452], [-122.246711620983, 44.1275062177406], [-122.246531008407, 44.1269246587399], [-122.246350396729, 44.1263431011064], [-122.246330674217, 44.125781948961], [-122.24633559429, 44.1253950696942], [-122.246124198246, 44.1251228367829], [-122.245611245846, 44.1253322519351], [-122.245178362981, 44.1255808852381], [-122.244669594934, 44.1254614500501], [-122.244084703649, 44.1249932871392], [-122.244009319725, 44.1245865308147], [-122.244366816869, 44.1239311460309], [-122.244613435855, 44.1235458648255], [-122.245636358249, 44.1233591678204], [-122.246711750341, 44.1232695356891], [-122.247682424921, 44.122966403233], [-122.248707043334, 44.122644271101], [-122.2491037196, 44.1219479778071], [-122.249388038184, 44.12154753377], [-122.249829285262, 44.1212180881439], [-122.250609551138, 44.1208576260123], [-122.251068251583, 44.1206865239839], [-122.251501189245, 44.1205381257439], [-122.251815832258, 44.1206189000953], [-122.252238743822, 44.1207790961595], [-122.252620357138, 44.1211222922896], [-122.253022770046, 44.1211865377593], [-122.253882180194, 44.1213933099995], [-122.254380142407, 44.1213790686806], [-122.254904142288, 44.1212250611474], [-122.255391391193, 44.121097048718], [-122.255938899088, 44.1210044112633], [-122.256498433627, 44.1209205949164], [-122.257069780114, 44.1208630906931], [-122.257363549873, 44.1206725901017], [-122.257561183727, 44.1204027511529], [-122.257649338101, 44.1201496921439], [-122.257714527045, 44.1197915321925], [-122.25803527411, 44.119764704852], [-122.258656995423, 44.1194398647745], [-122.25909050082, 44.1191331476887], [-122.259739546189, 44.1187697888486], [-122.260279968172, 44.1185024498781], [-122.2610351989, 44.1182365001127], [-122.261229429037, 44.1177347697716], [-122.261342620356, 44.1172712070775], [-122.261481452288, 44.1169045380248], [-122.260820195221, 44.1167231328948], [-122.260272437595, 44.116435875849], [-122.259328779847, 44.1163162770643], [-122.258544529943, 44.116046393068], [-122.258236132018, 44.1155147959231], [-122.25845111234, 44.1151189956998], [-122.258641256939, 44.114609549861], [-122.258569124917, 44.1140794883157], [-122.258711256361, 44.1132103631728], [-122.258862682674, 44.1127520949734], [-122.258651886704, 44.112373616235], [-122.258449515135, 44.1120753238588], [-122.258406623275, 44.1118205270964], [-122.257826715844, 44.1115840911006], [-122.25740110574, 44.1112478260047], [-122.256110562647, 44.1113347158587], [-122.255565887141, 44.111455683696], [-122.254849045917, 44.1116391631173], [-122.254514849275, 44.1119228380772], [-122.254085660283, 44.1118723927257], [-122.253395887096, 44.1115105687885], [-122.253033423167, 44.1114129138447], [-122.25266945995, 44.1114343542424], [-122.252242981175, 44.1111695291181], [-122.251983006037, 44.1108105078564], [-122.252549227636, 44.1104807159886], [-122.253015365233, 44.1102217308666], [-122.25367835515, 44.1100831347608], [-122.254540897723, 44.1098505546978], [-122.254904391122, 44.1099690410518], [-122.255205517185, 44.1096851490246], [-122.255601331068, 44.1097591928304], [-122.256065955903, 44.1096192908072], [-122.256764977246, 44.1092426999252], [-122.25749078725, 44.1093665261765], [-122.258245053187, 44.1093879002364], [-122.258530383274, 44.1085959570643], [-122.259279650086, 44.1084392832748], [-122.259228905154, 44.1078532452763], [-122.259164871444, 44.1076860808495], [-122.258771744421, 44.1073976749507], [-122.258779780749, 44.1067545511617], [-122.258817303379, 44.1063974749509], [-122.259378091966, 44.1064963979309], [-122.259602953757, 44.1070219239298], [-122.260256982081, 44.1075978730139], [-122.261140058344, 44.1083658692828], [-122.261281902328, 44.1086511389368], [-122.261698643364, 44.1085392213096], [-122.262390804274, 44.1087104410741], [-122.262591524739, 44.1085211668137], [-122.262897640046, 44.1078323228193], [-122.263046151325, 44.106523108739], [-122.263288204175, 44.1056671022848], [-122.263786426899, 44.1054797437357], [-122.264317998681, 44.1052687759014], [-122.264585997571, 44.1049846458521], [-122.26514796385, 44.1049882619991], [-122.265776486308, 44.1052197800963], [-122.266337281184, 44.1051596642773], [-122.266669617415, 44.1050188689402], [-122.266891738445, 44.10498833876], [-122.266972858112, 44.1044520938611], [-122.26697756708, 44.1040709830245], [-122.266948926993, 44.1037134790527], [-122.266955695798, 44.1031656332756], [-122.266959228872, 44.1028797978675], [-122.267365014954, 44.1021439398408], [-122.267071638657, 44.1018085589904], [-122.266413485269, 44.1015661216982], [-122.266383079992, 44.1013515351396], [-122.26661593589, 44.1012339230262], [-122.267243386658, 44.1012855921615], [-122.267935773045, 44.1014329588726], [-122.26849682394, 44.1015080167716], [-122.269356250257, 44.1015135161412], [-122.269958859014, 44.1008980138421], [-122.269601712214, 44.1003716612166], [-122.268813107277, 44.0999854748462], [-122.268550730942, 44.0998170450513], [-122.268322584013, 44.0995535496995], [-122.268060212169, 44.0993851199644], [-122.26816583608, 44.0988617272112], [-122.268271752842, 44.0983145138527], [-122.268409839173, 44.0978389710637], [-122.268185520863, 44.0972658222591], [-122.268289378686, 44.0968853450718], [-122.268525443367, 44.096505713798], [-122.268729333987, 44.0960544139894], [-122.268567890561, 44.0957437020499], [-122.26850560587, 44.0954336258897], [-122.268772659733, 44.0952209441547], [-122.269363478102, 44.0955582229926], [-122.269957819664, 44.0956096648333], [-122.270226334187, 44.0952778810772], [-122.270329297288, 44.0949688611798], [-122.270692860755, 44.094971183106], [-122.270989151187, 44.0950683587644], [-122.271383427155, 44.0952614450973], [-122.271973383141, 44.0956701697122], [-122.272565393575, 44.0959121537706], [-122.272765455575, 44.0957704990054], [-122.272769250957, 44.0954608468513], [-122.273001195964, 44.0954146790142], [-122.27326356601, 44.0955830981242], [-122.273258896567, 44.0959642101293], [-122.273816698257, 44.0963012569919], [-122.274511663707, 44.0962342077639], [-122.274872614873, 44.0964508921899], [-122.27493464534, 44.096784784775], [-122.274730216629, 44.0972837356828], [-122.274955762935, 44.0977615950769], [-122.275508063342, 44.0985512042053], [-122.275637337199, 44.0991551788975], [-122.275990393072, 44.0993192141449], [-122.276292797438, 44.0993631133045], [-122.277212725289, 44.0994449242615], [-122.277560659867, 44.0993756607078], [-122.277825815589, 44.0993177839332], [-122.278193957769, 44.0992836620528], [-122.278354740934, 44.0991626970445], [-122.278713744552, 44.0989084819928], [-122.278833967883, 44.0988037402636], [-122.278929600732, 44.0985990230339], [-122.278657393234, 44.097808848122], [-122.278431527127, 44.0973548158001], [-122.27770755867, 44.0970882057283], [-122.277711328001, 44.0967785520876], [-122.277849045124, 44.0963268169538], [-122.277457351813, 44.095919376852], [-122.276802004762, 44.0955549191676], [-122.276161878765, 44.0946536286918], [-122.275940256299, 44.0943957419753], [-122.275882678781, 44.0937138999583], [-122.275608134766, 44.0935125251762], [-122.27629385206, 44.0928070560822], [-122.276713237737, 44.0924880790256], [-122.277086318854, 44.0921798961995], [-122.27746007281, 44.0918162632521], [-122.278711092725, 44.0907788900827], [-122.279175804697, 44.0906150737411], [-122.279508317896, 44.0904504207561], [-122.279777771158, 44.0907119991207], [-122.279936307636, 44.0906562682082], [-122.280142661437, 44.0905699938106], [-122.279951245721, 44.0893574289251], [-122.280090663355, 44.0887627731746], [-122.279763652337, 44.0884748550218], [-122.279302719578, 44.0883290200555], [-122.278979767149, 44.0877076262807], [-122.279489827872, 44.0871921608695], [-122.27852387843, 44.087040738789], [-122.277728723877, 44.087202464763], [-122.277295632604, 44.0874855827142], [-122.277033286811, 44.0873171728054], [-122.27660773959, 44.0869809787284], [-122.276448603936, 44.0864797218734], [-122.276421653579, 44.0859793021857], [-122.276558776017, 44.0855752068059], [-122.276696474275, 44.0851234712679], [-122.276337326926, 44.0847638762695], [-122.27644314128, 44.0842166531209], [-122.276675910042, 44.0840990198316], [-122.27697534817, 44.0839341660935], [-122.277539435372, 44.0837471619799], [-122.278199757293, 44.0837989799683], [-122.278660072011, 44.0839924579972], [-122.279349049291, 44.0844100652565], [-122.279473044648, 44.0840793201576], [-122.279713283799, 44.0838902638686], [-122.279979494144, 44.0837394837791], [-122.280273526211, 44.0834745371696], [-122.280460193432, 44.0833423118548], [-122.280681412554, 44.0829715418749], [-122.280425561581, 44.0828688458823], [-122.280262759004, 44.0823953509541], [-122.280528841788, 44.082073048014], [-122.28005778771, 44.0816436919851], [-122.280008153096, 44.0813765787284], [-122.280013236662, 44.0809573542], [-122.280148184279, 44.0807295181238], [-122.280413455884, 44.0806549610726], [-122.280702620879, 44.0807901821307], [-122.281003040867, 44.0809948242042], [-122.28121697016, 44.0803609039097], [-122.281685050813, 44.0799112406967], [-122.281986182266, 44.0796034550387], [-122.282449644681, 44.0795349032732], [-122.282911092174, 44.0796330851898], [-122.282907065027, 44.0799665596924], [-122.282936359088, 44.0805333829819], [-122.283030719922, 44.080652359163], [-122.283099985421, 44.0809570651004], [-122.283538109955, 44.0809985302261], [-122.283897028233, 44.080879093988], [-122.283771812066, 44.0805807788558], [-122.283774800761, 44.0803330539112], [-122.283961450015, 44.0802008248017], [-122.284279123944, 44.0801646997872], [-122.28448968186, 44.0802422478663], [-122.284763049083, 44.0803582477805], [-122.285252497064, 44.0801453246901], [-122.285841594261, 44.0800708507944], [-122.285852831286, 44.0800545848251], [-122.286662215154, 44.0797086637879], [-122.28716875538, 44.079630831066], [-122.287699510592, 44.0797693559451], [-122.288036234195, 44.0799156359914], [-122.288451342993, 44.0799404041255], [-122.288691391702, 44.0798529757472], [-122.28873578824, 44.079780833686], [-122.288851199296, 44.0794890979393], [-122.288881832745, 44.0792674268548], [-122.288900290429, 44.0788944107427], [-122.288775103008, 44.0786004267877], [-122.288499390284, 44.0784988912701], [-122.288455630652, 44.0782989831716], [-122.288474072166, 44.0780440079213], [-122.288630831777, 44.0778009853173], [-122.288834008236, 44.0775360689037], [-122.288775129957, 44.0773138858376], [-122.288530056073, 44.0772236320981], [-122.288237635584, 44.0772329019377], [-122.287821614996, 44.0772857640025], [-122.287545774711, 44.0771953172597], [-122.287417879768, 44.076996239846], [-122.287017409916, 44.0767714830045], [-122.286568079797, 44.0766059976931], [-122.286123055304, 44.0760826440587], [-122.286247176425, 44.075768906261], [-122.286221133366, 44.0754325400681], [-122.285324065842, 44.074971429139], [-122.285323290596, 44.0749409828328], [-122.284450553941, 44.0752834131676], [-122.28342601458, 44.0753008130786], [-122.282435379434, 44.075246952138], [-122.282135998798, 44.0754118216928], [-122.281775153633, 44.0756280777268], [-122.281672845404, 44.0756148231227], [-122.281380105114, 44.075073568973], [-122.280823038247, 44.0746889212014], [-122.280326859189, 44.0747334388471], [-122.279634462921, 44.0746099679493], [-122.278973084581, 44.0746534382021], [-122.277887979905, 44.0742177990741], [-122.275930777277, 44.0730524131948], [-122.274915312696, 44.0717881996827], [-122.276121072793, 44.0706037769284], [-122.27665014097, 44.0705690130646], [-122.276942727648, 44.0704184081446], [-122.27692436788, 44.0700551177489], [-122.276777302888, 44.0701999411962], [-122.276386101853, 44.0702083091811], [-122.275879067554, 44.0698472022857], [-122.275612428713, 44.0695093069578], [-122.275559277194, 44.0689341686792], [-122.275429730249, 44.0684561538285], [-122.275026412737, 44.0682258453049], [-122.274530734042, 44.0681684711897], [-122.27447832004, 44.0687638670893], [-122.274450905254, 44.0688193849761], [-122.274904458353, 44.0696013590283], [-122.27500008132, 44.0698878238717], [-122.274861533255, 44.0704110167198], [-122.27491946471, 44.0710783846925], [-122.274420693114, 44.0713372547113], [-122.273660526145, 44.0713562467337], [-122.272639844149, 44.0710638950273], [-122.272367756128, 44.0705989911056], [-122.271790030704, 44.0702903947586], [-122.27126330174, 44.0701345792221], [-122.270763004806, 44.0699789297967], [-122.268539701427, 44.0680780556934], [-122.267882969174, 44.0677498759916], [-122.267249615576, 44.067669587069], [-122.26521191222, 44.0677241958894], [-122.26467672472, 44.0661199477657], [-122.266040098725, 44.0648709410195], [-122.268589977438, 44.0648114671086], [-122.268786339278, 44.0647027817354], [-122.270540087868, 44.0644757770788], [-122.270938838344, 44.064287750972], [-122.271767029341, 44.0641024611684], [-122.272794293292, 44.0638469677373], [-122.273226065839, 44.0636591429657], [-122.273890237041, 44.0633775079717], [-122.273962708626, 44.0628538959862], [-122.274362309807, 44.0625943982209], [-122.275087630229, 44.0626559109469], [-122.275591685715, 44.061844636012], [-122.276021520595, 44.0618215476938], [-122.275795517944, 44.0615553448735], [-122.274907123654, 44.0612638517222], [-122.274316030401, 44.0609742407909], [-122.274782554274, 44.0606437023046], [-122.275217203226, 44.0602176728171], [-122.274958760613, 44.05973960307], [-122.274598031331, 44.0595229197277], [-122.274436655279, 44.0592122147271], [-122.272488626246, 44.0585502221402], [-122.272027971066, 44.0580081147243], [-122.271383728091, 44.057195248681], [-122.270925572024, 44.0564509616838], [-122.271212531655, 44.055913620122], [-122.272240463055, 44.055920172806], [-122.273469298177, 44.0547822499565], [-122.273104581273, 44.0540385659683], [-122.273576751058, 44.053637189979], [-122.274321838907, 44.0538441139114], [-122.275166954164, 44.0535124948962], [-122.276947320734, 44.0531193972927], [-122.278162091831, 44.0531270788209], [-122.279207142425, 44.0517183448991], [-122.278843188191, 44.0509072881109], [-122.278944804718, 44.0502339619714], [-122.279877565902, 44.0503746378635], [-122.280524301702, 44.0509852838622], [-122.281273457123, 44.0508552050163], [-122.281472559723, 44.0498455061423], [-122.281576589124, 44.0489700029798], [-122.281957666146, 44.0483658270933], [-122.281040419766, 44.0469447268051], [-122.281609985792, 44.0462069447997], [-122.281524699739, 44.0455324410659], [-122.282931059028, 44.0451368962326], [-122.283683383706, 44.0447372349622], [-122.285174225955, 44.0450835560462], [-122.286111777854, 44.0448198310968], [-122.28687135463, 44.0438136221042], [-122.288085938878, 44.0438211970048], [-122.287794345737, 44.0447629347209], [-122.287785464094, 44.0455042440807], [-122.288628772838, 44.0453073077591], [-122.28947288288, 44.0450429729706], [-122.290125293338, 44.0451818222333], [-122.290566983285, 44.0450485189148], [-122.290781728249, 44.0449837090132], [-122.2916310584, 44.0452124627058], [-122.291700896125, 44.0456096412937], [-122.291461928989, 44.046244820991], [-122.291899128258, 44.0461065617991], [-122.292184111595, 44.0460618450583], [-122.292474377924, 44.0460446199287], [-122.292696247427, 44.0461809518782], [-122.292852150044, 44.0463584377969], [-122.292719883898, 44.046541164224], [-122.29299908478, 44.046480100943], [-122.293245011166, 44.046597070992], [-122.29334531705, 44.0467123491154], [-122.293396638701, 44.0467713311164], [-122.293395363991, 44.0468077012118], [-122.293389262634, 44.0469816746795], [-122.293252134806, 44.0471629328447], [-122.29300746696, 44.0472779748398], [-122.293015681155, 44.04748794082], [-122.293285997699, 44.047563337064], [-122.293563941838, 44.0474880667269], [-122.293797985308, 44.0475747823102], [-122.29381833215, 44.0475823212177], [-122.293995945251, 44.0477474040669], [-122.294234913286, 44.0478655041228], [-122.294026119661, 44.0480094210969], [-122.294266428881, 44.0481255939523], [-122.294449070752, 44.0482939042719], [-122.294563904191, 44.0484329647953], [-122.294599442442, 44.048475999724], [-122.294589553787, 44.0485485402257], [-122.294570775405, 44.0486863017221], [-122.294663646832, 44.0488823971351], [-122.294938406443, 44.0489397712172], [-122.294991194144, 44.0490374589529], [-122.295042761035, 44.0491328899507], [-122.2951288403, 44.0491994063061], [-122.295238227254, 44.0492839318983], [-122.295381221979, 44.0495598217554], [-122.294350583057, 44.0500422427205], [-122.293684556834, 44.050543606159], [-122.293553965148, 44.0509656248156], [-122.29355090369, 44.0509755179351], [-122.295294353095, 44.0505381672604], [-122.297166346027, 44.0502801121252], [-122.297176239173, 44.0502748552747], [-122.297945780961, 44.0501709810512], [-122.300132432178, 44.0489666352153], [-122.300999961299, 44.0478476822706], [-122.302286896758, 44.0477187890937], [-122.302449805337, 44.0477024722639], [-122.304904628819, 44.0461437419995], [-122.305099927053, 44.0460197271961], [-122.305307548377, 44.0459979428179], [-122.305440259188, 44.0459499200456], [-122.307002424976, 44.045740882935], [-122.309699021034, 44.0446871642765], [-122.310393114219, 44.0445294133162], [-122.312705663425, 44.0440037872641], [-122.315712306714, 44.0436108409276], [-122.316968556622, 44.043960758772], [-122.317613741032, 44.0441404629098], [-122.318718620322, 44.0450863157796], [-122.319737890166, 44.0458337532541], [-122.320385758742, 44.0463767831049], [-122.320370347245, 44.0477246279233], [-122.318773433724, 44.0484564818911], [-122.317597121301, 44.0490697742081], [-122.317768364449, 44.0492635640012], [-122.317805628363, 44.0494266961594], [-122.317691253065, 44.0495413508849], [-122.31745060518, 44.0497291261776], [-122.31692881156, 44.049868801219], [-122.316583162297, 44.0500650418618], [-122.316604181976, 44.0502794806834], [-122.316976158166, 44.0511125648773], [-122.317041118039, 44.0513105207247], [-122.317069142781, 44.0522856892473], [-122.317302977843, 44.0528405967841], [-122.317404332959, 44.0530976716942], [-122.31753472522, 44.0534358492191], [-122.318523257409, 44.0546479172094], [-122.319418318097, 44.0543673936847], [-122.320275710629, 44.0544916059953], [-122.320335260847, 44.0548175783048], [-122.320878216978, 44.0546798168663], [-122.321179582891, 44.0546273807189], [-122.321226082385, 44.0546147172994], [-122.321241598985, 44.0532563411406], [-122.32277901978, 44.0528365481124], [-122.322857047445, 44.0525875681557], [-122.323488344799, 44.0526129978671], [-122.323938956814, 44.052659046096], [-122.32452329833, 44.0528468728379], [-122.324777815304, 44.0529459861079], [-122.325078924299, 44.0529152289054], [-122.325623450685, 44.0526364661728], [-122.325828803762, 44.0525433760328], [-122.325844109258, 44.0511942927806], [-122.326043985307, 44.0500497270793], [-122.327635517021, 44.0497895172142], [-122.328196154692, 44.0497928152016], [-122.328280455293, 44.0506020717048], [-122.328872126164, 44.0513083333138], [-122.330657354416, 44.0510892050803], [-122.331994441919, 44.0530860170446], [-122.3321594822, 44.0531195167315], [-122.332472943928, 44.053327410892], [-122.332666841689, 44.0534695327074], [-122.332982048844, 44.0537474548104], [-122.333282612562, 44.0538216642072], [-122.333782878055, 44.054005720154], [-122.33400546082, 44.054314950159], [-122.3342272351, 44.0546966301756], [-122.334372852906, 44.0551503210907], [-122.334847814655, 44.0553523377653], [-122.33532156278, 44.0556630281587], [-122.335920695057, 44.0559925582882], [-122.336411107828, 44.0563838227414], [-122.336810770095, 44.056792489316], [-122.337002407694, 44.0571822791644], [-122.33719454296, 44.0575279038663], [-122.33705586464, 44.0578804431155], [-122.336746689672, 44.0581436560845], [-122.33640046908, 44.0584331530414], [-122.336029048948, 44.0587659568506], [-122.336038106661, 44.0593316462801], [-122.336093922583, 44.0598421507061], [-122.336443805606, 44.0601880019588], [-122.336578875394, 44.0604882409486], [-122.336529021591, 44.0608206781644], [-122.336295480278, 44.0610744126807], [-122.335893627919, 44.06124953201], [-122.335660206082, 44.0614921752354], [-122.335363277846, 44.0619119017394], [-122.334974812182, 44.0622645497988], [-122.334510434384, 44.0625280279493], [-122.334119473199, 44.0631024771039], [-122.334301175431, 44.0633586257067], [-122.334358593948, 44.0637249600672], [-122.334170177707, 44.0640676799308], [-122.333981635702, 44.0644214899441], [-122.334023178292, 44.0648320943083], [-122.334341321142, 44.0652664928394], [-122.334835859875, 44.065058645759], [-122.335194205028, 44.0646503693101], [-122.335430247251, 44.0641748340659], [-122.335664052668, 44.0638989219251], [-122.335905800091, 44.0632357481806], [-122.336020885957, 44.0628035720839], [-122.33615968016, 44.0624422018302], [-122.33650957576, 44.0618258842986], [-122.336676118023, 44.0611731661776], [-122.337102156623, 44.0603187807241], [-122.33726612701, 44.0598957196795], [-122.337564241921, 44.0595264379496], [-122.338404750616, 44.0588511227343], [-122.338739502417, 44.0584908839018], [-122.339073266969, 44.0582189742079], [-122.339787522842, 44.0578785929313], [-122.340145778163, 44.0576068218047], [-122.340786038907, 44.0573101762911], [-122.341832648977, 44.0568215292126], [-122.342864941697, 44.056518294869], [-122.343528405925, 44.0563366037442], [-122.344288881017, 44.056243802185], [-122.345050910195, 44.0560096662565], [-122.3451411271, 44.0556038368035], [-122.345412729133, 44.0554110548633], [-122.345744695258, 44.0552981197356], [-122.346306459416, 44.0554515062364], [-122.346438373422, 44.0557084361762], [-122.34646121758, 44.0558587370078], [-122.346483965618, 44.0560178722692], [-122.346960194889, 44.0561530992677], [-122.347057386315, 44.0557459331425], [-122.347030116158, 44.0552217042637], [-122.347364073848, 44.0548901097483], [-122.34789254734, 44.0548931272631], [-122.348318794349, 44.0551814180053], [-122.348612668312, 44.0554927742524], [-122.349009260137, 44.0559729402845], [-122.349349150302, 44.0559953168678], [-122.34979092469, 44.0557729812734], [-122.350218188592, 44.0555812212046], [-122.350559417246, 44.0554809567399], [-122.350582926157, 44.0553080560316], [-122.350865503806, 44.0552301602298], [-122.351223498617, 44.0549760191216], [-122.351493341748, 44.0549422170551], [-122.351883643569, 44.0550946018709], [-122.352306831815, 44.0550922751516], [-122.352802711733, 44.0551053058117], [-122.353070910948, 44.0551068248931], [-122.353354866612, 44.0549704347256], [-122.353710735111, 44.0549106132223], [-122.354334813603, 44.0549671428369], [-122.355191129953, 44.0550691486926], [-122.355632350979, 44.0550451377606], [-122.356172515146, 44.0549333459301], [-122.356748273259, 44.0549277557197], [-122.357249109183, 44.0550542451563], [-122.357750234364, 44.0551542320928], [-122.358066396429, 44.0553680152897], [-122.358505330345, 44.0555559857988], [-122.358805906639, 44.0556399613167], [-122.359216987391, 44.055632045766], [-122.359716243178, 44.055593965116], [-122.359989560095, 44.0553611378126], [-122.36042081611, 44.0551250448288], [-122.36091321326, 44.0548981267566], [-122.361590752291, 44.0545397380504], [-122.362070541586, 44.0544494489352], [-122.362198059237, 44.0539710382185], [-122.362462800837, 44.0539248722182], [-122.362757763558, 44.05414091172], [-122.363670742043, 44.0542663007936], [-122.3639231354, 44.054217249823], [-122.364306955877, 44.0541069606878], [-122.365186540389, 44.0540198660136], [-122.36521252326, 44.0537560607681], [-122.365312960299, 44.0535269449562], [-122.365558106048, 44.0535106407018], [-122.366219302928, 44.0535319768457], [-122.366454083916, 44.0533389402453], [-122.366981965418, 44.0532270289833], [-122.36733432869, 44.0534939891043], [-122.367512128641, 44.053545211862], [-122.367754548902, 44.053287275064], [-122.367858957392, 44.0527875999022], [-122.368288326047, 44.0527899738423], [-122.368683655739, 44.0528874460475], [-122.369045957072, 44.0529847340916], [-122.369574415293, 44.052987649696], [-122.37017120117, 44.0527765481996], [-122.370733189009, 44.0527320017727], [-122.37109246841, 44.0531151252573], [-122.371153737106, 44.0535680722791], [-122.371713717209, 44.0537140820179], [-122.37207827062, 44.0524962082056], [-122.372952028659, 44.0523294922514], [-122.374376099133, 44.0518229672756], [-122.374708134428, 44.0516580333049], [-122.375302884723, 44.0516374647872], [-122.376167610202, 44.0510704732037], [-122.37703580228, 44.0502136202268], [-122.376912683679, 44.0493553731494], [-122.376944298987, 44.0488600559582], [-122.37665786487, 44.0484582910471], [-122.376365809097, 44.0483882071967], [-122.376192364178, 44.0487122722374], [-122.375497560425, 44.0488275836927], [-122.374903339238, 44.0488005117283], [-122.374768978221, 44.0490141719427], [-122.373973835345, 44.0492480340076], [-122.373473916601, 44.0496740817294], [-122.372812125935, 44.0497895578903], [-122.372255449835, 44.0493338908739], [-122.371632478965, 44.0489016778701], [-122.37163953074, 44.0482347120078], [-122.372137686989, 44.0479754142502], [-122.372536008969, 44.0477870290477], [-122.372310616275, 44.0472378949603], [-122.372217072908, 44.0467133060206], [-122.37278151674, 44.0464305469895], [-122.373377471676, 44.0462908870849], [-122.373678712723, 44.0459113940979], [-122.374741014564, 44.0453931367613], [-122.375109290593, 44.0449187201805], [-122.376016334807, 44.0441287877719], [-122.376465056766, 44.0441693521025], [-122.376754667325, 44.0442662192576], [-122.377177569906, 44.0442494682041], [-122.37739231487, 44.0439266637209], [-122.377527402624, 44.043641540973], [-122.37800513298, 44.0434345129482], [-122.377981108436, 44.0432056949206], [-122.378318000024, 44.0431932389189], [-122.378136914036, 44.0427912948027], [-122.378140900759, 44.0424101708784], [-122.378311744157, 44.041863203118], [-122.378318470741, 44.0412200570251], [-122.37894812867, 44.0410090872925], [-122.380008061654, 44.040705161751], [-122.380477566137, 44.040016882059], [-122.380880768664, 44.0393520627747], [-122.381052073795, 44.0387574501804], [-122.381254412127, 44.0383535780338], [-122.382278295718, 44.0383352967561], [-122.382705335939, 44.0385520001497], [-122.383097135252, 44.0389829047866], [-122.38318754799, 44.0398171500812], [-122.383878774652, 44.0400352738883], [-122.384502483937, 44.0403959601334], [-122.384762713298, 44.0407785079783], [-122.385685110619, 44.0409978661435], [-122.386310561737, 44.0411917992245], [-122.386671593751, 44.0414081318462], [-122.386468296918, 44.0419072947259], [-122.386595963689, 44.0423367698466], [-122.387221185737, 44.0425545188941], [-122.387910986772, 44.0429155410776], [-122.388304324001, 44.0432035072104], [-122.388167817807, 44.043631565268], [-122.387965997804, 44.0439878077654], [-122.388160707642, 44.0443223528801], [-122.388752932772, 44.0445399170597], [-122.389080480085, 44.0448037071802], [-122.388945934913, 44.0450412030982], [-122.388582666992, 44.0450392601773], [-122.387756815208, 44.0450586590355], [-122.387127635183, 44.0452220371642], [-122.386525329158, 44.0459810960459], [-122.386554913376, 44.0463147562861], [-122.38694482443, 44.0469362108989], [-122.387139537861, 44.0472707580874], [-122.387632711155, 44.0474877961884], [-122.388424592248, 44.0475635030027], [-122.388785178698, 44.047827468841], [-122.388616130134, 44.0482077101503], [-122.388152783603, 44.0483005172004], [-122.387787534896, 44.0484891332094], [-122.387583733209, 44.0490359371331], [-122.387120869971, 44.0490810977793], [-122.386492874824, 44.049125371256], [-122.386555731741, 44.0494353892628], [-122.386196555646, 44.0497566612955], [-122.386233504252, 44.0499775422321], [-122.386863296928, 44.0504001840955], [-122.387491724165, 44.0509562152779], [-122.387636739201, 44.0513218303091], [-122.388023047113, 44.0512775190905], [-122.388191618671, 44.0509449198277], [-122.388490583387, 44.0507797690589], [-122.388752108119, 44.0510432072818], [-122.389145501043, 44.051331168769], [-122.389240912008, 44.0516890029272], [-122.389105128059, 44.0520455998393], [-122.38893680264, 44.0523543810411], [-122.388541442405, 44.0522569789773], [-122.387917831037, 44.0518724947664], [-122.387350774005, 44.0518130362056], [-122.387222276292, 44.0520593387766], [-122.386726609274, 44.0520805011241], [-122.385821121841, 44.0520658893045], [-122.385653830382, 44.0523756407723], [-122.385651413016, 44.0523809490863], [-122.385860736647, 44.0527666747495], [-122.385856798432, 44.0531477991864], [-122.385717788634, 44.0538140557227], [-122.385178788684, 44.054111767212], [-122.385173673676, 44.0541567322436], [-122.385636359947, 44.0544242291871], [-122.385830322386, 44.0546196109382], [-122.386305080217, 44.0549048370783], [-122.386706808609, 44.0551455010933], [-122.387008641646, 44.0555711338868], [-122.387063658966, 44.0557244957936], [-122.387352055003, 44.0554903397352], [-122.387192309392, 44.0549654087688], [-122.387196238623, 44.0545842856999], [-122.38729950266, 44.054179871971], [-122.387794943302, 44.054182527984], [-122.388750343828, 44.0544258586837], [-122.389045405364, 44.0546418317981], [-122.389139840759, 44.0550949472635], [-122.389233544026, 44.0556195220084], [-122.389393310297, 44.0561444497587], [-122.389920819897, 44.0562425542768], [-122.390056853577, 44.0558621347229], [-122.390161811837, 44.0552909782035], [-122.390563056935, 44.0548166893182], [-122.391024740685, 44.0548906152498], [-122.391386605438, 44.0550354719245], [-122.391812580257, 44.0553712419515], [-122.39207462691, 44.0555870308533], [-122.392500853258, 44.0558989782601], [-122.39322533106, 44.05611722168], [-122.393484954957, 44.0565712109429], [-122.393677304921, 44.0571439477385], [-122.393872331864, 44.0574546642379], [-122.394270650251, 44.0572662039583], [-122.394567201194, 44.0573392411111], [-122.394661684199, 44.0577923501389], [-122.394394033855, 44.0581244338765], [-122.394555550045, 44.0584826130305], [-122.394918416419, 44.058532178204], [-122.395012658675, 44.0590091079742], [-122.39520575963, 44.0595103832365], [-122.394937618806, 44.0598901079892], [-122.394405700275, 44.0602207907643], [-122.393547334869, 44.060168595145], [-122.392785633576, 44.0603551218432], [-122.392418131895, 44.0607581332627], [-122.391655932936, 44.0609922930202], [-122.390926762335, 44.0612266229161], [-122.390828639357, 44.0611308137607], [-122.390535494825, 44.0607242841454], [-122.389742940894, 44.060855897043], [-122.389706454921, 44.0612390751255], [-122.3897137708, 44.0613283229837], [-122.389695817969, 44.0616961649357], [-122.389765740136, 44.0617885228687], [-122.389976968195, 44.0619225173027], [-122.390314182278, 44.0622104917309], [-122.390509352952, 44.06252836878], [-122.390874289943, 44.0628778140261], [-122.391155133843, 44.0631348227693], [-122.391380336095, 44.0632893308667], [-122.391605223937, 44.0634744966969], [-122.39166097518, 44.063566778914], [-122.391459407603, 44.0638723203177], [-122.391264678901, 44.0641953530443], [-122.391614513415, 44.064420661778], [-122.39190749086, 44.0646964520716], [-122.392188568323, 44.0647588882436], [-122.392413157923, 44.0648986078768], [-122.392981600157, 44.0641523411572], [-122.393001803268, 44.0641258177686], [-122.393048722275, 44.0638362847417], [-122.393139976735, 44.063297921882], [-122.393313100057, 44.0631398370591], [-122.393656458616, 44.0631063262577], [-122.394245085096, 44.0630476129176], [-122.394564571825, 44.0629521372091], [-122.395043487059, 44.0628398367987], [-122.395457914934, 44.0630452032404], [-122.396166884221, 44.0631991228709], [-122.396679765654, 44.0633608372015], [-122.397133015122, 44.0633632300828], [-122.398038438775, 44.0634740067607], [-122.39857645507, 44.0635740098182], [-122.398918740143, 44.0636464788958], [-122.399209705362, 44.063948352174], [-122.39929098942, 44.0643904592039], [-122.399458473119, 44.0647888498627], [-122.399602261955, 44.0651076148091], [-122.399796035748, 44.0653294731969], [-122.400184569685, 44.065676023076], [-122.400376564814, 44.0660745412781], [-122.400900576373, 44.0663511307051], [-122.401930070842, 44.0663123572579], [-122.402206308182, 44.0662827159184], [-122.402225854624, 44.0662194157753], [-122.401882012771, 44.0657391269295], [-122.401685476658, 44.0655713470716], [-122.401389835708, 44.0654030471257], [-122.401459508143, 44.0650460891389], [-122.401822898235, 44.0650479933199], [-122.402251160165, 44.0651693418062], [-122.402646868048, 44.0652428759142], [-122.402965389987, 44.0658334117574], [-122.403230498098, 44.0661336518095], [-122.40355824843, 44.0664357060456], [-122.403751064619, 44.066754720956], [-122.403869848849, 44.0671263509748], [-122.404051217807, 44.0673658041332], [-122.404440143409, 44.0676770072362], [-122.405025973433, 44.067900898856], [-122.405477490051, 44.0680799210497], [-122.405695531832, 44.0683283963143], [-122.405776339783, 44.0688234958084], [-122.405773777788, 44.069079655801], [-122.4060172374, 44.0694475677049], [-122.406161378375, 44.0694865262751], [-122.406447681338, 44.0690743257481], [-122.406635684354, 44.0686512898351], [-122.40661480032, 44.0682890058215], [-122.406679408054, 44.0679536659845], [-122.407048612042, 44.0677877442145], [-122.407281290972, 44.0677977849145], [-122.407377535573, 44.0679749562605], [-122.40743552991, 44.0683020987678], [-122.407468756795, 44.0686556143216], [-122.407698622202, 44.0689483141995], [-122.408260414207, 44.0691278966949], [-122.408554003405, 44.0691735848341], [-122.408674403704, 44.0693862137141], [-122.408708079748, 44.069695562834], [-122.408520791791, 44.0700479366891], [-122.408643569931, 44.070483241847], [-122.408909776682, 44.0705728817411], [-122.40946572874, 44.0698938199374], [-122.409785669118, 44.0697541372666], [-122.410399198694, 44.0696601349298], [-122.410914455273, 44.0695921247831], [-122.411356376087, 44.0695060668669], [-122.412079465094, 44.0694832887646], [-122.412581274791, 44.0693690799208], [-122.413007831719, 44.0692384057004], [-122.413390346944, 44.069260812124], [-122.413531995094, 44.0692717587706], [-122.414056965156, 44.0692233501796], [-122.414554087445, 44.0691236942312], [-122.415081069733, 44.0688708797623], [-122.41566202999, 44.0688942938618], [-122.416357290986, 44.0688263041347], [-122.416829035868, 44.0686596076942], [-122.417356525704, 44.0685916299611], [-122.417904733386, 44.0685889068226], [-122.418179340283, 44.0683926507569], [-122.418361296739, 44.0682202770039], [-122.418247305021, 44.0679199223175], [-122.418284541986, 44.0674913252752], [-122.418551635375, 44.0672068258817], [-122.418885732304, 44.0668273817159], [-122.418624936105, 44.0664687321512], [-122.418326910128, 44.0665386790659], [-122.417930239252, 44.0665604810619], [-122.417870001822, 44.0659646356941], [-122.417907239686, 44.0655360380491], [-122.417980314041, 44.0648217658631], [-122.418517635938, 44.064414173293], [-122.418784342153, 44.0641677859101], [-122.419336164655, 44.0644945647459], [-122.419966861036, 44.0643792599126], [-122.420168327104, 44.0640467800655], [-122.420206476757, 44.0635229003069], [-122.419619298361, 44.0627576298611], [-122.420018734253, 44.0624499789761], [-122.420647312406, 44.0623578809263], [-122.421437330393, 44.0625224287733], [-122.421075727948, 44.0622736980425], [-122.420946563685, 44.061968127086], [-122.421188306616, 44.061569151321], [-122.421780671884, 44.0613154750857], [-122.422145200142, 44.0611982132777], [-122.422674429117, 44.0611294232939], [-122.422936845876, 44.0613213209668], [-122.423241160958, 44.0618903007244], [-122.423447520149, 44.0620856810795], [-122.423543975854, 44.0622451720683], [-122.423848935028, 44.0623792138823], [-122.424414311312, 44.0621877250225], [-122.424648938688, 44.0619945681695], [-122.424906270084, 44.0619870298056], [-122.424990392819, 44.0621552910494], [-122.425062353263, 44.0623146579118], [-122.425280884626, 44.0625189300948], [-122.425266668786, 44.0627220312626], [-122.425252879647, 44.0628809660451], [-122.425090724755, 44.0631804922961], [-122.425138271684, 44.0633309032618], [-122.425380623673, 44.063605962116], [-122.425649015127, 44.0637221489169], [-122.426216402739, 44.0631892518041], [-122.426416197939, 44.0628679138578], [-122.42620316786, 44.0622423918323], [-122.425969924788, 44.0617647902988], [-122.425548568207, 44.0611200889612], [-122.42558459604, 44.0608105898026], [-122.42598053479, 44.0608602227445], [-122.426312016723, 44.0607427799314], [-122.426645338406, 44.0604347732148], [-122.42711239498, 44.0599606862692], [-122.427408312611, 44.06010509803], [-122.42815522943, 44.0614428449285], [-122.428550257288, 44.0615877507723], [-122.428978551558, 44.0611529960276], [-122.428835954786, 44.060540433704], [-122.428867326651, 44.0600260459215], [-122.428921009074, 44.0598212190086], [-122.428277023915, 44.0590851221909], [-122.427918714694, 44.0585592541123], [-122.427562936027, 44.0577713609071], [-122.42780402229, 44.0567482422291], [-122.428469223859, 44.0562751399726], [-122.429097265719, 44.056230636849], [-122.42959409875, 44.0560901892002], [-122.429830342195, 44.0555672952181], [-122.429932633356, 44.0552343029942], [-122.430560662639, 44.0551897919869], [-122.431090057803, 44.0550971429272], [-122.431551340006, 44.0552185473177], [-122.431913078096, 44.0553870970083], [-122.432605804944, 44.0554858251293], [-122.433594897683, 44.055681304735], [-122.434118167234, 44.0562317950217], [-122.434179238301, 44.0567561711876], [-122.434475837753, 44.056829105032], [-122.435731473213, 44.0567876700978], [-122.436261100141, 44.0566711772419], [-122.436758372448, 44.0564830559796], [-122.437547504696, 44.0568680886918], [-122.438304744955, 44.0571338510033], [-122.438632582423, 44.0573974991763], [-122.439087376095, 44.0582096658844], [-122.440635390722, 44.058693685794], [-122.441427939262, 44.0587213852337], [-122.442121614732, 44.0587247750379], [-122.442714406699, 44.0589182401581], [-122.443306086553, 44.0592308052356], [-122.443798005799, 44.0596143463027], [-122.443793545664, 44.0600907547981], [-122.443365010646, 44.0599933809518], [-122.443135342869, 44.0598255112176], [-122.442775334035, 44.0594664331951], [-122.442017597008, 44.0592483409123], [-122.441387963334, 44.0594715291344], [-122.44104119477, 44.0606323247828], [-122.440034097996, 44.0623934552142], [-122.440531794308, 44.0622221439392], [-122.441029778979, 44.0620201720042], [-122.441188423255, 44.0619246991574], [-122.441272354649, 44.0618476099225], [-122.441630427612, 44.0614507597024], [-122.441645848991, 44.0613179681062], [-122.442144013325, 44.0610955511497], [-122.442441450905, 44.0611174429423], [-122.442412137081, 44.060669266055], [-122.442366870076, 44.0602715332336], [-122.442550859419, 44.0602459312247], [-122.442793363223, 44.0605121212121], [-122.442914449835, 44.0606628830262], [-122.443035537345, 44.0608136431654], [-122.443278706801, 44.061009167799], [-122.443374717841, 44.0612216420316], [-122.443433897055, 44.0614427700478], [-122.443505243051, 44.0616727899479], [-122.443760917056, 44.0618418738318], [-122.444161842354, 44.0620558930276], [-122.444598914062, 44.0623033129869], [-122.444922604907, 44.0625501780627], [-122.445197396857, 44.0628117197047], [-122.445428745382, 44.0629630153076], [-122.446110775092, 44.0628114569824], [-122.446410414443, 44.0625982790379], [-122.446839036598, 44.0622324160326], [-122.447153128944, 44.0619886429561], [-122.447386764579, 44.0618683027068], [-122.447437817634, 44.0616477101269], [-122.447562041163, 44.06146280583], [-122.447819613307, 44.0614287169804], [-122.447867871703, 44.0615084521167], [-122.447914902101, 44.0617206857147], [-122.448159403759, 44.0617748688152], [-122.44851716321, 44.0616272980677], [-122.448556439351, 44.0616114982602], [-122.448752555951, 44.0612212159839], [-122.449037821359, 44.0608427469341], [-122.44912619043, 44.0605604988406], [-122.449411203412, 44.0602085287744], [-122.449500141117, 44.0598644470711], [-122.449603185066, 44.0595882669523], [-122.449530176288, 44.0595349107307], [-122.448884602908, 44.0596866388296], [-122.448813455439, 44.0602341908344], [-122.448645635771, 44.0605192388753], [-122.448483123349, 44.0602325970021], [-122.4484868819, 44.0598276479616], [-122.448489536422, 44.0595418032161], [-122.448491748074, 44.0593035978846], [-122.44893525711, 44.0589298368514], [-122.448802179785, 44.0584669027617], [-122.448071614101, 44.0581003647917], [-122.448075686164, 44.0576620680432], [-122.448264556054, 44.0572437200451], [-122.448268803289, 44.0567863666816], [-122.448248039629, 44.0561764351174], [-122.448357631399, 44.0557577047653], [-122.449152308049, 44.0555519089068], [-122.449202330735, 44.0558570662332], [-122.449204111196, 44.0562412889379], [-122.449472531397, 44.0562048587859], [-122.449933087761, 44.0564095600551], [-122.450344516161, 44.0565494072047], [-122.450499212342, 44.0564771566834], [-122.450843561743, 44.0563286411594], [-122.451211836873, 44.0562420739645], [-122.451468976928, 44.0562521430918], [-122.45183496944, 44.0564129048011], [-122.452017068728, 44.0565904497946], [-122.452261067328, 44.0566976219821], [-122.45255308178, 44.0569110277566], [-122.45291100742, 44.0570083027349], [-122.453324907983, 44.0566934476868], [-122.453496850919, 44.0564898597306], [-122.453489512581, 44.056314827034], [-122.453700339094, 44.0560331609762], [-122.453921787286, 44.0559282161438], [-122.454117602051, 44.0559468193039], [-122.454115005022, 44.0562294812586], [-122.454137718026, 44.056423930002], [-122.454542085668, 44.0564081927182], [-122.454862008978, 44.0562507150666], [-122.455305470403, 44.0559789887608], [-122.455551251261, 44.0558918238887], [-122.455943529376, 44.0558583580493], [-122.455886186318, 44.0555174770742], [-122.456246576935, 44.0551189898094], [-122.456349460087, 44.0547049842122], [-122.456826529283, 44.0545500308445], [-122.457420938218, 44.0545671482679], [-122.457957007864, 44.054923330163], [-122.458432472669, 44.055306728696], [-122.458347916048, 44.0556663942513], [-122.458763096711, 44.0559224129845], [-122.459058638846, 44.0561143849907], [-122.45907929381, 44.0561395840059], [-122.459892307769, 44.0557404017572], [-122.459855060024, 44.0557131857588], [-122.459627312845, 44.0553309641875], [-122.459333289761, 44.0549722501386], [-122.45963446074, 44.0545448860617], [-122.459966708936, 44.0543320631312], [-122.460666173149, 44.05369218426], [-122.461135066778, 44.0529797499313], [-122.461635681716, 44.0524103920781], [-122.461938548714, 44.0517924580573], [-122.462204932433, 44.0515554960289], [-122.462766198925, 44.0515819579032], [-122.463256891072, 44.0521083398845], [-122.463649794414, 44.0524913298862], [-122.464439911216, 44.0527808951512], [-122.465110985971, 44.0531707527254], [-122.465433334732, 44.0531678468142], [-122.466641333431, 44.0534157978084], [-122.467199310292, 44.0538114577978], [-122.46791846288, 44.0536445202285], [-122.467908824856, 44.0533529668258], [-122.467911277257, 44.0530791360743], [-122.467784112643, 44.0525862937], [-122.467746910712, 44.0523145550988], [-122.467757141625, 44.0521503249378], [-122.467219899678, 44.0521745320224], [-122.466722547421, 44.0523866060363], [-122.466191090624, 44.052717625765], [-122.465796026833, 44.0525728499337], [-122.465500694904, 44.0523570739365], [-122.465303379054, 44.0522608636999], [-122.465008050717, 44.0520450878572], [-122.464382869094, 44.0517801220114], [-122.464188564396, 44.0513504222358], [-122.464456654016, 44.0509228899811], [-122.464918403344, 44.050996517969], [-122.465278925115, 44.0513078871801], [-122.465770064623, 44.0517866157548], [-122.466299590042, 44.0516699832889], [-122.466466869823, 44.0514325488124], [-122.466966140881, 44.0510060908469], [-122.467429173003, 44.0509367847779], [-122.467592606198, 44.0511281189162], [-122.467554455646, 44.0516996597069], [-122.467972404917, 44.0517437059013], [-122.468029982435, 44.0516869827487], [-122.468152082347, 44.0513302280794], [-122.468115133741, 44.0510299039144], [-122.46803701804, 44.0509009040298], [-122.467762014986, 44.0506280568754], [-122.467447766333, 44.0503121477836], [-122.467547745231, 44.050212563303], [-122.467785542761, 44.0502136712329], [-122.467963380441, 44.0502716709478], [-122.468201308227, 44.050258486206], [-122.468440513418, 44.0501023771156], [-122.468560946057, 44.049931422188], [-122.468563118183, 44.0496884507281], [-122.468466082166, 44.0494593120776], [-122.468388862086, 44.0492302661609], [-122.468389756808, 44.0491302201524], [-122.468450100239, 44.0490304503173], [-122.468570657743, 44.0488452018666], [-122.468631639876, 44.0486739701947], [-122.468593157846, 44.0485451537129], [-122.46859469127, 44.0483736461195], [-122.468655800066, 44.048188121851], [-122.468664369095, 44.0481729557328], [-122.468150046764, 44.0478909791217], [-122.46788754197, 44.0476991838452], [-122.46775949072, 44.0472459769268], [-122.46812405491, 44.0471047460665], [-122.469445516218, 44.047063246217], [-122.470567759045, 44.047139916929], [-122.471118694012, 44.0475563657032], [-122.471593126653, 44.0476871981937], [-122.47180311863, 44.0475470182544], [-122.471425162356, 44.0472868161189], [-122.471428338799, 44.0469295061311], [-122.471237388411, 44.046118689177], [-122.470978061856, 44.0455695912788], [-122.471080104184, 44.0452365609198], [-122.471773414937, 44.0452635899597], [-122.472664029863, 44.0453868127815], [-122.473160670654, 44.0452461728249], [-122.473559711287, 44.0449383321606], [-122.473960225156, 44.0444637446988], [-122.473900499766, 44.0437488211831], [-122.47429931582, 44.0434647978868], [-122.474795306231, 44.0433956127835], [-122.475221672716, 44.0437310749327], [-122.475551913177, 44.043732591723], [-122.476047483176, 44.0437110441279], [-122.476573141348, 44.0440231348042], [-122.477658335856, 44.0445521758371], [-122.478221007312, 44.0444118180112], [-122.478785137632, 44.0441047117073], [-122.4792510246, 44.0437018678332], [-122.480144339861, 44.0435153642271], [-122.480705123059, 44.0435893791688], [-122.481528229591, 44.0438789756873], [-122.482945576175, 44.0441950798731], [-122.483305530211, 44.044577853722], [-122.483866741006, 44.0446042121719], [-122.484323505582, 44.0452494581512], [-122.48514624111, 44.0455866719103], [-122.485868879162, 44.0460425362798], [-122.48553635698, 44.0463030770569], [-122.484706795154, 44.0467519502526], [-122.483910453926, 44.0471771429696], [-122.483379139962, 44.0475082447601], [-122.482749983293, 44.0476959709703], [-122.482189366284, 44.047598146076], [-122.481761688258, 44.0474056337951], [-122.481168465099, 44.0472600107614], [-122.48067494775, 44.0470433747309], [-122.47981856762, 44.0467774418726], [-122.479267707213, 44.0470506651187], [-122.479146308886, 44.0473359696813], [-122.478885071615, 44.0477492752292], [-122.478683530089, 44.0481342659396], [-122.478384409964, 44.0483472951578], [-122.477886498955, 44.0486308798827], [-122.477529811193, 44.0486292502266], [-122.477172744342, 44.0486704952331], [-122.476656141189, 44.0488253529308], [-122.476180806639, 44.0487945877773], [-122.475841412345, 44.0490788909163], [-122.475404446638, 44.0491912290488], [-122.474727293882, 44.0492022439723], [-122.47461325635, 44.0502701117123], [-122.475052012399, 44.0504721818366], [-122.475376041011, 44.0507325630256], [-122.475504905236, 44.050921441167], [-122.47563096582, 44.051428035834], [-122.475790597345, 44.0518288760743], [-122.476000734849, 44.0520534280641], [-122.476636338727, 44.0521387172324], [-122.477045485406, 44.0519993761684], [-122.477372739867, 44.0518949632871], [-122.47774852671, 44.0518378419262], [-122.478106652675, 44.0519336209249], [-122.478381858749, 44.0521820031993], [-122.478526845039, 44.0523944852202], [-122.478410462904, 44.0526410791303], [-122.478191606351, 44.0528920912663], [-122.478613771416, 44.0530978627963], [-122.478846817756, 44.0533820432723], [-122.479001555259, 44.0536432167432], [-122.479250605985, 44.0538934950961], [-122.479357842372, 44.0541997501013], [-122.479371459933, 44.0544376312146], [-122.479243361971, 44.0547201641522], [-122.479210863619, 44.054844588124], [-122.479460517114, 44.0550269190915], [-122.480010302238, 44.0550067739626], [-122.480172058278, 44.0545790331049], [-122.4805330858, 44.0543453179823], [-122.481006285953, 44.0542412249369], [-122.481446049014, 44.0542318959744], [-122.481838707116, 44.0542223533158], [-122.482467588002, 44.0541346061055], [-122.482577504063, 44.0541351038662], [-122.483031983325, 44.0542390828265], [-122.483187332581, 44.0544323062994], [-122.483390050899, 44.0546368213077], [-122.484570921374, 44.0548030343026], [-122.484868811706, 44.0547329121224], [-122.485069057861, 44.0544955996778], [-122.485039949751, 44.0540428579509], [-122.485405752717, 44.05375864772], [-122.486000287417, 44.0537613237657], [-122.486427983408, 44.0543957297742], [-122.486613563668, 44.0543858617589], [-122.486729384356, 44.0542213778095], [-122.486994116972, 44.0541653949549], [-122.48731301261, 44.0539571957821], [-122.4876309201, 44.0538633362177], [-122.487963097329, 44.0538249387282], [-122.487125536905, 44.0523691012542], [-122.48740936411, 44.0519659939977], [-122.488065226794, 44.0517667452077], [-122.48947038324, 44.0513686510748], [-122.489289864088, 44.0506264789256], [-122.489668268622, 44.0500889947677], [-122.490699607332, 44.0496892158263], [-122.491824370831, 44.0492898441786], [-122.493136578594, 44.0488238950261], [-122.493697798373, 44.0487589859491], [-122.494161561723, 44.0491654208037], [-122.494246974439, 44.0501093552789], [-122.494057792833, 44.0503781049773], [-122.493585980578, 44.0509151887978], [-122.492646936577, 44.0514501978475], [-122.492079929851, 44.0521890430976], [-122.493773832677, 44.0524382009848], [-122.493778500323, 44.051890325092], [-122.493944861127, 44.0517481329869], [-122.494636436335, 44.0519894089728], [-122.495128831688, 44.0523489100276], [-122.495757390978, 44.0522325782389], [-122.496288679789, 44.0519014189259], [-122.497046928856, 44.0520715107751], [-122.497507520255, 44.0522879308545], [-122.498099222566, 44.0526240341053], [-122.498957780213, 44.052651624692], [-122.499684820908, 44.0526071679124], [-122.500113196924, 44.0527281512988], [-122.500077964101, 44.0529900339579], [-122.499349311828, 44.0532250592151], [-122.49862165938, 44.0533409758622], [-122.498125614171, 44.0534102629774], [-122.497465223978, 44.0533835378646], [-122.497002608675, 44.0534053240458], [-122.496471109657, 44.0537603069329], [-122.495973036951, 44.0540677912129], [-122.495608495219, 44.0542091119947], [-122.495048807068, 44.0539922450753], [-122.494747487867, 44.0544673449818], [-122.495210750856, 44.0554904869296], [-122.497206802926, 44.055792547051], [-122.497421263123, 44.0554314032154], [-122.497686475439, 44.0553182260299], [-122.497792656306, 44.0552615211495], [-122.498349500391, 44.055035280183], [-122.498561217134, 44.0549980939433], [-122.498879112048, 44.0549042031033], [-122.499092113382, 44.0547145642377], [-122.499463495785, 44.0545446762418], [-122.499965715114, 44.0545278176974], [-122.500362719266, 44.054453327058], [-122.500708152934, 44.0542261488162], [-122.501314466343, 44.054400312897], [-122.501779456792, 44.0542163550171], [-122.501405750447, 44.0540264382753], [-122.501441641736, 44.0536382571714], [-122.501640105634, 44.0533213911974], [-122.501756195816, 44.0530983089165], [-122.502003606218, 44.0527816550446], [-122.502234104937, 44.0525355349603], [-122.502578324083, 44.0523487492674], [-122.503165710887, 44.0523513039996], [-122.503817380236, 44.0524718153133], [-122.504337930587, 44.0526623600641], [-122.504939871895, 44.0528767901272], [-122.505101664766, 44.0530422417159], [-122.505098921311, 44.0533717289699], [-122.505144931224, 44.0537249637506], [-122.505289920209, 44.0539491799376], [-122.505644237316, 44.0540740781119], [-122.5058943238, 44.0538694210635], [-122.506303609718, 44.0537064412392], [-122.506614115989, 44.0536489432983], [-122.507020664741, 44.0538154470069], [-122.507452625933, 44.0540967627205], [-122.507918402408, 44.0539214892408], [-122.508520737179, 44.0537468001636], [-122.508944319785, 44.053719075155], [-122.509532830382, 44.0535640197835], [-122.509930154334, 44.0534081408509], [-122.510217255001, 44.0533699761323], [-122.510735776956, 44.0534214430385], [-122.51089099865, 44.0534611268476], [-122.511049215328, 44.0535015756791], [-122.511472552694, 44.0535033872634], [-122.511828335852, 44.0534162671683], [-122.512143960724, 44.0532304849547], [-122.512336598148, 44.0530540267885], [-122.512448027871, 44.0527885799515], [-122.512694883115, 44.0526615969411], [-122.513037811381, 44.0524759292177], [-122.513326438285, 44.0522506318422], [-122.513587105126, 44.0521040070872], [-122.513874519305, 44.0520264402144], [-122.514079757398, 44.05197806788], [-122.51435351359, 44.0519004401532], [-122.51479025382, 44.0519318428652], [-122.515444841795, 44.0520429592255], [-122.516208357684, 44.0521939291894], [-122.516646140858, 44.0520972919288], [-122.517014604635, 44.0521283981941], [-122.517518348405, 44.0523176560303], [-122.517940157737, 44.0525065659171], [-122.518484553867, 44.0527353880461], [-122.518801577415, 44.0528916709693], [-122.519028635587, 44.0530036022334], [-122.519191870253, 44.0530830807852], [-122.519477609074, 44.0532123193133], [-122.519844893363, 44.0533788771897], [-122.520145239688, 44.0534022548062], [-122.520405497796, 44.0533048589851], [-122.520800525654, 44.0530058451047], [-122.521097383821, 44.0528177567459], [-122.521803370701, 44.0527615478891], [-122.52203262166, 44.053055604028], [-122.522700732872, 44.0531864321186], [-122.523261022895, 44.0531395288601], [-122.523536273884, 44.0528747538487], [-122.523691718361, 44.0525801028405], [-122.523890973674, 44.0522850997924], [-122.524056561029, 44.052096457134], [-122.524598467029, 44.0520395470874], [-122.525435509126, 44.0520075272129], [-122.525861618693, 44.0520684621265], [-122.526418610102, 44.0521772720566], [-122.527042172063, 44.0521680221809], [-122.527387380254, 44.0520866171432], [-122.527748521862, 44.0520644437466], [-122.528189821941, 44.0522792672229], [-122.528465737684, 44.0526590719208], [-122.528758533669, 44.0529797802753], [-122.529281130382, 44.0532896012087], [-122.529608527676, 44.0533856147992], [-122.530034746837, 44.0534347032584], [-122.530123704305, 44.0534672382048], [-122.530399540996, 44.0530472200604], [-122.5305027691, 44.0525235690104], [-122.530670360596, 44.0522145762802], [-122.531032552335, 44.0523589927293], [-122.531292275945, 44.0529317780126], [-122.531617501112, 44.0535762941248], [-122.531679994212, 44.0540291607925], [-122.531978470245, 44.0545550122902], [-122.53247060868, 44.0545688597517], [-122.532649791138, 44.0547352601606], [-122.532729410618, 44.0550432519801], [-122.532726340177, 44.0554337383141], [-122.532854440834, 44.0558365940749], [-122.532950378212, 44.056156485991], [-122.533079502051, 44.0566764561199], [-122.533077797947, 44.0568931259928], [-122.533088742122, 44.0570039328529], [-122.533285665409, 44.0570289332989], [-122.533706922276, 44.0567054670225], [-122.533709725918, 44.056348155107], [-122.534008502887, 44.0561588010481], [-122.534370540116, 44.0563270278546], [-122.534695815589, 44.0569715367111], [-122.534464471555, 44.0576773279209], [-122.534559401921, 44.0581273802147], [-122.534573401267, 44.0584351019786], [-122.534824572017, 44.0588109480435], [-122.535151266828, 44.0589501639822], [-122.535135683752, 44.0591963238982], [-122.535133526897, 44.0594720862405], [-122.535063312778, 44.0597180238564], [-122.535384102963, 44.0601455771824], [-122.535691259416, 44.0602313879103], [-122.536028064766, 44.0602750378546], [-122.53640958286, 44.0602237350617], [-122.536674002862, 44.0601508157273], [-122.537085578586, 44.0600044977982], [-122.537439510317, 44.0597311032054], [-122.537717926969, 44.0597427997986], [-122.537986704699, 44.0596412429005], [-122.538204765344, 44.0597012171373], [-122.538518581009, 44.059741881191], [-122.538722143744, 44.0599101359049], [-122.538706268716, 44.0601956909621], [-122.539228515086, 44.0603011027008], [-122.539490937235, 44.060540376897], [-122.539550217061, 44.0609934059127], [-122.540009228323, 44.0610416320943], [-122.540641492265, 44.0607904873099], [-122.540980670065, 44.0605275920905], [-122.541431666558, 44.0602611659061], [-122.541426412312, 44.0599111719983], [-122.5414002381, 44.059763333224], [-122.541552674119, 44.0594783260865], [-122.541815420559, 44.0589774992109], [-122.542080785589, 44.0588356339879], [-122.542772897092, 44.0591072090373], [-122.543363258218, 44.0591569027977], [-122.543575938853, 44.0592405852945], [-122.544642134891, 44.0590892911531], [-122.544966285673, 44.0588099958527], [-122.54521489892, 44.058884978087], [-122.54553615533, 44.0590448108022], [-122.545918952625, 44.0588243561793], [-122.546052973181, 44.0585500588145], [-122.546143178408, 44.0582544476933], [-122.54627711542, 44.0579907207039], [-122.546527340245, 44.0578542997361], [-122.547072322975, 44.0575076388672], [-122.547484821268, 44.0572344438467], [-122.548000157797, 44.0569299437111], [-122.548527897365, 44.0569214602281], [-122.548907699678, 44.057092085104], [-122.549521221169, 44.0573693362446], [-122.549723538839, 44.0577506679819], [-122.55017591784, 44.0580167090883], [-122.550629900333, 44.0580713468258], [-122.551128413213, 44.0580521659102], [-122.551876902085, 44.0579282593182], [-122.552156429055, 44.0577919402056], [-122.552523980143, 44.0576453963093], [-122.552697738574, 44.0576315037321], [-122.553066552693, 44.0576230991086], [-122.553352019324, 44.0578014958459], [-122.553596957563, 44.0579206410323], [-122.553978692151, 44.0580107718567], [-122.55410020187, 44.0581983769821], [-122.55407309341, 44.0582654209066], [-122.554162185625, 44.0582810866852], [-122.554805199705, 44.0579807048084], [-122.555134275051, 44.0581487372898], [-122.55569344757, 44.0582706880224], [-122.556038033228, 44.0582720282027], [-122.556266961692, 44.0583794168364], [-122.556560994657, 44.0585580578973], [-122.55698656793, 44.0587017080974], [-122.557231201639, 44.0589038217546], [-122.55727822575, 44.0591998382661], [-122.557407734966, 44.0594370046856], [-122.557448130407, 44.0597872260452], [-122.557501952968, 44.0598957739049], [-122.557500045844, 44.0601518382602], [-122.557484407972, 44.0604176988019], [-122.557467743325, 44.0608214418278], [-122.557465980831, 44.0610578096881], [-122.557591834802, 44.0613272126796], [-122.557758524389, 44.0613548321331], [-122.558547636874, 44.0616855648243], [-122.558837744202, 44.062098929031], [-122.559070160824, 44.0623852262009], [-122.558979542371, 44.0627442678017], [-122.558860782396, 44.0629446467348], [-122.558713173923, 44.0630814910454], [-122.558636067929, 44.0635048753148], [-122.558770529557, 44.0637910127025], [-122.559001042649, 44.0640184292295], [-122.55917787242, 44.0641176012606], [-122.559943043006, 44.0640811552987], [-122.560054206827, 44.0638255107289], [-122.560068667008, 44.0637172282738], [-122.560181800835, 44.0631956687723], [-122.560482865813, 44.0631180370307], [-122.560704896113, 44.0626461411349], [-122.561018960611, 44.0626571968051], [-122.561469973274, 44.0626195331549], [-122.561701072966, 44.0627681542558], [-122.561822473989, 44.0627058289486], [-122.562043835044, 44.0625921866974], [-122.562043951825, 44.0625763658454], [-122.562046303615, 44.062257332936], [-122.562020947767, 44.0619913141113], [-122.562023780156, 44.0616072158635], [-122.562108267606, 44.061262827272], [-122.562532026282, 44.0612152048381], [-122.562749391631, 44.0613736207905], [-122.562883580172, 44.061699149182], [-122.563265774698, 44.0619573863002], [-122.563454704775, 44.0621800859827], [-122.563759893918, 44.0625406438451], [-122.563903842654, 44.0629005849877], [-122.563945645756, 44.0631967151364], [-122.564072766352, 44.0638525609786], [-122.56429016943, 44.0641916420971], [-122.56462453765, 44.0645734488699], [-122.564754301988, 44.0648699140497], [-122.564786689847, 44.0649227568201], [-122.564942625703, 44.065177170878], [-122.565719081823, 44.0650660481799], [-122.566245519733, 44.0648905489748], [-122.566836735157, 44.0648336247589], [-122.567281202695, 44.0646459767545], [-122.567463184304, 44.0644455003014], [-122.567430278117, 44.0637807602446], [-122.567240791084, 44.0636320571252], [-122.566920452752, 44.06333487311], [-122.566789448739, 44.0632075331579], [-122.566392440096, 44.0627492801881], [-122.566395376688, 44.0623469588216], [-122.566529678417, 44.0619333039267], [-122.56679430593, 44.0616503077079], [-122.56718995093, 44.0614033078383], [-122.567502165797, 44.0613453241896], [-122.56799026361, 44.0613622679389], [-122.568283123376, 44.0614056562575], [-122.56854536137, 44.0616286239706], [-122.568629113999, 44.0617373188609], [-122.569002079234, 44.0617617899177], [-122.569180205273, 44.061683670218], [-122.569398161714, 44.0617632842986], [-122.569600748879, 44.0620792129951], [-122.56977694893, 44.0622670072759], [-122.570055647654, 44.0619738347616], [-122.570287750763, 44.0618556008136], [-122.570892381628, 44.0617575210879], [-122.571064898587, 44.0617985200455], [-122.571310693818, 44.062251328996], [-122.571514842255, 44.0624639730594], [-122.571776483768, 44.0625565879995], [-122.572071439303, 44.0626168600915], [-122.572267251374, 44.0627714250546], [-122.572988529377, 44.06288062328], [-122.57301060817, 44.0628819801392], [-122.573569953165, 44.0628327691187], [-122.574035463738, 44.0626769216856], [-122.57455631233, 44.0624227893001], [-122.574995274992, 44.0621585018489], [-122.575325323214, 44.0618445617772], [-122.57561460499, 44.0615009253103], [-122.576148286913, 44.0613158849946], [-122.576119118616, 44.061117286079], [-122.575972698615, 44.0609392427539], [-122.575957724597, 44.0607380217148], [-122.575730189421, 44.0604295121013], [-122.575370787849, 44.0602033431688], [-122.575356492957, 44.0599074569093], [-122.575554926312, 44.0596951948629], [-122.575704214634, 44.0594709171569], [-122.575919814794, 44.0591522186918], [-122.575872530172, 44.0588798769327], [-122.575300498271, 44.0585582528552], [-122.574531820662, 44.0582003937107], [-122.573765104974, 44.0575703718346], [-122.572775299871, 44.0573901700369], [-122.569582537333, 44.0576100999897], [-122.568944620293, 44.0578205309452], [-122.568613087156, 44.0579860306957], [-122.568150632651, 44.0579842838047], [-122.567555702693, 44.0580296758398], [-122.566961813882, 44.0579321410865], [-122.566733020166, 44.057597772257], [-122.566804641047, 44.0568357518685], [-122.566678247188, 44.0560491617576], [-122.566184690313, 44.055785251929], [-122.56568957037, 44.0557357270648], [-122.565559535639, 44.0554493738536], [-122.565793537787, 44.0550691177041], [-122.566357669006, 44.0547139367167], [-122.566492049786, 44.0544047668992], [-122.566395217687, 44.0540947180911], [-122.566431376673, 44.0536660667927], [-122.567028520979, 44.0533110078039], [-122.567658167229, 44.0530275332912], [-122.568352653877, 44.0529110511154], [-122.569088002192, 44.0532382432966], [-122.569887331217, 44.0524778647928], [-122.569780170289, 44.0519159281312], [-122.569817338083, 44.0513443500439], [-122.569130469149, 44.0504127192873], [-122.568969473982, 44.0498403932333], [-122.569234733909, 44.0496984641522], [-122.569995062576, 44.0496060421651], [-122.570521097142, 44.0499415227338], [-122.571476503057, 44.0502786129351], [-122.573095737916, 44.0501655660073], [-122.573657726653, 44.0500962002008], [-122.57418378727, 44.050431663789], [-122.57494020018, 44.0508870912209], [-122.575567060755, 44.0509847073071], [-122.575833669951, 44.0506521948528], [-122.576234255686, 44.0500581418168], [-122.576501025681, 44.0497018066947], [-122.576228801116, 44.0490136257144], [-122.576083891182, 44.0482974037909], [-122.575772993246, 44.0470114457791], [-122.575859772299, 44.046597608203], [-122.576037609081, 44.0466178000989], [-122.576039655443, 44.0463309308009], [-122.576891153229, 44.0448513550813], [-122.577072896784, 44.0446745038972], [-122.57713556775, 44.0445093278961], [-122.577488698183, 44.0442698920652], [-122.577926123828, 44.0438442290614], [-122.578772762627, 44.0430385899178], [-122.580645227175, 44.0425063021939], [-122.581576702869, 44.0429140991706], [-122.581634317218, 44.0430053557336], [-122.5821596502, 44.0430269578263], [-122.582322740238, 44.0430336636815], [-122.582789277586, 44.0434168828334], [-122.582778799636, 44.0435618799271], [-122.582774892863, 44.0436159272541], [-122.58275331533, 44.0439468048701], [-122.5828935666, 44.0441742821186], [-122.583184858806, 44.0444250221344], [-122.583371861997, 44.0445335891146], [-122.583573248114, 44.0447533091775], [-122.583634382961, 44.0450428212304], [-122.583530093048, 44.0453116520305], [-122.583566055303, 44.0455649732506], [-122.583566056202, 44.045782104125], [-122.583483342924, 44.045996648204], [-122.583303533442, 44.0462241188725], [-122.583296340631, 44.0464541707731], [-122.582782948056, 44.0466578952487], [-122.582677834388, 44.046743843037], [-122.582568981034, 44.0468328467214], [-122.582074636336, 44.0472370458921], [-122.580928592646, 44.0477938202386], [-122.580691054729, 44.0478942500966], [-122.580572921777, 44.0480147659597], [-122.580595441643, 44.0482191359019], [-122.580553633152, 44.0482268413097], [-122.580803383665, 44.0484789497707], [-122.580899947168, 44.048836628124], [-122.580698084944, 44.0493599631189], [-122.580594800246, 44.0499551239903], [-122.580523700388, 44.0506695109693], [-122.581349614155, 44.0504453701729], [-122.581685531969, 44.0502747577821], [-122.581805794826, 44.0501938040319], [-122.581936656905, 44.050147210251], [-122.582052477593, 44.0500883839846], [-122.582217310363, 44.0500472807168], [-122.582555243098, 44.0499269568733], [-122.582669319258, 44.0499124278112], [-122.583064601339, 44.0497583380531], [-122.583533176066, 44.0496707740506], [-122.584100153147, 44.0498256936981], [-122.58436255733, 44.0500075558812], [-122.584456947808, 44.0501146747721], [-122.584702568767, 44.0502043687531], [-122.584723845364, 44.0502174870054], [-122.584854560119, 44.0502230957385], [-122.585009189824, 44.0503072899449], [-122.5850262659, 44.0504039411023], [-122.585912180839, 44.050950126259], [-122.58628642797, 44.0511838438049], [-122.586374836567, 44.0511994753015], [-122.587033286399, 44.0512537687492], [-122.58730466026, 44.051652817897], [-122.588471545763, 44.0515505149765], [-122.588471544864, 44.051911402277], [-122.588727534178, 44.0522793621297], [-122.589234587341, 44.0524951842492], [-122.589441346282, 44.0529905097773], [-122.58940196414, 44.0532806278292], [-122.589402235431, 44.0532892971248], [-122.590215986009, 44.0538820388043], [-122.590573599036, 44.0540094536903], [-122.591111271276, 44.0544154580526], [-122.592235784145, 44.0541646092552], [-122.59283195288, 44.0535867058787], [-122.595507793363, 44.0539427187116], [-122.596140307036, 44.0543251409872], [-122.593767214974, 44.0549416457033], [-122.594536471996, 44.0554860459208], [-122.59523628206, 44.0555817990061], [-122.595833159566, 44.0556507381103], [-122.596968294115, 44.0555396691912], [-122.597586487744, 44.0565354517492], [-122.597742673331, 44.0571654749533], [-122.598291092117, 44.0574662993063], [-122.59834717394, 44.0573797821923], [-122.598712136084, 44.057142847685], [-122.599306554002, 44.0571687557451], [-122.600164266334, 44.0573385122635], [-122.6005917629, 44.0576258660045], [-122.600388441812, 44.0583874462835], [-122.600411833043, 44.0588349238798], [-122.600776351419, 44.0590160231152], [-122.601223044084, 44.0593987282996], [-122.601213583926, 44.0595230882151], [-122.602148104011, 44.0593828949745], [-122.602254357641, 44.0591856452278], [-122.602059180679, 44.0589788548685], [-122.602468777414, 44.0587939758053], [-122.602732812938, 44.0585385511336], [-122.603228623686, 44.0584926301323], [-122.603920498033, 44.0584128037841], [-122.604266324264, 44.0580709717548], [-122.604426910698, 44.0577666121351], [-122.604455999943, 44.0573665099444], [-122.604563606436, 44.0570810238755], [-122.604749473258, 44.0569482657321], [-122.605016008793, 44.0566061566878], [-122.60514978321, 44.0563588762518], [-122.605552225763, 44.0561549649998], [-122.606212604277, 44.0561953571168], [-122.606763499719, 44.0568070870579], [-122.607527447698, 44.0571718009033], [-122.607993787416, 44.0578741921265], [-122.60761891416, 44.0586161378813], [-122.607352636442, 44.0589201400173], [-122.607784180816, 44.0591689261523], [-122.608565321651, 44.0590175646905], [-122.608798749776, 44.058684861711], [-122.609328531215, 44.0584961019353], [-122.609888525691, 44.0587362310383], [-122.610647036168, 44.0589293907751], [-122.611375322827, 44.0586936560985], [-122.611676044648, 44.0581706030584], [-122.611679469026, 44.0576465402518], [-122.612241952734, 44.057505520761], [-122.612836069717, 44.0575789998316], [-122.613429723169, 44.0577239409546], [-122.613826576404, 44.0576538170687], [-122.614057648248, 44.0576784202176], [-122.614219563289, 44.0581792199933], [-122.614613946157, 44.0584902312441], [-122.615474189043, 44.0582787362054], [-122.615872274766, 44.0580180370087], [-122.616533697123, 44.0579011508433], [-122.617193580666, 44.0580224720176], [-122.617754982803, 44.0580481731131], [-122.618480935639, 44.058169707021], [-122.619338108981, 44.058434604254], [-122.619765400731, 44.0587695286984], [-122.620918823182, 44.0592021499765], [-122.621778447129, 44.059085891041], [-122.622671403064, 44.0589220928117], [-122.623168562183, 44.0586616959851], [-122.623527796669, 44.0586449780527], [-122.623704653389, 44.0589261830282], [-122.624004465216, 44.0591292319661], [-122.623992981154, 44.0594149289365], [-122.623775219648, 44.0594893597542], [-122.623239867756, 44.0602828740291], [-122.622855642139, 44.0604741082538], [-122.623385750564, 44.060877817973], [-122.623647307636, 44.0613074679836], [-122.623644291093, 44.0617838893216], [-122.623608539942, 44.0622125593187], [-122.623440344778, 44.0626884363083], [-122.623437173725, 44.0631886792409], [-122.623238054057, 44.0633309510291], [-122.622345638009, 44.0633994699258], [-122.621529991986, 44.063438030974], [-122.621381763676, 44.0636788907504], [-122.621397005391, 44.0638459058927], [-122.621714169077, 44.0639929192105], [-122.621811761151, 44.0642314581151], [-122.621841460353, 44.0647556298189], [-122.621506846893, 44.0654215259585], [-122.621033213752, 44.0658580237714], [-122.621204933905, 44.0662034590526], [-122.621181739405, 44.0667322199911], [-122.621655475851, 44.0670482338357], [-122.621711484911, 44.0675915506836], [-122.621353946445, 44.0677047102185], [-122.621116985246, 44.0675609947256], [-122.620760812219, 44.0674597629953], [-122.620462741326, 44.0675731157739], [-122.620718338076, 44.0679027028998], [-122.620715783267, 44.068302895898], [-122.620573278124, 44.068888431947], [-122.620254095923, 44.069201815731], [-122.619993740798, 44.0696154450092], [-122.62064709269, 44.0697462520019], [-122.620723558186, 44.0701895872251], [-122.620700265769, 44.0707326403043], [-122.62053902626, 44.0711465990199], [-122.620477623715, 44.0712457061845], [-122.621348975168, 44.0712271826999], [-122.621612536381, 44.0713471637897], [-122.621543420003, 44.0718233649215], [-122.621822649631, 44.0719685628974], [-122.622044103213, 44.0717156966844], [-122.622429768829, 44.0716315361439], [-122.622842821383, 44.071899888049], [-122.623062092958, 44.0723598321386], [-122.62352053918, 44.0724788183008], [-122.624068876219, 44.0724379048341], [-122.624394010656, 44.0725564500289], [-122.625121736766, 44.0728469652989], [-122.626191799153, 44.0745874731974], [-122.626845451083, 44.075733041851], [-122.626355572809, 44.0766720482164], [-122.626451264946, 44.0774583339985], [-122.626561283416, 44.0780805627382], [-122.627222785723, 44.0780737517884], [-122.627357142248, 44.0777843108652], [-122.627194354044, 44.0773966798346], [-122.627280139561, 44.0768907532882], [-122.627527778135, 44.0769213379881], [-122.627691126888, 44.0772196393034], [-122.627895594226, 44.0775478497464], [-122.627831715027, 44.0780510757211], [-122.628246519296, 44.0777769281045], [-122.628411289183, 44.0778489280517], [-122.628343561601, 44.0781107441293], [-122.628083311578, 44.0785718357583], [-122.627622308751, 44.0789550062899], [-122.627466929851, 44.0792204410043], [-122.627153825652, 44.0796326689545], [-122.627341905923, 44.0798675290835], [-122.627675408167, 44.0801830062282], [-122.628059007658, 44.080534920125], [-122.628426141928, 44.0808384121885], [-122.628860451317, 44.0811300289981], [-122.629623299758, 44.0812818062861], [-122.629918081918, 44.0810396442736], [-122.630197210935, 44.0809559848488], [-122.630679916161, 44.081147813085], [-122.631089503015, 44.0813076908761], [-122.631616532016, 44.0814468048655], [-122.63180820465, 44.0812782977463], [-122.632116724746, 44.0811841588402], [-122.632502143325, 44.0808636877973], [-122.632675894569, 44.0806734977392], [-122.632760905738, 44.0801340741727], [-122.632851708345, 44.079824660231], [-122.633186116091, 44.0797411462222], [-122.634929642751, 44.079305703946], [-122.635635876668, 44.0798255591671], [-122.635765864686, 44.0801832946862], [-122.635343307058, 44.0810764650437], [-122.63564447085, 44.0813917389236], [-122.635920190761, 44.0817663422233], [-122.636768998093, 44.0822926797732], [-122.636992577089, 44.0829556696846], [-122.637368984668, 44.0835070039854], [-122.637924878335, 44.0840158570802], [-122.638158649616, 44.0840202572321], [-122.638329555896, 44.0841379810168], [-122.638548490602, 44.0842414968875], [-122.638804223895, 44.0841784663192], [-122.63898426694, 44.084048713992], [-122.639176043778, 44.0839073947483], [-122.639403025592, 44.083784599889], [-122.639688934195, 44.0837847250735], [-122.639824134238, 44.0839761679403], [-122.639875011222, 44.0841658931066], [-122.639796977269, 44.0843580058254], [-122.639776356441, 44.0845586271265], [-122.639820194227, 44.0847624328003], [-122.639980371029, 44.0849110441164], [-122.640239373292, 44.084970764971], [-122.640512621936, 44.0849057212968], [-122.640708424126, 44.0848037971779], [-122.640978237613, 44.0847127282718], [-122.641192312433, 44.0845513768467], [-122.641430021929, 44.0844122779006], [-122.641654490257, 44.0843331117762], [-122.641923967774, 44.0843796309049], [-122.642007221838, 44.0844204302903], [-122.642274108614, 44.0843663692272], [-122.642640903321, 44.0843358057983], [-122.642890706835, 44.084291619305], [-122.64289886803, 44.0841134630716], [-122.642921499287, 44.0839027848722], [-122.642999449697, 44.0837474678431], [-122.642992408702, 44.0835655808799], [-122.642977237953, 44.0833603908174], [-122.642881852141, 44.0831937591907], [-122.642847822162, 44.0829931797217], [-122.642820243883, 44.0828279731542], [-122.642847903909, 44.0826518277633], [-122.642868106121, 44.0824724547276], [-122.642935245307, 44.0822849929948], [-122.642986961318, 44.0821177736983], [-122.64294723063, 44.0819539920914], [-122.642849328637, 44.0817979626945], [-122.642719242702, 44.0816538361644], [-122.642500057366, 44.0815357770401], [-122.642322947321, 44.0814091680132], [-122.64224038496, 44.0812233000502], [-122.642308194289, 44.0810652179299], [-122.642472144015, 44.0809127089478], [-122.642635125357, 44.0807491208255], [-122.642758315824, 44.0806294259579], [-122.642606815849, 44.0806325918739], [-122.642129485243, 44.0804241011654], [-122.641748080337, 44.0801814097065], [-122.641294997057, 44.0799212419114], [-122.640207783136, 44.0798362192719], [-122.639665072246, 44.0800599422833], [-122.639131619392, 44.0800796168375], [-122.638940524375, 44.079833383719], [-122.638868607948, 44.0793845941439], [-122.638414983883, 44.0795040792172], [-122.63819619111, 44.0796243042381], [-122.637327637012, 44.0795185700425], [-122.636854556335, 44.0793568746876], [-122.636456725734, 44.079003186217], [-122.636281899206, 44.0785220498786], [-122.636296001858, 44.0780886230711], [-122.635345339946, 44.0778718320032], [-122.634916459076, 44.0776266829162], [-122.634365983148, 44.0771595272845], [-122.633918506254, 44.0770317117603], [-122.633742005267, 44.0771700349209], [-122.63364554507, 44.0768231128503], [-122.633569726362, 44.0766694190267], [-122.633574465873, 44.0766669569846], [-122.633553194666, 44.0766202239858], [-122.633398397874, 44.0763968738944], [-122.633774782995, 44.076216824915], [-122.633966859871, 44.0761177990013], [-122.633897457829, 44.0759849447925], [-122.633726550651, 44.075917178118], [-122.633509459288, 44.0759276549975], [-122.633389597978, 44.076034817995], [-122.633220535041, 44.0761128529287], [-122.633028168908, 44.0760643640998], [-122.632835135326, 44.0760657051681], [-122.632648889415, 44.0760190181608], [-122.632463063017, 44.0759691042869], [-122.632366838179, 44.0758500393083], [-122.632300201151, 44.0757184849163], [-122.632139353308, 44.0756350857959], [-122.632064167912, 44.0755067997303], [-122.631911197395, 44.0754074751119], [-122.631885743632, 44.0750870450623], [-122.6318759493, 44.0748848472533], [-122.631951699737, 44.0747222060167], [-122.631976521086, 44.0745995618284], [-122.632048123103, 44.074455317729], [-122.632130613599, 44.0741853471676], [-122.632681881841, 44.0743385892207], [-122.632907958153, 44.0744292429802], [-122.632926502974, 44.0746321322577], [-122.633250889115, 44.0748644229787], [-122.633823398022, 44.0748956508767], [-122.634178641292, 44.0748568939982], [-122.634046487436, 44.0747880088811], [-122.633859318955, 44.0746888101961], [-122.633668213158, 44.0746201197883], [-122.633535275971, 44.0745217172229], [-122.633381635311, 44.0744349642982], [-122.633266384155, 44.0743022779834], [-122.633281136289, 44.0741505660461], [-122.63327308918, 44.0740073192665], [-122.633381549971, 44.0738463032895], [-122.633465537958, 44.0737100130846], [-122.633745131404, 44.0736843510576], [-122.634448520356, 44.0736899653127], [-122.635192508668, 44.073712550115], [-122.635538307052, 44.0735657468098], [-122.635821233247, 44.0733210729645], [-122.636005159708, 44.0729177921003], [-122.636093622204, 44.0725413463016], [-122.636182082904, 44.0723457881168], [-122.636576757724, 44.0721160071824], [-122.637239224821, 44.0723717321209], [-122.637670128697, 44.0723799868529], [-122.638549170627, 44.0722602802184], [-122.638766813555, 44.0723111621023], [-122.639273086981, 44.0724295210292], [-122.639749954057, 44.0726028887064], [-122.639868809254, 44.0724936322578], [-122.640155218217, 44.0724307247087], [-122.640451099916, 44.0723211316859], [-122.640723091818, 44.0723092562188], [-122.640776484983, 44.0723069250127], [-122.641069096814, 44.0724207512712], [-122.641262636147, 44.0725769886911], [-122.641459441754, 44.0727731682783], [-122.641761777848, 44.0728314221282], [-122.641565221972, 44.0726803802196], [-122.641385178928, 44.0725100597203], [-122.641345952195, 44.0722845449131], [-122.641421472662, 44.0720475887323], [-122.641492048802, 44.0718125600919], [-122.641493137561, 44.0715589232334], [-122.641444271904, 44.0713393600598], [-122.641352069722, 44.071129141736], [-122.641342399358, 44.0711017101417], [-122.641279483152, 44.0709232398867], [-122.641235311193, 44.0707162491375], [-122.641288283947, 44.0704999119022], [-122.641347001427, 44.0703397719087], [-122.641376211047, 44.0702601048194], [-122.64146623212, 44.0700299382102], [-122.641534292079, 44.069802118792], [-122.641294028673, 44.0697955960435], [-122.641082641612, 44.0698150371366], [-122.640890607855, 44.0698326981195], [-122.640520589993, 44.0697283747728], [-122.640367597917, 44.0693740530199], [-122.640255186336, 44.0688591630274], [-122.639932005734, 44.0682971539783], [-122.63935121975, 44.0678461959623], [-122.638935197365, 44.0677284087798], [-122.638472151769, 44.0678327350061], [-122.638322272356, 44.067960618808], [-122.638383161064, 44.0682332131209], [-122.637792536731, 44.0675643388417], [-122.637712168954, 44.0671422112748], [-122.637347435881, 44.0668125011486], [-122.637252778602, 44.0666022751374], [-122.63708067397, 44.0662065547385], [-122.636994622553, 44.0657613668537], [-122.637207638259, 44.0653021680111], [-122.637339681623, 44.0652595597094], [-122.637384664761, 44.0652450447368], [-122.637555153324, 44.065180504801], [-122.637750870173, 44.0651115219261], [-122.637953042316, 44.0650462679383], [-122.63815814656, 44.065034869316], [-122.638339027732, 44.0649890617949], [-122.638522675716, 44.0649140860002], [-122.638195947667, 44.0648466952319], [-122.637987071397, 44.0648053717685], [-122.637797472973, 44.0647383591327], [-122.637595218185, 44.0646684959407], [-122.637373433125, 44.0645925979803], [-122.637182660603, 44.0645113352478], [-122.637087695203, 44.0644796358258], [-122.636970598009, 44.0644405500258], [-122.636761135139, 44.0643537978155], [-122.63655670014, 44.064241647882], [-122.636445302757, 44.0641538548425], [-122.636413284105, 44.0641286192173], [-122.63638185385, 44.0641038489835], [-122.636214468068, 44.063974600015], [-122.636039284909, 44.0638357121847], [-122.635856894567, 44.0636780057699], [-122.635722617094, 44.0635503922178], [-122.635570401162, 44.0633763421927], [-122.635524971561, 44.063242944268], [-122.635504772044, 44.0630422810305], [-122.635581297726, 44.0628529761359], [-122.635652879081, 44.0627250257854], [-122.635659519428, 44.0627164572798], [-122.635745666965, 44.0626052899409], [-122.635838538393, 44.0624842137691], [-122.635926549036, 44.0623579829175], [-122.636005171386, 44.0621567750921], [-122.636093349116, 44.0619693981122], [-122.636133832593, 44.0618331502735], [-122.636184626932, 44.0616755288971], [-122.636185329415, 44.061673589104], [-122.636247240406, 44.0615023996865], [-122.636323934972, 44.0613425981356], [-122.636447648258, 44.0608647847101], [-122.637227129904, 44.0611492978002], [-122.637235622577, 44.0611489240398], [-122.637819865278, 44.0611232210625], [-122.638439658807, 44.0610959520227], [-122.638868683407, 44.06106262404], [-122.639040092743, 44.0610163570561], [-122.63954356073, 44.0610286259796], [-122.640401107772, 44.0612662782557], [-122.640710757949, 44.0614915239018], [-122.641510042956, 44.0615687911192], [-122.641850736214, 44.0615591799264], [-122.642293362206, 44.0618382350353], [-122.642439662731, 44.0621377200847], [-122.642526016881, 44.0625544933122], [-122.642642826614, 44.0628325270527], [-122.643145075588, 44.062783747837], [-122.643214838753, 44.0623365647459], [-122.643300133789, 44.0620949933123], [-122.643923101964, 44.061736530034], [-122.644149868182, 44.061633462806], [-122.644121862305, 44.0614842430379], [-122.643906571166, 44.061023357818], [-122.644093047046, 44.0607761952409], [-122.644331350328, 44.0607007093043], [-122.644675247876, 44.0606446060509], [-122.644963765186, 44.0605888280934], [-122.644994169565, 44.0602799981616], [-122.645193228147, 44.0601376880556], [-122.645523709357, 44.0601148921464], [-122.64595258304, 44.0602115079315], [-122.646510205965, 44.0600358348866], [-122.646586604984, 44.059640927875], [-122.646885080119, 44.05925738698], [-122.64731562916, 44.0590771638489], [-122.647363577637, 44.0590742627463], [-122.647381949981, 44.0587151691934], [-122.647118817264, 44.0585237840373], [-122.64669151204, 44.0581651396834], [-122.646959313301, 44.0575704292901], [-122.647521431395, 44.0574768769327], [-122.647754211835, 44.0572155576857], [-122.64795452177, 44.0568588518146], [-122.648353162652, 44.0564789339611], [-122.648355278184, 44.0561216168051], [-122.648718908127, 44.056075092246], [-122.649411870333, 44.0561963287171], [-122.650570921629, 44.0556996258511], [-122.651036021672, 44.0552484382309], [-122.651004807911, 44.0549386611164], [-122.65104161638, 44.0542955911316], [-122.651702648868, 44.0542261430058], [-122.652396292896, 44.0542282560646], [-122.653024153296, 44.0541825208823], [-122.653091883574, 44.0538968677453], [-122.653258286598, 44.0536829778767], [-122.653854220873, 44.0534465689544], [-122.654183413899, 44.0536381390249], [-122.655041373267, 44.0537836630938], [-122.655502694098, 44.0539756271846], [-122.656261294406, 44.0541684841686], [-122.656324186357, 44.0547165701099], [-122.655361454681, 44.0555474259394], [-122.654832535625, 44.0556172940846], [-122.654206047851, 44.0554248272361], [-122.653775668591, 44.055590274934], [-122.653114066571, 44.055755019126], [-122.652618873864, 44.0557058712594], [-122.651944413359, 44.0561931911906], [-122.652208388695, 44.0562416381973], [-122.652340724909, 44.0562063087619], [-122.652539401707, 44.0561235367671], [-122.652720450865, 44.0562312850125], [-122.652587349286, 44.0563976310405], [-122.652436963222, 44.0566949441324], [-122.652516966283, 44.0571358858442], [-122.651972492898, 44.0570389428997], [-122.651985501402, 44.0573892920637], [-122.653036769236, 44.0582830349818], [-122.653186980128, 44.057920386035], [-122.654018275702, 44.0575811598971], [-122.654051150448, 44.0571334952934], [-122.654032496033, 44.0569333368458], [-122.654053980141, 44.0566475426851], [-122.654075463351, 44.0563617490818], [-122.654473090934, 44.0561485582433], [-122.654818970166, 44.0563139722857], [-122.655264442919, 44.056393927997], [-122.65639367913, 44.0564759417047], [-122.656818190593, 44.0563479072042], [-122.657048357834, 44.0564988649027], [-122.657280955915, 44.0565407738931], [-122.657516319011, 44.0565131141048], [-122.65773801963, 44.0565492819626], [-122.657889356111, 44.0566174568684], [-122.657915332694, 44.0566398913101], [-122.658043456708, 44.0568024989568], [-122.658203885937, 44.0569198030405], [-122.658350151428, 44.057022775828], [-122.658507311687, 44.0571229389096], [-122.658676459065, 44.0572437219818], [-122.658849629099, 44.0573406587809], [-122.659014416953, 44.0574511749435], [-122.659134529791, 44.0576019238937], [-122.659200662864, 44.0578056461772], [-122.659292444635, 44.057940719968], [-122.659390176846, 44.0580921810167], [-122.659401891776, 44.0581086131218], [-122.659507440229, 44.0582566761634], [-122.659621265758, 44.0584015568818], [-122.659690787276, 44.0585369972802], [-122.659702237203, 44.05855930382], [-122.659802985957, 44.0587208242472], [-122.659952352433, 44.0588662080063], [-122.660141950857, 44.058967209123], [-122.660368261629, 44.058994198974], [-122.660593986701, 44.0590008210366], [-122.660837060935, 44.0589725316938], [-122.661030097212, 44.0589774772622], [-122.661192455123, 44.0588984359135], [-122.661398146865, 44.0588027153047], [-122.661651113347, 44.0587427420944], [-122.661869963612, 44.0586740938618], [-122.662098371053, 44.0586431227279], [-122.662285622179, 44.0586023869085], [-122.662435071299, 44.0584946797742], [-122.662639339212, 44.0584764912165], [-122.662857938846, 44.058417105133], [-122.663061451275, 44.0583990831053], [-122.663236131377, 44.0583443920888], [-122.663464872093, 44.0582513109214], [-122.663694116764, 44.0582074742094], [-122.66390265886, 44.0581419279194], [-122.664128551018, 44.0581446089316], [-122.664300317884, 44.0578132689968], [-122.664696038343, 44.0579335387297], [-122.664891682428, 44.0583867219678], [-122.66567978341, 44.0592227862316], [-122.666337910747, 44.0596773210536], [-122.667064520251, 44.0597032622186], [-122.667526991824, 44.0597046081765], [-122.667591727118, 44.0599430120123], [-122.667556426921, 44.0603478756985], [-122.666927442729, 44.0605842602968], [-122.666204964577, 44.0608094872351], [-122.666236057964, 44.0611549900621], [-122.666079224691, 44.0616075308785], [-122.666107541386, 44.0618293216936], [-122.665449908122, 44.0624562882237], [-122.664892254655, 44.0629263201142], [-122.664215503446, 44.0634245857983], [-122.663636714417, 44.0641232377245], [-122.662920943087, 44.0645070362781], [-122.661336011295, 44.0643594200561], [-122.66003014474, 44.0639410470833], [-122.658717304563, 44.0636330118204], [-122.657537920799, 44.0635961272651], [-122.654822841905, 44.0648076367848], [-122.654863575113, 44.0650273649045], [-122.65517230811, 44.0654234411006], [-122.655333987793, 44.0656375202877], [-122.655619134624, 44.0660626639121], [-122.655835810965, 44.0662930641182], [-122.656421218781, 44.066560847688], [-122.656841027565, 44.0664653737729], [-122.657094182693, 44.0661880199946], [-122.65735033011, 44.0657966821965], [-122.657616823424, 44.0654163362911], [-122.657914155003, 44.065417225764], [-122.65827632698, 44.0656327037259], [-122.658855772677, 44.0660842646957], [-122.659168396277, 44.066299591771], [-122.660126480071, 44.0663024460456], [-122.660718840847, 44.0667091729525], [-122.661079332076, 44.06722240603], [-122.660926581646, 44.0679365989037], [-122.660328282108, 44.0685660922223], [-122.659694767711, 44.0689043860096], [-122.65952290293, 44.0696293889909], [-122.659218182707, 44.0701242491205], [-122.658595431026, 44.0705093299521], [-122.658325354333, 44.0708108197047], [-122.658054369442, 44.0712695027224], [-122.657934880933, 44.0716319020933], [-122.65759694191, 44.0720661977996], [-122.657007842018, 44.0724271878916], [-122.656370658902, 44.0724010903055], [-122.655861345577, 44.0723558209443], [-122.655773445426, 44.0724410789332], [-122.655988927907, 44.0732632591109], [-122.656014256805, 44.0734539060474], [-122.656092230571, 44.0736828279351], [-122.656223404366, 44.0738547378794], [-122.65646009068, 44.0740650788261], [-122.656671557691, 44.0740657138866], [-122.656936221137, 44.0740093380381], [-122.657807533962, 44.0741834658691], [-122.658097094216, 44.0743939618301], [-122.658927260607, 44.0743948447142], [-122.659269986753, 44.0740434428772], [-122.659464210602, 44.0737556738072], [-122.659999373848, 44.0734262031745], [-122.660326296831, 44.0732456230314], [-122.660919483159, 44.0731299112188], [-122.661422814603, 44.0731848009119], [-122.661595223764, 44.0728416852811], [-122.662071665037, 44.0727287517768], [-122.662362750631, 44.0726724411311], [-122.662389940838, 44.0725391209508], [-122.662831693667, 44.0721256947555], [-122.663459871172, 44.0720560823107], [-122.664153993104, 44.0720104822361], [-122.664812249798, 44.0724650240788], [-122.665338352636, 44.0729191751909], [-122.665268779913, 44.0735383298981], [-122.665714097258, 44.0739877227212], [-122.666379666238, 44.074171219679], [-122.666704176346, 44.074417795825], [-122.666806071351, 44.0747384792604], [-122.666773507422, 44.0752616808581], [-122.666728109262, 44.0754324213196], [-122.666480909964, 44.0759618871588], [-122.666345709022, 44.0761428701103], [-122.666092690438, 44.0763960607391], [-122.665889784371, 44.0766856730194], [-122.66582112793, 44.0769635861764], [-122.665936292848, 44.0773629557491], [-122.666303873581, 44.0776179597481], [-122.667056223411, 44.0780554640552], [-122.667206708289, 44.078140544753], [-122.667558743676, 44.0781778461709], [-122.667676494844, 44.0781177293173], [-122.66787865441, 44.0779611219005], [-122.667926322612, 44.0778739648692], [-122.668394485911, 44.0775375712759], [-122.668756730651, 44.0772772808549], [-122.668883179307, 44.0768836369481], [-122.668366553695, 44.0764837827015], [-122.668664715318, 44.0762819743012], [-122.6687637429, 44.0763070201715], [-122.668919983284, 44.0760419421817], [-122.669558034172, 44.075600186133], [-122.67075469703, 44.0757786668081], [-122.671004395442, 44.0753619189234], [-122.671648880064, 44.075178607008], [-122.671971581864, 44.0747640788738], [-122.671959428556, 44.0743726867707], [-122.672195461796, 44.0739164822157], [-122.672702986575, 44.0737730451248], [-122.673220401805, 44.0735354598377], [-122.673557772195, 44.0731200947306], [-122.673641843726, 44.0726441292781], [-122.673737712831, 44.0722381137307], [-122.674303111573, 44.0717805083125], [-122.674432222836, 44.0716012539907], [-122.674578270934, 44.0712531517201], [-122.67460618159, 44.0711037858093], [-122.674569217713, 44.0707920630865], [-122.674306528764, 44.0701070096903], [-122.674174596792, 44.0699501848615], [-122.673729352211, 44.0695726642537], [-122.674259570231, 44.0692873641929], [-122.674317543008, 44.0689886052907], [-122.674583941999, 44.0686082192228], [-122.675431295857, 44.0683247701801], [-122.67627491991, 44.0685390170177], [-122.677090769851, 44.0687462019148], [-122.677112430927, 44.0691945209702], [-122.677344425341, 44.0693513833004], [-122.677761475398, 44.0695025769919], [-122.678236749761, 44.0696811122017], [-122.678478534014, 44.0696755169293], [-122.678898630258, 44.0697421838323], [-122.679148655657, 44.0697316342146], [-122.679382093663, 44.0697093002579], [-122.679682438192, 44.0696909983218], [-122.679673293342, 44.0697875339356], [-122.679659966835, 44.0699343007874], [-122.679650076384, 44.0700762478478], [-122.679571662442, 44.070187787769], [-122.679563070955, 44.07020000703], [-122.679502554149, 44.0702231379059], [-122.679445464416, 44.0702542991922], [-122.679360103803, 44.070306007012], [-122.679276598211, 44.0703565917434], [-122.67918010298, 44.070415044827], [-122.679146240087, 44.0705614351308], [-122.679135344421, 44.070706987313], [-122.679077173116, 44.0708436529697], [-122.678893943748, 44.0709013626924], [-122.678749021238, 44.0709970011343], [-122.678648270687, 44.0711276321015], [-122.678534360716, 44.0710168239215], [-122.678434616278, 44.0711336248145], [-122.678357033279, 44.0712447729108], [-122.678347529103, 44.0712583912184], [-122.678182488822, 44.0713282956843], [-122.67800965386, 44.0713876391277], [-122.677813288427, 44.0714032543188], [-122.677589209968, 44.0715625162534], [-122.67744734173, 44.0717702068962], [-122.677331125783, 44.0719488288502], [-122.677186593142, 44.072164015191], [-122.677013572229, 44.0724246882396], [-122.676901219936, 44.0726456692078], [-122.676771530158, 44.0728330382102], [-122.676801983945, 44.0729434021823], [-122.67687728702, 44.0729901296946], [-122.67706810895, 44.0729615908133], [-122.677286950231, 44.0728990251779], [-122.677442757627, 44.0728211150862], [-122.677521248823, 44.0727821961444], [-122.67761712781, 44.0727346526807], [-122.67789096575, 44.0730465019963], [-122.677895156391, 44.0731887417018], [-122.677862719124, 44.0733294747141], [-122.67780345996, 44.0734613222625], [-122.677743946572, 44.0736056158984], [-122.677698266342, 44.0737940828964], [-122.677714443203, 44.0739316727195], [-122.677797591266, 44.0741046752253], [-122.677924745099, 44.074248969874], [-122.678033374773, 44.0743682020014], [-122.678151894899, 44.0745164780135], [-122.678253734208, 44.0746526418027], [-122.678319903213, 44.074755228144], [-122.67833085188, 44.0747608287445], [-122.678351437673, 44.074806469295], [-122.678544589832, 44.0752346758354], [-122.678615704961, 44.0753122342481], [-122.6786492768, 44.0754781342791], [-122.678649696313, 44.0756413297466], [-122.678621112819, 44.075787215998], [-122.678632513339, 44.0759294162024], [-122.678799647592, 44.0758509608928], [-122.678989664631, 44.0757826900324], [-122.679199045754, 44.0757282499894], [-122.679447570067, 44.0756799699448], [-122.679684106363, 44.0756984520229], [-122.679891055747, 44.075715676917], [-122.680086857038, 44.0757382241602], [-122.680284418128, 44.0757207062753], [-122.68047435342, 44.0756793407099], [-122.680717929813, 44.0756292168043], [-122.680990090598, 44.0755894458846], [-122.681238363383, 44.0755536968872], [-122.681460734145, 44.0755274619251], [-122.681629209583, 44.0754617050589], [-122.681682268575, 44.075311250054], [-122.681636252375, 44.0751573580458], [-122.681618701091, 44.0750812657236], [-122.681604902968, 44.0750214451786], [-122.68156223928, 44.0748656259633], [-122.681595432929, 44.0746970239459], [-122.681719651966, 44.0745821920441], [-122.681898102297, 44.0744914578461], [-122.682078061798, 44.0743338359691], [-122.682229102733, 44.0742213519188], [-122.682335889064, 44.0740936952671], [-122.682440578728, 44.0739539689412], [-122.682640487116, 44.0738516258133], [-122.682836539935, 44.0738343597172], [-122.682970785968, 44.0738143629732], [-122.683048686073, 44.0738027588694], [-122.683248007861, 44.0737551910554], [-122.683490328409, 44.0736750613004], [-122.683679173146, 44.0735981990559], [-122.683626786094, 44.073461908925], [-122.683495022106, 44.0733214279317], [-122.683517990232, 44.073138325258], [-122.68355961906, 44.0730425908852], [-122.684013149701, 44.0731213590634], [-122.684249225161, 44.073311932882], [-122.684411395324, 44.0734428452942], [-122.68501821718, 44.0735406358854], [-122.685298758349, 44.0737122809872], [-122.685919887672, 44.0739062218307], [-122.686186919077, 44.0738321989539], [-122.686491500959, 44.0736427181675], [-122.686249049257, 44.0732877137861], [-122.685939783559, 44.0729451189436], [-122.685556517343, 44.072591639982], [-122.685514114167, 44.0722070599811], [-122.685171485039, 44.0716152252573], [-122.685008967228, 44.0711085703004], [-122.684557511695, 44.0705713398212], [-122.685057689154, 44.0697091898886], [-122.686130996255, 44.0698014740042], [-122.686504104322, 44.0695345060811], [-122.686589529614, 44.0689987561577], [-122.686923531321, 44.0683148031506], [-122.687502332927, 44.0681972802444], [-122.688244606355, 44.0684077458613], [-122.689069793385, 44.0685588787095], [-122.689690046851, 44.0684116811603], [-122.69031045303, 44.0682347021748], [-122.691343682694, 44.0680886152876], [-122.693076204094, 44.0684803807106], [-122.693856728684, 44.0692864528332], [-122.69459720099, 44.0698541949035], [-122.695752361682, 44.0700954932834], [-122.696987182278, 44.0706574942929], [-122.697491780346, 44.0704665988951], [-122.69812979081, 44.0702546948397], [-122.698709958753, 44.0697649682893], [-122.699051339223, 44.0696270337981], [-122.699628738558, 44.0696819512666], [-122.700352212942, 44.0701430711387], [-122.700645440119, 44.0707418937342], [-122.700746543707, 44.0712547768811], [-122.700818453846, 44.0716821462043], [-122.701052835083, 44.0720551567947], [-122.701186216038, 44.072212700838], [-122.701318931342, 44.072503253938], [-122.701798781722, 44.0723496741031], [-122.701806101195, 44.0723473319268], [-122.702092251444, 44.0721425160189], [-122.702379005361, 44.0718167810816], [-122.702782672317, 44.0715880862608], [-122.703403397398, 44.0715534243053], [-122.704056822953, 44.0716881278891], [-122.704458376173, 44.0718826388095], [-122.704624948979, 44.0721128162851], [-122.705111086668, 44.072162439106], [-122.705380812121, 44.0718850210198], [-122.705322211422, 44.0715443381644], [-122.705605078328, 44.071256718942], [-122.705991310781, 44.0710334428382], [-122.706466733365, 44.0707463181086], [-122.706940885732, 44.0707154972194], [-122.707354946196, 44.0708553931923], [-122.707797845275, 44.071155552911], [-122.708375529377, 44.0711570289829], [-122.70883550004, 44.0709980092806], [-122.709280602687, 44.0708496289305], [-122.710021898747, 44.0707126793013], [-122.710674265188, 44.0705861781364], [-122.711371532122, 44.0703636720791], [-122.711772344232, 44.0701831309984], [-122.712217019281, 44.070120175168], [-122.712853169334, 44.0702819699876], [-122.713202033668, 44.0707320077896], [-122.713552715293, 44.0710472767645], [-122.713718970995, 44.0713499907134], [-122.713784074598, 44.0717612802055], [-122.713815520125, 44.0721966669913], [-122.71378699592, 44.0732211851192], [-122.713977969664, 44.0735527279572], [-122.714642966418, 44.0738854570984], [-122.715103811142, 44.0735448619151], [-122.715493196681, 44.0726594311177], [-122.715794869818, 44.0715281511734], [-122.715635818606, 44.0707161097261], [-122.715460578853, 44.0701923767692], [-122.715672753737, 44.0691890289223], [-122.716222583776, 44.068816610858], [-122.716859137173, 44.0688929481128], [-122.717241449378, 44.0694812691931], [-122.717730550609, 44.0694184016864], [-122.71801461497, 44.0688637669758], [-122.718519635247, 44.0685659850782], [-122.718770070276, 44.0688549489266], [-122.718604154138, 44.0694846338547], [-122.718304318056, 44.0702421419036], [-122.717664245958, 44.0709026941964], [-122.71703795222, 44.0717768662545], [-122.716634752388, 44.0724593567843], [-122.716394585102, 44.0731208917959], [-122.716093884841, 44.0740492649127], [-122.715721254678, 44.0745289171013], [-122.715364302811, 44.0748270549342], [-122.714903705124, 44.0751142540909], [-122.714677895611, 44.0752056572325], [-122.714575138224, 44.0755246706963], [-122.714718801296, 44.0758566427059], [-122.714766046392, 44.0761011072954], [-122.715153784421, 44.0764200862453], [-122.715473685273, 44.0761669531566], [-122.71623013771, 44.0758181691278], [-122.7163797629, 44.07609665428], [-122.716395206736, 44.0763748070511], [-122.716377049089, 44.0766649666993], [-122.716627026877, 44.07700416093], [-122.717045719054, 44.07713820869], [-122.71729627895, 44.0773564828805], [-122.717429083187, 44.0776470178248], [-122.717965136663, 44.0777934450942], [-122.718382978136, 44.0781088648916], [-122.718498383802, 44.078532366253], [-122.718229032947, 44.0787372639448], [-122.718143385771, 44.0791119008301], [-122.71807434036, 44.0795228550154], [-122.718241215899, 44.0797046447025], [-122.718390746766, 44.0800073117862], [-122.718371850704, 44.0804546646794], [-122.718118976748, 44.0807200629816], [-122.717548139606, 44.0808274812329], [-122.717127808003, 44.0810320018589], [-122.717177094071, 44.0812497789947], [-122.717578295152, 44.0815409762643], [-122.717442546238, 44.0818671210027], [-122.717206725899, 44.0820721000692], [-122.716802926891, 44.0823250291483], [-122.716600073825, 44.0826510082411], [-122.716247229056, 44.0827710507028], [-122.715928914629, 44.0826856172354], [-122.71567897457, 44.0823343298081], [-122.715446275877, 44.0818863509885], [-122.715029003936, 44.0814500030031], [-122.714661714258, 44.0810863299009], [-122.714198666865, 44.0808674389993], [-122.714226334976, 44.0813660311846], [-122.713954154428, 44.0816904739312], [-122.71365284421, 44.0818197687491], [-122.713170283612, 44.0821220081496], [-122.712807259135, 44.0825762690573], [-122.712505835729, 44.0827272360197], [-122.712115361432, 44.082639552997], [-122.711575912324, 44.0822697181655], [-122.711014770698, 44.0825040057749], [-122.71069440362, 44.0828417681871], [-122.710542193977, 44.0830953121618], [-122.709904635365, 44.0831178791781], [-122.70881540293, 44.0828853620959], [-122.708395976829, 44.0828963843026], [-122.707707200772, 44.0831001873143], [-122.706985588595, 44.0831587981667], [-122.706097782702, 44.0829025868337], [-122.705157799962, 44.0830210839629], [-122.704588001272, 44.0829107858923], [-122.704729060128, 44.0835893098713], [-122.704729556896, 44.0844560113218], [-122.704634764871, 44.0849223498637], [-122.704319233424, 44.0851481610805], [-122.703708520066, 44.0852265640562], [-122.703115366975, 44.0854916441314], [-122.702669563643, 44.085877083098], [-122.701670118719, 44.0860211186824], [-122.701103963596, 44.0855876319542], [-122.700719717318, 44.0853943953087], [-122.699979455218, 44.0853292449865], [-122.699809010673, 44.0858608400185], [-122.699572867839, 44.0861141490862], [-122.699551073812, 44.0871056259022], [-122.699549728136, 44.0873716428359], [-122.699549116383, 44.0874925590525], [-122.70031200435, 44.0876039512941], [-122.700736852682, 44.0877117119271], [-122.701233940834, 44.0881662660794], [-122.701398251683, 44.0885932867901], [-122.701452666233, 44.0888067240467], [-122.701747319934, 44.0890607831529], [-122.701856686227, 44.0893810110639], [-122.701485499656, 44.0896333301342], [-122.701298261107, 44.0900860938955], [-122.701221592592, 44.0906191327333], [-122.701127166181, 44.0910054841546], [-122.700811320324, 44.0912846081869], [-122.70008841637, 44.0915893238809], [-122.699052147706, 44.0916799157244], [-122.698349286065, 44.0916780627254], [-122.697812143831, 44.0918232829527], [-122.697052021777, 44.0921678756793], [-122.696569477349, 44.0924865389671], [-122.696289502119, 44.0929790401438], [-122.695345756336, 44.0930565140042], [-122.694865867328, 44.0928552679555], [-122.694219787298, 44.0926002522102], [-122.69383362671, 44.0921592953065], [-122.693353612836, 44.0919847061594], [-122.692853587193, 44.0921033412316], [-122.692056785129, 44.0923811458368], [-122.691593470038, 44.0925531988814], [-122.690815501155, 44.0927643920965], [-122.690019795035, 44.0928288909829], [-122.689556330824, 44.0930275970481], [-122.688907964581, 44.0932124672528], [-122.68842550729, 44.0935044327505], [-122.687868986598, 44.0938095260456], [-122.687257391095, 44.0940344800997], [-122.686700649418, 44.0943795593001], [-122.686403495705, 44.0946053698974], [-122.685827822033, 44.0950303789674], [-122.685180270563, 44.095055258192], [-122.684441581413, 44.0948265938333], [-122.683813738081, 44.0946248950977], [-122.683389866218, 44.0943304402761], [-122.683169464563, 44.0940365472209], [-122.682614980352, 44.0939550216879], [-122.682116630965, 44.0937536728886], [-122.681951587091, 44.0934865949578], [-122.681286271435, 44.0933780932159], [-122.681027817145, 44.093284054857], [-122.680214098906, 44.0932551167214], [-122.680049208644, 44.092961375101], [-122.679921169072, 44.0926943968214], [-122.679662720171, 44.092600356085], [-122.679403335226, 44.0926796137292], [-122.679272201856, 44.092985857765], [-122.678512463382, 44.0932370111048], [-122.677888623842, 44.0934276227174], [-122.677825059951, 44.0934672080943], [-122.677437464753, 44.0937805030044], [-122.677066707578, 44.0940817522524], [-122.676712926764, 44.094346771998], [-122.676441249273, 44.0949385051639], [-122.676438809449, 44.095385896113], [-122.676436237572, 44.0958574722547], [-122.676383067189, 44.0963772710566], [-122.676247190714, 44.0966791818927], [-122.676252819557, 44.09717659311], [-122.676435400342, 44.097617031981], [-122.676637355093, 44.0978975531192], [-122.676654255098, 44.0981908818563], [-122.676135282189, 44.0983760462231], [-122.675839452593, 44.09834854404], [-122.675340725015, 44.0982138192203], [-122.674897713646, 44.0980392569794], [-122.674782857749, 44.0977758027347], [-122.674280183872, 44.0975607811491], [-122.673719293775, 44.0971533598719], [-122.673170584833, 44.097226547799], [-122.672795361234, 44.0975202772655], [-122.672640258117, 44.0981527892327], [-122.672711163041, 44.0987128928992], [-122.672211334128, 44.0987781149253], [-122.671705257433, 44.0992485402291], [-122.671388057815, 44.0998582331086], [-122.671351393076, 44.1004020189591], [-122.671311736948, 44.1008818187542], [-122.670949222714, 44.1013549270179], [-122.67077030436, 44.1017734328607], [-122.670447080639, 44.1023367689057], [-122.669364054665, 44.1033681201784], [-122.669144281831, 44.1036390651475], [-122.669123915227, 44.1039673012445], [-122.669133635896, 44.1041068592827], [-122.669032634716, 44.1044532826979], [-122.668475239065, 44.1050612641298], [-122.668726493358, 44.1053774248268], [-122.668342262352, 44.1055429160897], [-122.666835989741, 44.1059122751424], [-122.665298276994, 44.1063459051033], [-122.664808721215, 44.1068205757636], [-122.663762446217, 44.1073437219681], [-122.66268380492, 44.1074515059747], [-122.662190228282, 44.1076006653094], [-122.661763100924, 44.1078793497995], [-122.660521760355, 44.1084617541896], [-122.659616397788, 44.1086595247038], [-122.658292401433, 44.1090815611924], [-122.65759453173, 44.1094804017484], [-122.656234706969, 44.1100777142326], [-122.655466966303, 44.1105264483039], [-122.654386932616, 44.1108489412617], [-122.65313401995, 44.110995492738], [-122.651533162825, 44.111166028156], [-122.650141711078, 44.1112118921622], [-122.649446874087, 44.1110844707726], [-122.648059884271, 44.1103785792388], [-122.647715224951, 44.1098512957985], [-122.647196235872, 44.1093986478936], [-122.646395898938, 44.1094713478774], [-122.644652350718, 44.1102427408418], [-122.643046666047, 44.1112150029078], [-122.641861156671, 44.111712455013], [-122.640712989364, 44.111784024089], [-122.63960172934, 44.1115048839502], [-122.638485133323, 44.1121027519344], [-122.637087976375, 44.1130755890206], [-122.635406215179, 44.1150748838012], [-122.634140331739, 44.1173010079637], [-122.632599348226, 44.1190000141183], [-122.631123789015, 44.1213507188761], [-122.630702624673, 44.1219507520133], [-122.630003325751, 44.1225248267514], [-122.628990469878, 44.1231730512361], [-122.628014421576, 44.1234956331677], [-122.625994935155, 44.12378973509], [-122.624358078943, 44.1240850620358], [-122.623591187185, 44.1243331182993], [-122.622649238033, 44.1247559978571], [-122.621986372083, 44.125054504145], [-122.620835038214, 44.1255769079595], [-122.620031558973, 44.1261004581561], [-122.619123700886, 44.1266236542237], [-122.617903542591, 44.1270205077321], [-122.616090831281, 44.1275907669122], [-122.615134669883, 44.128331004172], [-122.614731738647, 44.1292634401344], [-122.614148053799, 44.1295092121135], [-122.613510700902, 44.129869141742], [-122.612979672601, 44.1301531992268], [-122.61231647158, 44.1304177477762], [-122.611703684911, 44.1310636057623], [-122.610933258282, 44.1315374099215], [-122.61053261775, 44.1321077557331], [-122.6101342266, 44.1323350811609], [-122.609683540025, 44.1324669409588], [-122.609255668862, 44.1331515307012], [-122.609327130741, 44.1338782239736], [-122.609649835236, 44.1343229572844], [-122.610016514958, 44.1348959189143], [-122.610356989926, 44.1354306767971], [-122.610641921161, 44.1363654421791], [-122.611187347658, 44.1379299742838], [-122.611369205299, 44.1384451301471], [-122.611231268988, 44.1393022257848], [-122.610329418833, 44.1396231221363], [-122.609190904822, 44.1397145177677], [-122.607390572296, 44.1398417439694], [-122.605724192952, 44.1397216632934], [-122.604136189821, 44.139754286179], [-122.602258119785, 44.1396334207603], [-122.600141641365, 44.1395498049075], [-122.598314186006, 44.1397720777767], [-122.596840313832, 44.1400455950351], [-122.596176539685, 44.1403672190392], [-122.595167179157, 44.1409162987189], [-122.595034213224, 44.1410111128942], [-122.594161846675, 44.1408746190356], [-122.592944551311, 44.1408702869357], [-122.591786500739, 44.1412156471237], [-122.591107795694, 44.1417435351323], [-122.590428468117, 44.1423598027002], [-122.589780118044, 44.1429319849845], [-122.589501658272, 44.1432624318096], [-122.589190825014, 44.143835823043], [-122.587778853949, 44.1445592739068], [-122.587465583561, 44.1448144857844], [-122.586881632813, 44.1450601150469], [-122.585980896569, 44.1451902536828], [-122.58468322175, 44.1454077610009], [-122.584235468175, 44.145961253804], [-122.583957274305, 44.1462474951374], [-122.582611536025, 44.146359525051], [-122.581519991327, 44.1472702657354], [-122.580031152321, 44.148217650791], [-122.580054916354, 44.1485988771888], [-122.579471166828, 44.148806355958], [-122.578992875024, 44.1490713920306], [-122.579440370783, 44.1494160661232], [-122.580286766139, 44.1494954061483], [-122.582138633215, 44.1496165362734], [-122.583435642382, 44.1496022160328], [-122.584361980612, 44.1496055903167], [-122.586003724557, 44.1494972089925], [-122.586932189098, 44.1491956588436], [-122.588075291704, 44.1484756217462], [-122.588369864557, 44.1479812031751], [-122.588827196868, 44.1469156601357], [-122.588857366787, 44.1463821729902], [-122.588887005802, 44.1459249130578], [-122.588996304721, 44.1454298252904], [-122.589210007639, 44.1451447390027], [-122.589582099711, 44.1449173932691], [-122.589874927137, 44.1446707043083], [-122.590512449816, 44.1443299649845], [-122.591334690372, 44.1440661117776], [-122.591922568555, 44.1437351311879], [-122.592351401814, 44.1438471439523], [-122.592411706617, 44.1440020349436], [-122.592929409309, 44.144578388745], [-122.592943432909, 44.1447187378675], [-122.593128638571, 44.1448919651932], [-122.593498100376, 44.1450457356856], [-122.594001715687, 44.1449331850095], [-122.595063172213, 44.1445176992896], [-122.59554161673, 44.1442144818511], [-122.596523528336, 44.1438177580594], [-122.596896751388, 44.1434188791824], [-122.597233142614, 44.1430841857426], [-122.59802874363, 44.1428392476888], [-122.598481470279, 44.1424215857509], [-122.598852994616, 44.1422704346964], [-122.599090394192, 44.1423856109157], [-122.599934400029, 44.1428078229533], [-122.601098166581, 44.1429071768374], [-122.601787381017, 44.142738068722], [-122.602661070784, 44.1426839397891], [-122.603773061138, 44.1426115739801], [-122.603987444979, 44.1422121209567], [-122.604174473323, 44.1419459710802], [-122.604413535681, 44.1418134007733], [-122.605208579742, 44.14164463828], [-122.605527028917, 44.1415123399837], [-122.606005268618, 44.1412281347143], [-122.606535670793, 44.1410584499797], [-122.607461753003, 44.1410806931751], [-122.607698910932, 44.1412339630292], [-122.607614219564, 44.1420340657566], [-122.608248463392, 44.1421696408963], [-122.609306252996, 44.1422876047454], [-122.610019138937, 44.1425377821397], [-122.610519696383, 44.1428825150123], [-122.611021008414, 44.1431129067391], [-122.611524324586, 44.1430383909567], [-122.611896694238, 44.1427538030281], [-122.612401127914, 44.1425077741621], [-122.613170319359, 44.1422435840432], [-122.613991931993, 44.1420557928685], [-122.614706449275, 44.14205820384], [-122.614479913923, 44.1413326581484], [-122.614337212947, 44.1409740928559], [-122.613923718422, 44.1408384150488], [-122.613446121914, 44.1410009208789], [-122.61234336175, 44.1410957220253], [-122.612344297794, 44.1409527979107], [-122.612680999838, 44.1407745281091], [-122.61276748065, 44.1402227762648], [-122.612853864444, 44.1396859427474], [-122.612841921343, 44.1383430900864], [-122.612826564643, 44.1375224289732], [-122.612932979071, 44.1370901050721], [-122.613310560748, 44.1363752172246], [-122.613252014846, 44.1358229729703], [-122.613545843894, 44.1352420812637], [-122.613610524391, 44.1348543761755], [-122.613778392568, 44.1345266997476], [-122.613925255439, 44.1342437129182], [-122.614341908441, 44.133887036843], [-122.61527442169, 44.1338454198948], [-122.615813329114, 44.1338024728292], [-122.616271013564, 44.1335056090556], [-122.616728983679, 44.133163983247], [-122.61741270312, 44.1331513540419], [-122.61822071526, 44.1331391361796], [-122.61882089677, 44.133230661769], [-122.619399694782, 44.1334265537907], [-122.619516332937, 44.13306937117], [-122.619641037064, 44.1327604347069], [-122.619937105612, 44.132529744683], [-122.620274490375, 44.1325600420659], [-122.621768069791, 44.1323750872972], [-122.622887468551, 44.1322594266841], [-122.624710435029, 44.1322654299673], [-122.625568352176, 44.1321886612689], [-122.626568251647, 44.1321252801279], [-122.627105009403, 44.1321270319224], [-122.627734141817, 44.1321557459989], [-122.62849375812, 44.1320382409592], [-122.629438625, 44.1318946701517], [-122.630364815007, 44.1317776920039], [-122.629952023863, 44.1312116448649], [-122.629682033408, 44.1307522112669], [-122.629585345039, 44.1303469350202], [-122.629522474647, 44.1298226642025], [-122.629787024007, 44.1294562497151], [-122.629714989901, 44.1291360757238], [-122.630161759821, 44.1287242656889], [-122.630587854116, 44.1286589903027], [-122.630995690153, 44.1285536610112], [-122.631661886158, 44.1285691418251], [-122.63204534102, 44.1286935278806], [-122.632334971342, 44.1287541407521], [-122.632604164992, 44.128769927144], [-122.633225225145, 44.1288316031945], [-122.633680202074, 44.1289524249549], [-122.634114559971, 44.1290582577585], [-122.634487510833, 44.1290445321826], [-122.63406152164, 44.1285271232925], [-122.633801508773, 44.1277878292546], [-122.634104594062, 44.1269074132943], [-122.634008320714, 44.1264306787063], [-122.633880451822, 44.1257156302235], [-122.634478068641, 44.1253364026887], [-122.634644449208, 44.1251701872503], [-122.635425707723, 44.124475303678], [-122.635279951576, 44.1241015738317], [-122.635152951354, 44.1236879108779], [-122.635229929788, 44.1232082452552], [-122.635583674669, 44.12286277072], [-122.636065404325, 44.1227709898224], [-122.636418041583, 44.1225663497891], [-122.636995110338, 44.1220540791713], [-122.637903355599, 44.1218170057207], [-122.638236620688, 44.1217914000312], [-122.638474349048, 44.1222587338762], [-122.638676205883, 44.1225393212232], [-122.639083579287, 44.1225006161972], [-122.63939785489, 44.1225549319401], [-122.639630948841, 44.1226154311673], [-122.640021876788, 44.1227139162294], [-122.64016926158, 44.122899161128], [-122.640652633357, 44.1233383211413], [-122.640736617751, 44.1236689350117], [-122.641351818193, 44.1238275171449], [-122.641721541408, 44.1238953308138], [-122.641886245719, 44.1242024590891], [-122.642013455248, 44.1245894519195], [-122.641736029437, 44.1250241958187], [-122.64180513234, 44.1253753218737], [-122.641546510065, 44.1256112306785], [-122.641618525306, 44.1257425702851], [-122.641987059152, 44.1258957967702], [-122.64246807824, 44.1259239638439], [-122.642632633431, 44.1262577518652], [-122.642704904692, 44.1266683778104], [-122.642558739812, 44.1268618832304], [-122.642618900885, 44.1271903146981], [-122.643198079783, 44.1273264068799], [-122.643777528175, 44.1274177357849], [-122.643872986751, 44.1273130839052], [-122.643490239761, 44.1269520521962], [-122.643424958291, 44.1268089210374], [-122.643856597887, 44.1265244122194], [-122.644225279056, 44.1260894207885], [-122.644060796629, 44.1257423052629], [-122.6437666909, 44.1249757477315], [-122.644161814877, 44.1243295471848], [-122.644459438409, 44.1240771859475], [-122.644627354197, 44.1238510842462], [-122.644777161745, 44.1235582690985], [-122.644926889344, 44.1232787867048], [-122.645315915557, 44.1232133402192], [-122.645684923713, 44.1234011178063], [-122.645960445994, 44.1237485753149], [-122.646439541789, 44.1240966620791], [-122.64669491396, 44.1242478680385], [-122.647074798019, 44.1241445840527], [-122.64714846616, 44.1241211183084], [-122.647071537134, 44.1236320350048], [-122.647055332425, 44.1232453899251], [-122.647131736835, 44.1228456988441], [-122.647355474833, 44.122566440714], [-122.648096897556, 44.1223687631678], [-122.648449852818, 44.1221432249861], [-122.648785009758, 44.1217976532967], [-122.649138038682, 44.1215587822133], [-122.649434049738, 44.1215730209094], [-122.649654776583, 44.1218003230417], [-122.649950773266, 44.1221494853078], [-122.649974655876, 44.1222216608105], [-122.64958077337, 44.1224325797406], [-122.649649892443, 44.1226268232104], [-122.650203025587, 44.1229751210026], [-122.6508116836, 44.1233235869816], [-122.65093950039, 44.1236172570688], [-122.650973452216, 44.1241372651145], [-122.65096984009, 44.1247504748565], [-122.650810012733, 44.1252840949179], [-122.651315898985, 44.1256980239686], [-122.651666982158, 44.1257924112045], [-122.651757714697, 44.1260992987716], [-122.652461978608, 44.1265343533214], [-122.653029203625, 44.1263476451269], [-122.653096602424, 44.1260984946823], [-122.653329329863, 44.1257667292145], [-122.653225073187, 44.125197261685], [-122.653301594378, 44.1247709051197], [-122.653969933763, 44.1244129982313], [-122.654377232608, 44.1243875690629], [-122.654913377712, 44.1244825058589], [-122.655432179942, 44.1243774251205], [-122.656062948188, 44.1241127082968], [-122.656765341807, 44.1242614599577], [-122.657006697564, 44.1241288757401], [-122.657100360407, 44.1239772600014], [-122.657013517574, 44.1228812232236], [-122.657355844867, 44.1223758121289], [-122.656979423814, 44.1219432341851], [-122.656550915745, 44.1217037343002], [-122.656618982891, 44.1213704403125], [-122.657116656745, 44.1210860787722], [-122.65751347225, 44.1210872692091], [-122.658014653127, 44.1213120182304], [-122.658507929728, 44.1217899200637], [-122.658604528265, 44.1222428141926], [-122.658734472266, 44.1226481641008], [-122.659142753868, 44.1227755192861], [-122.659439004774, 44.122749739901], [-122.659641422157, 44.1229503057605], [-122.660046491383, 44.1233114476924], [-122.660192400243, 44.1236851457812], [-122.660431530873, 44.1239391453036], [-122.661097380128, 44.124007775859], [-122.661373985777, 44.1241818977268], [-122.661649679636, 44.124515985768], [-122.66220244537, 44.1249442109607], [-122.662514706949, 44.1253583912963], [-122.662808388673, 44.1257858462678], [-122.663119122218, 44.126140364055], [-122.663473353088, 44.1260144321482], [-122.66369562773, 44.1258707602915], [-122.663870728243, 44.1254892697698], [-122.664268516624, 44.1253236912063], [-122.664532404824, 44.1254435722477], [-122.664363652705, 44.1256704480905], [-122.664917277228, 44.1259520219295], [-122.665398367283, 44.1255026112111], [-122.666352767984, 44.1256748922151], [-122.666733438967, 44.1255174151133], [-122.66723282501, 44.1255721942908], [-122.668150392987, 44.125390958924], [-122.668667132684, 44.1252888898579], [-122.668930896916, 44.1254325818297], [-122.671180054707, 44.1254049806795], [-122.671603258224, 44.1250782667852], [-122.672085023813, 44.1249730026848], [-122.673071129653, 44.1242772610918], [-122.673468229026, 44.1242307540035], [-122.673798664422, 44.1242793406972], [-122.673772250359, 44.123690461886], [-122.673395463691, 44.1226770891395], [-122.676146165278, 44.1235633582287], [-122.676768400428, 44.1237638278235], [-122.676958130006, 44.1247091777563], [-122.67671817562, 44.1251137511324], [-122.676880006221, 44.1253300562978], [-122.677086475904, 44.125418180278], [-122.677421295078, 44.125370112317], [-122.677739372351, 44.1251177561698], [-122.677979324939, 44.1248734096978], [-122.678330884219, 44.1247932969586], [-122.678273753164, 44.1251008590497], [-122.678331000102, 44.1253183326898], [-122.678399517303, 44.1255931498017], [-122.678364683332, 44.1258696840845], [-122.678163582879, 44.1261087331175], [-122.678171066744, 44.1263805159175], [-122.678217300336, 44.1266488167666], [-122.678426748833, 44.1268833657388], [-122.678621015801, 44.1271237331705], [-122.67910690286, 44.1272482151219], [-122.679198819379, 44.1275448691924], [-122.679269425163, 44.1277727389851], [-122.679432463998, 44.1282019799801], [-122.679199026889, 44.1285586439651], [-122.678865492306, 44.1290581068785], [-122.679067853993, 44.1295438040006], [-122.678834665719, 44.1298528262812], [-122.678643080221, 44.1301091436866], [-122.679120887833, 44.1307738039052], [-122.679545363364, 44.1314463188555], [-122.679857420128, 44.1319271052245], [-122.679917795898, 44.1321256779406], [-122.680485285019, 44.1321954801711], [-122.680873326679, 44.1323165432795], [-122.680964581139, 44.1325567532039], [-122.680889538575, 44.132743176136], [-122.680720411858, 44.1332646267227], [-122.680985581055, 44.1333610450477], [-122.681505417245, 44.1331817639357], [-122.682419162891, 44.1324743297875], [-122.682553885031, 44.1320221008261], [-122.682786934067, 44.1317368930559], [-122.68252463858, 44.1313073818042], [-122.682758959631, 44.1307839641579], [-122.683388118096, 44.130642781751], [-122.685241995602, 44.1303144068771], [-122.686696457879, 44.1304613330479], [-122.687125781618, 44.1305816163154], [-122.687685893774, 44.1309881102034], [-122.688213064708, 44.1313706903201], [-122.68880601478, 44.1318249101196], [-122.689002332602, 44.1322304070455], [-122.689231979718, 44.13258835103], [-122.689560352582, 44.1330418477337], [-122.68942430902, 44.1337561157269], [-122.689300214848, 44.1344310847227], [-122.689708150599, 44.134727105057], [-122.690093996776, 44.1352747182293], [-122.690387997402, 44.1356887719715], [-122.690940658033, 44.1361968401191], [-122.691566884398, 44.1367984218904], [-122.691971411041, 44.1373194156826], [-122.692154508357, 44.137706506312], [-122.693320753362, 44.1376963111475], [-122.694098133849, 44.1377117257404], [-122.695318655961, 44.1376552377811], [-122.695952723719, 44.1377975903008], [-122.69706845915, 44.1377874912109], [-122.697407745646, 44.1377883912001], [-122.697940733172, 44.1378247072993], [-122.698473718902, 44.1378610220867], [-122.699006974126, 44.1378449738016], [-122.699444616264, 44.1375668767594], [-122.700104109938, 44.1376444559371], [-122.700673199857, 44.1377631682891], [-122.70130716431, 44.1379289350438], [-122.70171402298, 44.1379417198868], [-122.701764023209, 44.1379582439264], [-122.701768055746, 44.1376759620734], [-122.701968797771, 44.1372238818987], [-122.702312944153, 44.1372316131111], [-122.702340758689, 44.1369587262282], [-122.702539937645, 44.1368163168865], [-122.702937935334, 44.1366029620458], [-122.703830886777, 44.1366291022216], [-122.704634469325, 44.1369929237085], [-122.705189851851, 44.136981028991], [-122.705892788052, 44.137076155718], [-122.706113328048, 44.1373966638119], [-122.70613038436, 44.1376899867148], [-122.706644330297, 44.1377713971328], [-122.706837450117, 44.1373276723102], [-122.706772711229, 44.1370416520536], [-122.706873002741, 44.1368275172932], [-122.707203418374, 44.1368998289452], [-122.707433426612, 44.1372100937506], [-122.707592140058, 44.137813715317], [-122.707959662401, 44.1383612212137], [-122.708401760183, 44.1388022680037], [-122.708659014324, 44.1391895191064], [-122.708842358677, 44.1395499203038], [-122.708950805993, 44.1400834298692], [-122.709078161049, 44.1405370031043], [-122.709149655268, 44.1410570878222], [-122.709370162026, 44.1413909211846], [-122.709640923235, 44.1421117357614], [-122.709668142188, 44.1425793226961], [-122.710404711314, 44.1428255768866], [-122.710438249915, 44.1425400860813], [-122.710753544207, 44.1424209069441], [-122.711401341816, 44.1424492073132], [-122.711604326934, 44.1425830280814], [-122.711686358391, 44.1432538337126], [-122.711994828182, 44.1435414992662], [-122.712257732726, 44.1436543259177], [-122.712860896642, 44.1434650288638], [-122.713125886176, 44.1433942311082], [-122.713589360269, 44.1433239302781], [-122.713753496844, 44.1435863750668], [-122.713991939365, 44.1440841392971], [-122.714244124313, 44.1441360397769], [-122.714835955982, 44.1442574967646], [-122.715112558038, 44.1444848108749], [-122.715352102791, 44.1448415318757], [-122.715735745401, 44.1450065471222], [-122.71592402959, 44.1451066927566], [-122.715956522552, 44.1451239767215], [-122.716471556349, 44.145422766833], [-122.717608555801, 44.1451708811984], [-122.718219933013, 44.1450790750161], [-122.719274987247, 44.1451216638561], [-122.720439676369, 44.145471122084], [-122.720957167058, 44.1456590190683], [-122.721844362995, 44.1459677920031], [-122.72273213116, 44.146156580822], [-122.72365668264, 44.146398777176], [-122.724322238146, 44.14660034694], [-122.725098695165, 44.1468421740554], [-122.725330898886, 44.1473888568885], [-122.725551657172, 44.1475168922659], [-122.725860167387, 44.1478151442864], [-122.726065480938, 44.1480918968092], [-122.726374292089, 44.1483263960721], [-122.726373112601, 44.1485814021584], [-122.726210150123, 44.1487191422044], [-122.726002965381, 44.1488461498289], [-122.725898485025, 44.1491009080893], [-122.725956086798, 44.1494091821748], [-122.72595451295, 44.1497491921869], [-122.72585047726, 44.1499083217816], [-122.725628824252, 44.1499715433212], [-122.725333386321, 44.1500345862505], [-122.725170219028, 44.1502148242784], [-122.72502161073, 44.1504375990636], [-122.724624989261, 44.1507537586806], [-122.724377230312, 44.1508362790455], [-122.72399759329, 44.1509066070237], [-122.723634502337, 44.1509650990936], [-122.723386130738, 44.151178229941], [-122.723156783659, 44.1515912627094], [-122.723168354858, 44.1519020149243], [-122.722953017007, 44.1521033499759], [-122.722605742691, 44.1523043652968], [-122.722620677182, 44.1526368737127], [-122.722867501883, 44.1527562120481], [-122.723997011182, 44.1528250611268], [-122.724385526254, 44.1528926532985], [-122.724828287891, 44.1531409198522], [-122.725141473837, 44.1531772948271], [-122.725486982963, 44.1533562361484], [-122.725947994774, 44.1535235781544], [-122.72606256321, 44.1537138367983], [-122.72602798436, 44.1540581002939], [-122.725911494427, 44.154283425727], [-122.72559731225, 44.1544607807795], [-122.725168230158, 44.1545191198009], [-122.724855588591, 44.1543640050475], [-122.724811437293, 44.1543768862305], [-122.724492257788, 44.154469994684], [-122.7239799387, 44.1546943640299], [-122.723500767446, 44.1548831887433], [-122.723220836234, 44.1547875190314], [-122.72295767567, 44.1546325197059], [-122.722596817928, 44.1545650120239], [-122.722313854004, 44.1547615712241], [-122.722163694316, 44.1551292987978], [-122.722211333772, 44.155521255911], [-122.722374591795, 44.1558778721893], [-122.722470833701, 44.1562541413192], [-122.722566744129, 44.1562873080406], [-122.723629476263, 44.1561968687111], [-122.724426741858, 44.1559721718752], [-122.725074880827, 44.1559604021463], [-122.726055515029, 44.1561227277826], [-122.726684891785, 44.1561642271989], [-122.727591283821, 44.1563663552536], [-122.72829412031, 44.156541329113], [-122.728942202685, 44.1565428687914], [-122.72940414515, 44.1567572562186], [-122.729576028797, 44.1572012822765], [-122.729839109411, 44.1573800141861], [-122.72967260308, 44.1577239649918], [-122.729655134441, 44.1579376559656], [-122.729686820716, 44.1582227062428], [-122.729768040994, 44.158495998809], [-122.730246628343, 44.1584377597446], [-122.730544162043, 44.1582959751463], [-122.731006197933, 44.1582495683171], [-122.731638749335, 44.1580689468778], [-122.732082498221, 44.1582166269736], [-122.732283595979, 44.158790322776], [-122.732137055603, 44.1590989007023], [-122.732255415828, 44.1592024200066], [-122.732713412893, 44.1595405543048], [-122.733258916646, 44.1597865920897], [-122.733340905882, 44.1598936488624], [-122.733603902952, 44.1600961192328], [-122.733735161189, 44.1602507871395], [-122.733992910301, 44.1605635759495], [-122.734303103959, 44.1605111711376], [-122.735034681147, 44.1600700319812], [-122.735039844663, 44.1598857279271], [-122.734958279432, 44.1596836808844], [-122.735206431842, 44.159518020972], [-122.735665891364, 44.1594199188673], [-122.735856910923, 44.1596116181869], [-122.73627832769, 44.1595679957874], [-122.736475885188, 44.1596515697521], [-122.736779797825, 44.1598167549737], [-122.736977693089, 44.1598267110937], [-122.737182918605, 44.1597668229029], [-122.737299264807, 44.1593751917291], [-122.737393035448, 44.1591087912085], [-122.737875845778, 44.1588032919286], [-122.737840050609, 44.1585232622605], [-122.738136800079, 44.1584172960159], [-122.738492764697, 44.1586112961071], [-122.738673358409, 44.1588016917297], [-122.738804522322, 44.1589801010727], [-122.738984540213, 44.1593011102172], [-122.739115863128, 44.1594438977499], [-122.739263211089, 44.1596935867595], [-122.739261955244, 44.1599785602421], [-122.739396259667, 44.1602891452023], [-122.739261877091, 44.1606394757801], [-122.73905411563, 44.1608940097786], [-122.739037998057, 44.1612021088424], [-122.739199888845, 44.1613087319199], [-122.739702101886, 44.1612248748176], [-122.740101182044, 44.1610982792059], [-122.740367047435, 44.1610563817753], [-122.741119477216, 44.1611324672139], [-122.741384646413, 44.1612499452843], [-122.7420609296, 44.161136688917], [-122.742341798653, 44.1610304567021], [-122.743049783386, 44.1613345692277], [-122.743289710822, 44.1615217397014], [-122.743509196196, 44.1618880086937], [-122.743795009576, 44.1621265007771], [-122.743927146365, 44.1621758760009], [-122.744081494897, 44.1622335533039], [-122.744139434436, 44.1624886919814], [-122.744182062191, 44.1628713012661], [-122.744181756764, 44.1629418507583], [-122.744427613979, 44.1631130849119], [-122.744493286216, 44.1631844757198], [-122.744492466953, 44.1633744570494], [-122.744327002667, 44.1634928270306], [-122.744104355224, 44.1637742817406], [-122.744324112787, 44.1641572867285], [-122.745017864613, 44.1641588378075], [-122.745268478408, 44.1642337747862], [-122.745504237661, 44.164329929238], [-122.745784053889, 44.1644793071219], [-122.746033665163, 44.1647879970614], [-122.74610614663, 44.1650962929501], [-122.746267333138, 44.1653729109504], [-122.746532075636, 44.1655966311808], [-122.746923775236, 44.1656526967493], [-122.746938716015, 44.165649097203], [-122.748069429955, 44.1654116420065], [-122.748588089352, 44.1653861228798], [-122.749336677937, 44.1656028192355], [-122.750251190744, 44.1657642033165], [-122.750367979815, 44.1660725926939], [-122.750559338039, 44.1662005147225], [-122.751090340288, 44.1662973019717], [-122.751357068961, 44.1660535002821], [-122.751711381577, 44.1660436450924], [-122.751888084685, 44.1659317852865], [-122.75185579025, 44.1657654798449], [-122.751724671253, 44.1655633369484], [-122.751742411183, 44.1652665271989], [-122.751891518046, 44.1651124897698], [-122.752287658916, 44.1650539801473], [-122.752617816733, 44.1649953261225], [-122.753294132259, 44.164996788253], [-122.753689726954, 44.1650688849697], [-122.754590166754, 44.1649725893112], [-122.755203283105, 44.164853273104], [-122.755470114185, 44.1653458098284], [-122.755733406802, 44.1655007359048], [-122.75602283141, 44.1657660488377], [-122.756236412157, 44.1654560217535], [-122.75728516381, 44.165219067761], [-122.757599357665, 44.1650297522311], [-122.758292848082, 44.1648649849967], [-122.758771410278, 44.1648185008516], [-122.759035336207, 44.1648190588987], [-122.759364618166, 44.1649741139485], [-122.759468049289, 44.1652397102047], [-122.760421117788, 44.1656381761292], [-122.760456000269, 44.1661714801921], [-122.760361457975, 44.1666511912027], [-122.759802237846, 44.1668867417961], [-122.759521322979, 44.1670048907982], [-122.759191066348, 44.1671009421444], [-122.758790430307, 44.1676101150241], [-122.758980988132, 44.1679399017522], [-122.75925699191, 44.1681334890702], [-122.759335330392, 44.1681206501963], [-122.759665207934, 44.1681332177947], [-122.759747497208, 44.1681808881709], [-122.759878794071, 44.1683473987963], [-122.759811989059, 44.1685491152543], [-122.759773630996, 44.1685743378981], [-122.759981420304, 44.1687707859943], [-122.760304767993, 44.1690726040394], [-122.760568473834, 44.1691325259552], [-122.760584153029, 44.1693344169235], [-122.760418657303, 44.1694646830947], [-122.760352023868, 44.1695388130571], [-122.760508927209, 44.169693471028], [-122.761456436933, 44.1700278660207], [-122.761703809606, 44.1699538062617], [-122.762206706265, 44.1697104707252], [-122.762679133866, 44.1697008268465], [-122.763180451287, 44.1698506228383], [-122.763740564341, 44.1700642892203], [-122.764287146072, 44.1699697897598], [-122.764804413081, 44.1698221010675], [-122.765170473864, 44.1698899701659], [-122.765679615611, 44.1698555610692], [-122.766273314877, 44.1699042732409], [-122.766454266118, 44.1700352572361], [-122.766942581324, 44.1704215031712], [-122.767503047416, 44.1705501503086], [-122.767900339028, 44.170880343279], [-122.768120984127, 44.1710826728508], [-122.768253014016, 44.1712954468889], [-122.768322416956, 44.171475808121], [-122.768560252216, 44.1714762887863], [-122.768857110383, 44.1715006390533], [-122.769086822178, 44.1718216992704], [-122.769300546655, 44.1720121141145], [-122.76972874211, 44.1722029606794], [-122.769728002796, 44.1723929432468], [-122.769578923782, 44.1725470041883], [-122.769231686297, 44.1727481592649], [-122.768966844087, 44.1729732290512], [-122.768540991438, 44.1731554691005], [-122.768488693319, 44.1734498487936], [-122.768979567824, 44.1739642778002], [-122.768904878298, 44.1744843720769], [-122.769036750982, 44.1747396458998], [-122.769142028143, 44.1749588257603], [-122.7695487341, 44.1747996000709], [-122.769935139928, 44.1746971918284], [-122.770111169299, 44.1748086709889], [-122.770110334765, 44.1750229810892], [-122.770032395134, 44.175213323746], [-122.769766589929, 44.1754985373113], [-122.769254307672, 44.1757388698306], [-122.768899274607, 44.1759187819438], [-122.76844126856, 44.1760028571838], [-122.768028843928, 44.1757576369691], [-122.767615503913, 44.1757461720644], [-122.767128640385, 44.175660177155], [-122.766804719572, 44.1754363849226], [-122.766524800038, 44.1752870592695], [-122.766111254309, 44.1753287140074], [-122.765800547713, 44.1754980830942], [-122.765150825014, 44.1755286251568], [-122.765033897602, 44.1752308752907], [-122.765049799579, 44.1749440239454], [-122.765050179566, 44.1748483970707], [-122.764740444948, 44.1747733807996], [-122.764459770829, 44.1748153039237], [-122.76429665474, 44.1749955976942], [-122.764103967908, 44.1751864571542], [-122.763808061955, 44.1753452262923], [-122.763519962362, 44.17550398405], [-122.763317542284, 44.175435486796], [-122.763250521676, 44.1752991962492], [-122.763396085583, 44.174993736999], [-122.763189568289, 44.1749508082721], [-122.762644216351, 44.1747265443059], [-122.762038576678, 44.1748102868609], [-122.761595548241, 44.174841239046], [-122.761224037379, 44.1751880008561], [-122.76079652105, 44.1752858332011], [-122.760234302345, 44.1755821640883], [-122.759761049192, 44.1757830511015], [-122.759464057176, 44.1760012252377], [-122.759341729092, 44.17617602103], [-122.758854706563, 44.1763111479303], [-122.758852582047, 44.1763112696975], [-122.758828170329, 44.1764611081722], [-122.758812410286, 44.1767054569905], [-122.75873711799, 44.1770665587846], [-122.758676719762, 44.1773958158855], [-122.758808301392, 44.1777503781305], [-122.759023287104, 44.1780523119299], [-122.759103298249, 44.1783150622765], [-122.75902083111, 44.178655269082], [-122.758749371011, 44.1789464522948], [-122.75861403622, 44.1789947923172], [-122.758453221614, 44.1786637963085], [-122.758400518355, 44.1783330277941], [-122.75815803072, 44.178147735824], [-122.757766540428, 44.1780496550362], [-122.757509506374, 44.1781171860985], [-122.7573732562, 44.1783892017304], [-122.757183507757, 44.1785249510551], [-122.756805168801, 44.178514420846], [-122.756548492276, 44.1784944240737], [-122.756345349055, 44.1786009682211], [-122.756222644577, 44.1788632870571], [-122.756140561916, 44.1791062420933], [-122.756004503083, 44.1793296299898], [-122.755760573652, 44.1794944367031], [-122.755563846199, 44.1801138462498], [-122.755082351003, 44.1801056722706], [-122.754839664841, 44.1799689988931], [-122.754746318205, 44.1796673177847], [-122.754447720001, 44.1794511459707], [-122.754409483211, 44.179423465062], [-122.754247763103, 44.179316140296], [-122.753752608125, 44.1792341171708], [-122.75363859395, 44.1795676817643], [-122.753313249306, 44.179810110137], [-122.753138096691, 44.1796833050926], [-122.753191292227, 44.1792966578975], [-122.75255928161, 44.1791374407], [-122.752018818305, 44.1791168211589], [-122.751478068436, 44.1791642700584], [-122.750803041094, 44.1790071958939], [-122.750290262069, 44.1788310240157], [-122.750061353368, 44.1786360190376], [-122.749941086918, 44.1783148251929], [-122.750185684695, 44.1779944278272], [-122.750389163886, 44.1778100940877], [-122.750929494242, 44.1778599000746], [-122.751537267413, 44.1779390227526], [-122.751927605167, 44.1778488762483], [-122.752002939684, 44.1774877779566], [-122.752048522896, 44.1771797426908], [-122.751976262415, 44.1768076987464], [-122.751977643125, 44.1764783159503], [-122.751964526824, 44.1760851502446], [-122.752010464871, 44.1756921120614], [-122.752040883623, 44.1754796721599], [-122.751997304552, 44.1753095711163], [-122.751807117731, 44.1748947702259], [-122.751469078097, 44.1745327737435], [-122.751100666422, 44.1743725907747], [-122.750790322746, 44.1744462919135], [-122.750493849058, 44.1747325290964], [-122.750198088632, 44.174848761737], [-122.750139125014, 44.1748273817262], [-122.749963445985, 44.1744763609671], [-122.749786916252, 44.1743272197278], [-122.749403385931, 44.1742520017742], [-122.748960895585, 44.1741554021816], [-122.748473664647, 44.174164955775], [-122.748060429734, 44.1741321702173], [-122.747914200176, 44.1738024612804], [-122.748255516865, 44.1733888249967], [-122.748476931819, 44.1730600042678], [-122.748424536682, 44.1726708807255], [-122.747770226287, 44.1724425109034], [-122.747671747576, 44.1722517250349], [-122.747423587978, 44.1718465042843], [-122.747279484732, 44.1718354529168], [-122.747198086587, 44.1719290582955], [-122.746683589983, 44.1721710490119], [-122.746399503165, 44.1722482193169], [-122.746102404249, 44.1722086590056], [-122.746283969937, 44.171822538819], [-122.74585662878, 44.1716409570134], [-122.745591358972, 44.1715341129222], [-122.745413478173, 44.1717037222856], [-122.74553406083, 44.172401899203], [-122.745533057412, 44.1726353012499], [-122.745626597186, 44.1728786401826], [-122.745672582843, 44.1732449752542], [-122.745700739638, 44.1735637979837], [-122.745987419893, 44.1738130612708], [-122.74618935488, 44.173988563899], [-122.746404263337, 44.1742905227593], [-122.746416066302, 44.1746892812565], [-122.74610444073, 44.1748830938276], [-122.745698434561, 44.1750280690053], [-122.745251343044, 44.1752993779366], [-122.745236993355, 44.1754938501777], [-122.745668774885, 44.1756406896828], [-122.74614160044, 44.1756709172641], [-122.746500242935, 44.1755776161255], [-122.746870621022, 44.1756546647144], [-122.747424108103, 44.1759910901622], [-122.747390196701, 44.1761815830309], [-122.746788575192, 44.176264302994], [-122.746152817703, 44.1762058282716], [-122.745652755228, 44.1762241661765], [-122.74508571257, 44.1761061992874], [-122.744802233911, 44.1760374907668], [-122.744639953255, 44.1760663033205], [-122.744477167745, 44.1762118167775], [-122.743935385713, 44.1765023600573], [-122.743597096346, 44.1766085792279], [-122.743204963758, 44.1766660491391], [-122.742705192338, 44.176616298195], [-122.742025701268, 44.1767219102617], [-122.741741919876, 44.1768797301297], [-122.741744533075, 44.1768961608029], [-122.741864751016, 44.1772173649525], [-122.741904231075, 44.1774605838296], [-122.74145952189, 44.1779000422212], [-122.740887372309, 44.1782265707804], [-122.740616167332, 44.1784399111073], [-122.740385156573, 44.1787311417693], [-122.740181130308, 44.1790321589456], [-122.739855733562, 44.179274548289], [-122.739595368555, 44.1796167898491], [-122.739444671675, 44.1796193010752], [-122.73912967742, 44.1803061470292], [-122.739116703053, 44.1804958921856], [-122.738901228657, 44.18056686318], [-122.738732199857, 44.1803647922707], [-122.738518620008, 44.1800069872306], [-122.738519883937, 44.1797211357769], [-122.738305465961, 44.1795538977095], [-122.737643819923, 44.1794690067758], [-122.737464547633, 44.1791037488841], [-122.737343875145, 44.178889518039], [-122.737250706375, 44.1785683732495], [-122.737251568758, 44.1783738699162], [-122.73722549336, 44.1781598567529], [-122.736942551893, 44.1776984749995], [-122.736559063793, 44.177612587951], [-122.736145244976, 44.1777072607107], [-122.735893828088, 44.1778023082745], [-122.735465433207, 44.1778544438897], [-122.735096614595, 44.1777898367976], [-122.735052369873, 44.1777791099596], [-122.734771425361, 44.1778740858954], [-122.734195528907, 44.1778939971924], [-122.734036545966, 44.1781038507476], [-122.734211085033, 44.1783571117324], [-122.734574856909, 44.1786010880508], [-122.73468122193, 44.1789903431865], [-122.734410076241, 44.1791842157087], [-122.734019142904, 44.1789693518666], [-122.733844822128, 44.1786674652832], [-122.733519797286, 44.1788223112714], [-122.733235529906, 44.178928624832], [-122.732890994553, 44.1792441247738], [-122.732603043182, 44.1795053887115], [-122.732250168769, 44.1794886868978], [-122.732163801144, 44.179075737317], [-122.732363408597, 44.1788380810542], [-122.73277844014, 44.1784023959265], [-122.732860881228, 44.1781011068823], [-122.732930774649, 44.1775858358416], [-122.732877599774, 44.1773912068581], [-122.732711016188, 44.177122462049], [-122.732397286761, 44.177231027144], [-122.732134020196, 44.1774672667182], [-122.731808512059, 44.1777290829249], [-122.73148282426, 44.1780297991974], [-122.731251771281, 44.1783210132018], [-122.73114273467, 44.1785249852002], [-122.730898962444, 44.1786411137287], [-122.730588904432, 44.1784750541468], [-122.730360637129, 44.1781535836861], [-122.730172735622, 44.1778711100881], [-122.729903845603, 44.1775689930362], [-122.729877795358, 44.1773549769515], [-122.729730082681, 44.1771503991655], [-122.729609797367, 44.1768583579422], [-122.729488979351, 44.176683019123], [-122.729670616006, 44.1762045758073], [-122.729717431707, 44.1756521687821], [-122.729711098584, 44.175390094017], [-122.729711676201, 44.1752636666804], [-122.729454116633, 44.1749791697128], [-122.729248402433, 44.1749072841937], [-122.72892394802, 44.1748321372072], [-122.728495566614, 44.1748842470999], [-122.728096029213, 44.1750851777249], [-122.727607078001, 44.1752262590069], [-122.727061742233, 44.1755685743183], [-122.726871799754, 44.1757334482404], [-122.726546917743, 44.1757326712424], [-122.726470921169, 44.1763001598937], [-122.725947889671, 44.1765592328356], [-122.725417862992, 44.1766532436917], [-122.724731683066, 44.1763117071573], [-122.72459907556, 44.1763669501163], [-122.724520210665, 44.1767239461426], [-122.724100220422, 44.1769134322362], [-122.723554009695, 44.1772962507608], [-122.723140489118, 44.1772476071877], [-122.722843207844, 44.1771158699622], [-122.721521811214, 44.1772156821435], [-122.721053690137, 44.1774378428037], [-122.721095224642, 44.1779856292736], [-122.720598008929, 44.1781749141722], [-122.720256811716, 44.1780232671274], [-122.719960825813, 44.1776415440484], [-122.719445414724, 44.1772532818331], [-122.719744527662, 44.1767361420991], [-122.719558358108, 44.1763478661909], [-122.719315585708, 44.1762500188567], [-122.718677013796, 44.1762493327078], [-122.717794851119, 44.1762154073037], [-122.717188904222, 44.1760789723094], [-122.716771361888, 44.1757525020837], [-122.716762385922, 44.1753238561257], [-122.716896364257, 44.1749828782182], [-122.716648962838, 44.1743761981644], [-122.716391338591, 44.1745603377545], [-122.716134088043, 44.174666675751], [-122.715674565639, 44.1746849832087], [-122.715391221727, 44.1745967510678], [-122.715081509566, 44.1743722989105], [-122.714893413126, 44.1741481512944], [-122.714430646905, 44.1740004318303], [-122.713956573591, 44.17396749606], [-122.713793796166, 44.173419402944], [-122.713739959233, 44.1731493939472], [-122.713698533424, 44.1725936671603], [-122.71384818736, 44.1723366501989], [-122.713997806262, 44.1721327959665], [-122.714025628883, 44.1719675356957], [-122.713850777203, 44.1717034020581], [-122.713348438398, 44.17178714504], [-122.713054063174, 44.1716057738188], [-122.712833656129, 44.1713927141759], [-122.712338288251, 44.1716229179372], [-122.71206724497, 44.1717875632038], [-122.711782264328, 44.1720396999218], [-122.711389609819, 44.1722040366864], [-122.710969834273, 44.1723877539462], [-122.710603963034, 44.1726007829334], [-122.710348041993, 44.1724348049206], [-122.709916370058, 44.1722878317913], [-122.70957899877, 44.1721994491597], [-122.709079101585, 44.1721884506922], [-122.708767654778, 44.172323810307], [-122.708552182179, 44.1721773819922], [-122.708066084016, 44.1721080658137], [-122.707768629367, 44.1721462061198], [-122.70757821168, 44.1723985732574], [-122.707631586879, 44.1725348627763], [-122.707914573262, 44.1726911900303], [-122.707927125421, 44.172885726283], [-122.707885004316, 44.1732065502318], [-122.707870243199, 44.1734593670648], [-122.70774767257, 44.1736535580161], [-122.707369423445, 44.1736331388675], [-122.707290079747, 44.1732828287542], [-122.707237859782, 44.1729131370744], [-122.706981802196, 44.1727763278278], [-122.706861059639, 44.1726009652734], [-122.706747573673, 44.17217415397], [-122.706572055443, 44.1718443181085], [-122.706337225048, 44.1715674546859], [-122.705910590865, 44.1712688478405], [-122.705423747998, 44.1712038417825], [-122.704907488899, 44.1711175058433], [-122.704361650973, 44.1710417180757], [-122.703802328436, 44.1708911660884], [-122.703559556934, 44.1708030081684], [-122.703290054264, 44.1706564311029], [-122.701722786046, 44.1705718617687], [-122.701140396569, 44.170551283047], [-122.701001055292, 44.1700223678734], [-122.700438976724, 44.1697568298789], [-122.699999619701, 44.1693835612377], [-122.699757697107, 44.1691300690521], [-122.699529733434, 44.1687890881945], [-122.699464351353, 44.1683610082724], [-122.699060500242, 44.1680681870168], [-122.698413455421, 44.1677747250985], [-122.697898384793, 44.1676140720737], [-122.697722493762, 44.1673692242173], [-122.69751746318, 44.167049920162], [-122.697135027007, 44.1667832727041], [-122.696678080074, 44.1666545561349], [-122.696221408024, 44.1664727122661], [-122.69580004785, 44.1662146131347], [-122.695220108079, 44.165991903708], [-122.694704785025, 44.1657355191176], [-122.694233913306, 44.1654473746938], [-122.693763981224, 44.1649786002228], [-122.693484791122, 44.1647334682026], [-122.693324404115, 44.1643505249516], [-122.693281443085, 44.1640954007701], [-122.693272508441, 44.163554678823], [-122.692800882137, 44.1632349391171], [-122.692725797352, 44.1630707500654], [-122.692222722827, 44.1630803872951], [-122.6918310376, 44.1630598800674], [-122.691371953574, 44.163010013894], [-122.690804487809, 44.1630182050645], [-122.690466688923, 44.1630270161618], [-122.690149675256, 44.1630246118466], [-122.689858629189, 44.1631674870301], [-122.689585728192, 44.163310410843], [-122.689349111946, 44.1634534329045], [-122.689039921707, 44.1635962567855], [-122.688204571137, 44.1637376458686], [-122.687804934922, 44.1638279789122], [-122.687326280199, 44.1641757637046], [-122.687217017213, 44.1643991450096], [-122.687121623316, 44.1645544872763], [-122.686912881794, 44.1647501522859], [-122.687522638446, 44.1652860902709], [-122.687763847778, 44.1655486867842], [-122.688025011387, 44.1656567170801], [-122.688695677408, 44.1654125048443], [-122.689026479317, 44.16543722685], [-122.689157474346, 44.1656996158424], [-122.689280894782, 44.1664418201266], [-122.690226027563, 44.1665988349714], [-122.690769269358, 44.1671362807421], [-122.691714786619, 44.1677877090295], [-122.691806672595, 44.1678010318929], [-122.692093945738, 44.167398869019], [-122.692424390117, 44.1674950427977], [-122.693097189637, 44.1681430462166], [-122.694309288246, 44.1685826307484], [-122.694639908695, 44.1686232031956], [-122.695234249358, 44.1688470386806], [-122.695861310258, 44.1691423967376], [-122.696223671779, 44.1694449848072], [-122.695714195859, 44.1698722520803], [-122.695158395616, 44.1701779369584], [-122.694940055594, 44.1705955377925], [-122.694561330362, 44.1706723287144], [-122.694262312645, 44.1710119101568], [-122.693729288288, 44.1713292011557], [-122.694370427585, 44.1713424562094], [-122.694869003347, 44.1712568730457], [-122.694923835614, 44.1711206553155], [-122.695154689167, 44.170897590701], [-122.695622219153, 44.1706022549644], [-122.696284216432, 44.1705405168766], [-122.697936397004, 44.1704852117579], [-122.698875133781, 44.1706070030541], [-122.69962874844, 44.1709138980411], [-122.699772532784, 44.1716168980378], [-122.699714788179, 44.1721072571964], [-122.699584374359, 44.1723985687472], [-122.698882422712, 44.1727944309822], [-122.698144368671, 44.1730443663111], [-122.697217341434, 44.1730645530691], [-122.697166698011, 44.1733131580554], [-122.696967026778, 44.1737390410571], [-122.696915469769, 44.1741653152912], [-122.696938154925, 44.1745562529573], [-122.697036536618, 44.1746275822386], [-122.697874692626, 44.1748607738153], [-122.698689887695, 44.1747563239316], [-122.699331913629, 44.1747224820703], [-122.700202907552, 44.1745968032552], [-122.700892538805, 44.1745013581516], [-122.701541141305, 44.1745030539239], [-122.702203498809, 44.1744561572966], [-122.702716487141, 44.1745547453191], [-122.703120741596, 44.1747794757584], [-122.703214549068, 44.1749353228682], [-122.703056350356, 44.1753718408978], [-122.703599723305, 44.1753199498473], [-122.703968511374, 44.175622948198], [-122.703967977774, 44.1757295490762], [-122.7039391706, 44.1759486228176], [-122.703789069303, 44.1762399907731], [-122.703571693173, 44.176472831934], [-122.703222739008, 44.1766515067481], [-122.703190813781, 44.1768228312456], [-122.703146628347, 44.177059953162], [-122.703195201153, 44.1772199838723], [-122.70371221304, 44.1775056000568], [-122.704279671618, 44.1775781389062], [-122.7044844893, 44.1775407997036], [-122.705144532743, 44.1774204710197], [-122.705001256845, 44.1770405937164], [-122.704785629736, 44.1769233339296], [-122.704787279043, 44.1765926819281], [-122.70507153744, 44.1764961641264], [-122.705625763834, 44.1764586928077], [-122.706193502687, 44.1764212536788], [-122.706855782935, 44.1763937788025], [-122.706986651302, 44.176404420849], [-122.70734057405, 44.176086005195], [-122.707507716388, 44.1757529389033], [-122.707838701553, 44.1757537848387], [-122.708168983337, 44.1758975563027], [-122.708399264663, 44.1761839977624], [-122.708299466327, 44.1768448341813], [-122.708405701092, 44.1772243880383], [-122.708201325382, 44.1775642467954], [-122.708145593902, 44.1779044862801], [-122.708548501781, 44.1784112246975], [-122.709594041957, 44.1782840552208], [-122.710091081601, 44.1783516021208], [-122.710255961981, 44.1785376182273], [-122.710074900247, 44.1788899928457], [-122.710592046882, 44.1791578122017], [-122.711281654779, 44.179746602961], [-122.711722800347, 44.1799465719308], [-122.711758285598, 44.1802250587674], [-122.711407371308, 44.1804097708484], [-122.71109090741, 44.1808003540243], [-122.711076016038, 44.1810823471749], [-122.710750489935, 44.1813246527165], [-122.710533739932, 44.1814310809448], [-122.710277162222, 44.1813915300148], [-122.709941180627, 44.1809861742932], [-122.709323430766, 44.1810912071112], [-122.708933589781, 44.1814773117055], [-122.708544900435, 44.1818475178882], [-122.708175215848, 44.1820984558859], [-122.707473864275, 44.1823618021285], [-122.70721976322, 44.1821163268406], [-122.706874110364, 44.1821154410557], [-122.706635837624, 44.1825978852192], [-122.70663414969, 44.1829382618604], [-122.70676794387, 44.1832109110411], [-122.706942332918, 44.1834739379486], [-122.707063049424, 44.1836590270093], [-122.706994704699, 44.1838144538301], [-122.706764329049, 44.1839402907945], [-122.706493188751, 44.1842465173027], [-122.706392487607, 44.1846371336809], [-122.706119568644, 44.1849029390012], [-122.705772307803, 44.1852218533003], [-122.704809190749, 44.1852549019564], [-122.703153927159, 44.1854460522265], [-122.702561169327, 44.1854800438225], [-122.702166115418, 44.1854790150823], [-122.701203529269, 44.1854054327332], [-122.700241307835, 44.1852607761689], [-122.699674049581, 44.1851349149678], [-122.698424979009, 44.1848930869611], [-122.697448407888, 44.1847102512476], [-122.696396708862, 44.1846879220716], [-122.696247278606, 44.1847200620908], [-122.696027134768, 44.1847710629889], [-122.695825639056, 44.1847932298005], [-122.695618024919, 44.1848882446835], [-122.695571815581, 44.1850318669723], [-122.695256010148, 44.1852640021864], [-122.694950635952, 44.1853395429948], [-122.693970426653, 44.1856738421827], [-122.693904195664, 44.1853906071298], [-122.693419512347, 44.1855331427685], [-122.692718535372, 44.1857036008195], [-122.691980707706, 44.1858739553111], [-122.691789643232, 44.1858045669818], [-122.691626659195, 44.1859152888613], [-122.691697443744, 44.1863355623169], [-122.691792536705, 44.1871457342657], [-122.691236544223, 44.1873299190058], [-122.690495489809, 44.1872326290511], [-122.689689958816, 44.1870608838944], [-122.688827951639, 44.1869173728347], [-122.688572030598, 44.1867513481583], [-122.688194113849, 44.186653065246], [-122.687896726574, 44.1866619797427], [-122.687392910939, 44.1869675151066], [-122.687316017846, 44.1875003171085], [-122.687808352113, 44.1877859382448], [-122.68829994078, 44.1882136897185], [-122.688199112075, 44.1886042907589], [-122.687603404176, 44.1891889768242], [-122.687009469551, 44.1894360922392], [-122.686366617168, 44.1895942316995], [-122.686018281043, 44.1900907537391], [-122.685570127718, 44.1907824367187], [-122.68560079171, 44.1909062201967], [-122.685998858569, 44.1911460648005], [-122.685943864605, 44.1915270511863], [-122.685298796078, 44.191702074049], [-122.684782679811, 44.1917404213201], [-122.6842317682, 44.1913942180379], [-122.683518702596, 44.1911321140523], [-122.682556146091, 44.1910406080376], [-122.681692745627, 44.1908783018365], [-122.680706172662, 44.1906623437529], [-122.680362007416, 44.1903771082103], [-122.679450489592, 44.1899836776996], [-122.67887997225, 44.1896625469648], [-122.678257920357, 44.1895625162402], [-122.677649913623, 44.1895219008718], [-122.677394915152, 44.1891905253125], [-122.67703051715, 44.1890922438907], [-122.6767326367, 44.1891886528268], [-122.676367123889, 44.1892945947117], [-122.675803949376, 44.1893953221931], [-122.675491678814, 44.1892220947545], [-122.675401522993, 44.1888638990187], [-122.67484974361, 44.1886899898113], [-122.67455641672, 44.1884240141233], [-122.674337225994, 44.1880787092626], [-122.674191664782, 44.1879202449526], [-122.673215568869, 44.1880231249308], [-122.672288090678, 44.1881157519278], [-122.671725564748, 44.1880664950398], [-122.671329490353, 44.1878509672483], [-122.670560352807, 44.1875114151396], [-122.67019739211, 44.1872959787203], [-122.670264931046, 44.1870579633039], [-122.67062921586, 44.1870351937721], [-122.671071651409, 44.1869417502216], [-122.671270164714, 44.1866121019599], [-122.671239973235, 44.1860879520683], [-122.671671254403, 44.1859224448975], [-122.672354033308, 44.1859607791806], [-122.672765105077, 44.1858571438607], [-122.673241963169, 44.1858299239621], [-122.673598646439, 44.1859833977486], [-122.673823018648, 44.1861174367266], [-122.673967155131, 44.1863941719294], [-122.674140062857, 44.1864980820053], [-122.674199108223, 44.1863946769512], [-122.674188078708, 44.1860067281101], [-122.674190232868, 44.1856158579863], [-122.674314469871, 44.1854740749388], [-122.674413916068, 44.1853499888867], [-122.674365220193, 44.1852254799957], [-122.67419326558, 44.1850650857971], [-122.673823689689, 44.1849218951875], [-122.673039110103, 44.1849574150715], [-122.672660046206, 44.1850730310507], [-122.672403909569, 44.1849555952738], [-122.672364711582, 44.1847123532032], [-122.671919585578, 44.1845554741901], [-122.671378993814, 44.1845539191382], [-122.67098722684, 44.184523614944], [-122.670622273679, 44.1845322888392], [-122.670283103066, 44.1847647152566], [-122.669916954248, 44.1849873370465], [-122.669591674283, 44.1851517246916], [-122.668983175273, 44.185208314065], [-122.668578489627, 44.1850709877279], [-122.668384759851, 44.1849304562931], [-122.668363123928, 44.1849147609318], [-122.667944328444, 44.1848843699592], [-122.667443005633, 44.1854339630716], [-122.667145700105, 44.1858838348864], [-122.666811914892, 44.1862673146974], [-122.66605513457, 44.1865169880783], [-122.665095989867, 44.1867130350023], [-122.66447079387, 44.1864990881821], [-122.664035439741, 44.1854175502376], [-122.663915627838, 44.1850962657904], [-122.663836860859, 44.1846875767916], [-122.663661739684, 44.184214809273], [-122.663517601404, 44.1838841537121], [-122.662540378105, 44.1833258817423], [-122.662229460405, 44.182979721155], [-122.662002669034, 44.1825137240407], [-122.662088420414, 44.1821086942732], [-122.662172880915, 44.1819288190845], [-122.661988400194, 44.1817482901167], [-122.661822187612, 44.1814558361775], [-122.66168407523, 44.1811433301551], [-122.661574344221, 44.1807604348204], [-122.661548667676, 44.1803576523098], [-122.661704741871, 44.1799755442763], [-122.661720170436, 44.1797238988938], [-122.661028799146, 44.179502487718], [-122.66051323175, 44.1794611870371], [-122.659941869093, 44.1795125152468], [-122.659149755337, 44.179510154123], [-122.658579001738, 44.179455421767], [-122.658064893206, 44.179162229752], [-122.657866220899, 44.1784741013055], [-122.657839290306, 44.1782928028341], [-122.657980345568, 44.1780918721867], [-122.658420681754, 44.1778948392315], [-122.658151187169, 44.1776088332245], [-122.657837634711, 44.1777279780273], [-122.657482713935, 44.17778695698], [-122.657253631859, 44.1777262269418], [-122.656650031362, 44.1778152558525], [-122.65663687823, 44.1779219571365], [-122.656952121317, 44.1780658850212], [-122.657048657871, 44.1785425969626], [-122.657112511918, 44.1789477459325], [-122.657209051167, 44.1794244578306], [-122.656778193105, 44.1795184493011], [-122.65623814572, 44.1793853687609], [-122.655986394658, 44.1793745442891], [-122.655623138415, 44.1792929090764], [-122.655022003793, 44.1792206210128], [-122.654910557901, 44.1791397438571], [-122.65468837309, 44.1788571777028], [-122.654480002571, 44.1786048568875], [-122.653473581331, 44.1785794497695], [-122.652679770657, 44.1780829422204], [-122.652050252866, 44.1778524769829], [-122.651911369729, 44.1776809042173], [-122.651787186625, 44.1773885641083], [-122.6517183083, 44.1772071379568], [-122.651299352916, 44.1770850458907], [-122.650949569606, 44.1770940449441], [-122.65057228617, 44.1770224177754], [-122.650368918369, 44.176764650218], [-122.649961415607, 44.1764464188373], [-122.649597535035, 44.1761622477792], [-122.649519199247, 44.1759762042066], [-122.649461145622, 44.17571875808], [-122.649362782793, 44.1755612372715], [-122.649224956076, 44.1753607160985], [-122.648986818084, 44.1753313987278], [-122.648933394375, 44.1753542462282], [-122.648787719976, 44.1754165443108], [-122.64876692757, 44.1755736989112], [-122.648770496577, 44.1755977562726], [-122.648805119444, 44.1758310838207], [-122.649021619716, 44.1761604798961], [-122.649099105698, 44.1764894502028], [-122.64885986188, 44.176645933839], [-122.648543555187, 44.1764019861541], [-122.648484826927, 44.176258878875], [-122.64833898544, 44.1760822361972], [-122.648307369234, 44.1760439431668], [-122.648029424197, 44.1760287937165], [-122.647874360606, 44.1763711481796], [-122.64765987795, 44.1765505571231], [-122.647291484242, 44.1765553459671], [-122.647318443582, 44.1768361578665], [-122.647466981811, 44.1770990076947], [-122.647784819233, 44.1770856959512], [-122.648181328413, 44.1772012597205], [-122.648100360561, 44.1774582780299], [-122.647980522607, 44.1775722497546], [-122.648409000133, 44.1779496890018], [-122.648605759028, 44.1782599680314], [-122.648570678918, 44.1785933551702], [-122.648866063848, 44.1789470688343], [-122.649243659898, 44.1789053509397], [-122.649515432611, 44.1787877431041], [-122.649291419729, 44.1783474228817], [-122.649236658429, 44.1781459009984], [-122.649378220341, 44.1778644420631], [-122.64989796131, 44.1775036009255], [-122.650178633632, 44.1773534461915], [-122.650556217106, 44.177374737023], [-122.650610923608, 44.1775863248324], [-122.65045603429, 44.1777570010706], [-122.65020220812, 44.1780985240797], [-122.650243221603, 44.1782597322361], [-122.650423534142, 44.1785220429266], [-122.65046490695, 44.1786228461539], [-122.650520270121, 44.178723691729], [-122.650919372738, 44.178838767173], [-122.651315313284, 44.1790543659254], [-122.651579412588, 44.1791742770291], [-122.651843514586, 44.1792941878889], [-122.651974655143, 44.1795089771044], [-122.652369341641, 44.1799389577652], [-122.652366821867, 44.1803677299428], [-122.652298239088, 44.1807724791941], [-122.651396959363, 44.1808557409489], [-122.651078800344, 44.1814301449009], [-122.650952143279, 44.1816849370624], [-122.650933567916, 44.1817014997485], [-122.65096195917, 44.1821077691915], [-122.651044296054, 44.182379848227], [-122.651000722373, 44.1826515401302], [-122.650775097015, 44.182952881293], [-122.650619717217, 44.1832040960992], [-122.650589832962, 44.1835261690427], [-122.650672052167, 44.1838183820923], [-122.65083839231, 44.184080648727], [-122.6504597084, 44.1842808928796], [-122.650473388843, 44.1842909530932], [-122.650681226661, 44.1846338883037], [-122.651044093035, 44.1847860117861], [-122.651631230108, 44.1848683447669], [-122.652357683305, 44.1850517758521], [-122.653098308324, 44.1852050423082], [-122.653615851116, 44.1852267477286], [-122.65414726659, 44.1852686292795], [-122.654608377215, 44.1853707002969], [-122.654887547555, 44.1854822881122], [-122.654999064414, 44.1855530978592], [-122.655011998357, 44.1857343540361], [-122.654772564995, 44.1860054571731], [-122.654268183421, 44.1861247441167], [-122.654015108242, 44.1863353980558], [-122.654181234586, 44.1866379288281], [-122.654725832837, 44.1868207939913], [-122.655975124394, 44.1868980436803], [-122.656453521301, 44.1870055388721], [-122.656877340163, 44.1869935556782], [-122.657301697117, 44.1868887742898], [-122.657706785208, 44.1869297592849], [-122.657816482979, 44.1870759152068], [-122.657722983629, 44.1873142609998], [-122.658533379898, 44.1875830121739], [-122.658771983217, 44.1875408481982], [-122.659030037757, 44.1875702033002], [-122.659577275259, 44.1877927301119], [-122.659410103276, 44.1880780838007], [-122.659606268385, 44.1885074467184], [-122.660300117229, 44.1887477217037], [-122.660430625371, 44.1890816047784], [-122.660097922628, 44.1893664678433], [-122.65973375729, 44.1893653837759], [-122.659403930952, 44.1891500108162], [-122.658974239802, 44.1890296253091], [-122.658186374179, 44.1891970400419], [-122.658185135402, 44.1894114260264], [-122.65774817239, 44.1893293969784], [-122.657286335027, 44.1895401251338], [-122.656843458406, 44.1896581083011], [-122.656190876369, 44.1899260417037], [-122.655895698052, 44.1901567077317], [-122.655810105673, 44.1904383437311], [-122.655892007773, 44.1907909576823], [-122.656047966984, 44.1911500672907], [-122.656520080175, 44.1914070582859], [-122.656591547444, 44.1917917253127], [-122.656479072082, 44.1921228112175], [-122.656177062975, 44.1923019590336], [-122.655656762356, 44.1927433672465], [-122.655403603634, 44.1929640916901], [-122.655238594795, 44.1931715658074], [-122.655273552734, 44.1934617240795], [-122.655401218607, 44.193697145043], [-122.655546925346, 44.1939892368243], [-122.655379471292, 44.1942671291831], [-122.655028141981, 44.194478179754], [-122.654792185099, 44.1945816942886], [-122.654867468411, 44.1949725461774], [-122.654336746436, 44.1951376878699], [-122.653195552751, 44.1950954623158], [-122.652814685036, 44.1952562832853], [-122.652248243351, 44.1953934789786], [-122.651559043288, 44.1955114620214], [-122.650807778623, 44.195539188833], [-122.649871186125, 44.1954151922403], [-122.649908464412, 44.1958297907963], [-122.649907025311, 44.1960727609258], [-122.64980532614, 44.1964726428159], [-122.649228278944, 44.196628091238], [-122.648910846662, 44.1965556518258], [-122.64789887024, 44.1963524422957], [-122.64771188771, 44.1963518652254], [-122.64773512533, 44.1964904269744], [-122.647877684372, 44.1970762752339], [-122.647896760995, 44.1973765431051], [-122.648019443914, 44.1977972152883], [-122.64816406459, 44.1980378272284], [-122.648246183183, 44.1982632377744], [-122.648623126158, 44.1983228408571], [-122.648766029255, 44.198545620748], [-122.649328997155, 44.1986268177664], [-122.649468419281, 44.1985709600105], [-122.649663632175, 44.1984927512061], [-122.649957155796, 44.198253483284], [-122.650042390645, 44.1979535348144], [-122.650148134032, 44.1977136902219], [-122.650523956807, 44.1976698087618], [-122.650793596021, 44.1979408222234], [-122.650846329824, 44.1979893012386], [-122.651276365028, 44.1975581287368], [-122.651762188307, 44.1976074182666], [-122.653132368847, 44.1972564017484], [-122.653272327266, 44.1967151510888], [-122.653763082296, 44.1965927709575], [-122.654743809024, 44.1964813980352], [-122.6554357211, 44.1965589577313], [-122.656019361032, 44.1961670710655], [-122.658137978341, 44.1962448933049], [-122.658501223804, 44.196412726785], [-122.658300361405, 44.1967932617813], [-122.65793394399, 44.1971733009835], [-122.657633882431, 44.197529718262], [-122.657929947386, 44.1978640977276], [-122.65817164091, 44.1983311308119], [-122.658595361856, 44.1983234340089], [-122.659172698309, 44.1978572587185], [-122.659585357401, 44.1974964098561], [-122.660169309049, 44.1972885239657], [-122.660857515574, 44.1973763241313], [-122.660935395916, 44.1976528789528], [-122.660510484702, 44.1978421850732], [-122.660248605135, 44.1979354149115], [-122.660132597598, 44.1981971749962], [-122.660603368706, 44.1990685341044], [-122.660989812263, 44.1991624800857], [-122.661264626671, 44.1994416921139], [-122.661022713958, 44.1998519390779], [-122.66046851631, 44.2000889187788], [-122.660116789944, 44.2003662690984], [-122.659879737117, 44.2006988930116], [-122.659856829179, 44.2010990371708], [-122.660119945725, 44.2016014881358], [-122.661685040919, 44.2015761108929], [-122.662366673573, 44.2017883240955], [-122.662962435372, 44.2021013588606], [-122.663496724556, 44.2023549198839], [-122.663866262718, 44.2025931710442], [-122.664380125112, 44.2028170211845], [-122.665057935435, 44.2031913377944], [-122.665444035835, 44.2033515519386], [-122.665811036257, 44.2036310223107], [-122.666003034979, 44.2037963921732], [-122.66663762915, 44.2038450859641], [-122.666802663143, 44.2039408512682], [-122.666933912395, 44.2041556228027], [-122.66663405116, 44.2047470108224], [-122.666614352004, 44.2049723210015], [-122.666484224747, 44.2051707947785], [-122.66635394837, 44.2053957832922], [-122.665892914101, 44.2054474630555], [-122.665764808952, 44.2052880061057], [-122.665581716127, 44.2050753592476], [-122.665306027658, 44.2049419809406], [-122.665215234034, 44.2047030908112], [-122.665143019367, 44.2044377399132], [-122.664628735663, 44.2041313220843], [-122.664058493206, 44.2039440492166], [-122.663709551617, 44.203730911309], [-122.663038687068, 44.2031836390504], [-122.662195400781, 44.2029143401513], [-122.661739622556, 44.2027063651875], [-122.661154178807, 44.2026362902257], [-122.660822086019, 44.2027015900595], [-122.66063666027, 44.2028998918165], [-122.66043219383, 44.2032041947913], [-122.660044049762, 44.2034018953161], [-122.659803941765, 44.2034939790999], [-122.659508318781, 44.2036256676827], [-122.659304762334, 44.2037708870816], [-122.658973119603, 44.2037566411637], [-122.658821172267, 44.2040840401058], [-122.658688715679, 44.2040836440661], [-122.658261396979, 44.2035344837352], [-122.657829259717, 44.2038190431787], [-122.656933104881, 44.2041736693125], [-122.656068807, 44.2047427742103], [-122.655438239976, 44.2049790831978], [-122.654973103102, 44.2052397101834], [-122.654576281309, 44.2051432270485], [-122.654245131752, 44.2051422250537], [-122.653945581334, 44.2054397002111], [-122.653958890773, 44.20546883003], [-122.654179977843, 44.2058993361108], [-122.655520989187, 44.2060157088586], [-122.656001869037, 44.2062290922134], [-122.65626070601, 44.2059105787852], [-122.656558882904, 44.2058876542623], [-122.656756329908, 44.2061026357086], [-122.656886025974, 44.206579444821], [-122.6570535483, 44.2071796007732], [-122.657459269703, 44.2072721377757], [-122.657538438229, 44.2078976760113], [-122.657081530821, 44.2081642901541], [-122.65667363819, 44.2089817048287], [-122.656771841118, 44.2092571807138], [-122.656870461763, 44.2094608718091], [-122.656852578103, 44.2096761769773], [-122.65673391784, 44.2100586810004], [-122.656067384069, 44.2102600699585], [-122.655451723689, 44.2102941077692], [-122.654936143716, 44.2102805871717], [-122.654137580955, 44.2103021017775], [-122.653188750707, 44.2104188689071], [-122.652439944731, 44.2104644510629], [-122.652291859253, 44.2101888192054], [-122.652492448564, 44.2100219277181], [-122.6533418937, 44.2098330779826], [-122.654357178618, 44.2097284749979], [-122.654657424332, 44.2095858117865], [-122.654495062827, 44.2089241312001], [-122.654062313812, 44.2089228208347], [-122.653485748113, 44.208846961252], [-122.652043687978, 44.2087684628041], [-122.651614364239, 44.2091818502129], [-122.651330820002, 44.2093570949431], [-122.650915039265, 44.2095996699506], [-122.650914078067, 44.2097622297975], [-122.650686151225, 44.2100866598147], [-122.650515283573, 44.2103164349706], [-122.650210228279, 44.2105892530494], [-122.650009062249, 44.2108518532131], [-122.64965875612, 44.2110182806786], [-122.648960268375, 44.210992208226], [-122.648744950287, 44.2108360102205], [-122.648492221858, 44.2105842531967], [-122.648184059291, 44.2108645681693], [-122.648116546406, 44.2110787491242], [-122.647816494728, 44.2114113177046], [-122.647120012922, 44.2115759149553], [-122.646556429676, 44.2116694572368], [-122.645894630925, 44.2115721231152], [-122.645399855934, 44.2112370951433], [-122.645070104156, 44.2109978622378], [-122.644608168877, 44.2107105738768], [-122.644577772583, 44.2102578819876], [-122.644509046074, 44.209865756115], [-122.643959917619, 44.2098999377441], [-122.64376153996, 44.2096959262143], [-122.64369078775, 44.2096385509632], [-122.642630451423, 44.2096923931033], [-122.642261698388, 44.2098103629675], [-122.641963800871, 44.209905663978], [-122.641463775227, 44.2100715970251], [-122.641723516803, 44.2102233998649], [-122.641820182715, 44.2103267180364], [-122.641922066939, 44.2104168998674], [-122.642054583715, 44.2105255671934], [-122.642187732006, 44.2106285171704], [-122.642342049996, 44.2107134173157], [-122.64248983364, 44.2108117341503], [-122.642556132003, 44.2109384657896], [-122.642601317261, 44.2110789171797], [-122.642671967064, 44.2112041331727], [-122.642776316265, 44.2113254173197], [-122.642912434387, 44.2114212000817], [-122.643091984256, 44.2114739002695], [-122.643297550234, 44.2114658330171], [-122.643477065967, 44.2115101832529], [-122.643657516847, 44.2115714669961], [-122.643780485429, 44.2116028029517], [-122.644022765553, 44.2116306838059], [-122.644092065187, 44.2116822042108], [-122.644153865685, 44.211728149827], [-122.644275431998, 44.2118378327117], [-122.644412649658, 44.2119387341403], [-122.644527534301, 44.212052317258], [-122.644590582559, 44.2121909657075], [-122.644680282035, 44.2123108338681], [-122.644674065693, 44.2124484160949], [-122.644451166722, 44.2124050999869], [-122.644195783772, 44.2123402661304], [-122.643928466703, 44.2123306002503], [-122.643722650095, 44.2124339173007], [-122.643756150068, 44.2126052157094], [-122.643920350424, 44.212701183757], [-122.644034617925, 44.2128559667379], [-122.64406106792, 44.2130363508463], [-122.643991615572, 44.2131867829769], [-122.643811615647, 44.2132870832985], [-122.643688575199, 44.2133415060896], [-122.643875050181, 44.2135310032481], [-122.644037420668, 44.2139465431322], [-122.644417099911, 44.2140888950992], [-122.644550179033, 44.2140893090997], [-122.644950206913, 44.2139589451486], [-122.645249562397, 44.2139718397146], [-122.645281467861, 44.2141992618698], [-122.645097477619, 44.2143661917405], [-122.644946109697, 44.2146409020116], [-122.644978014263, 44.2148683241584], [-122.644877412833, 44.2149996190318], [-122.644611321964, 44.2149868270627], [-122.644381653289, 44.2153311301699], [-122.644149377702, 44.2154018692848], [-122.643649178684, 44.2151960540865], [-122.64352751176, 44.2154022040833], [-122.643193434594, 44.2156284836916], [-122.642982349367, 44.2159018257131], [-122.643218581134, 44.2163240878716], [-122.643563073368, 44.2167935241736], [-122.643495688043, 44.2171680017727], [-122.643297399317, 44.2176513552174], [-122.642862016442, 44.2178529512737], [-122.642729788025, 44.218180389039], [-122.643141484123, 44.2183065730331], [-122.643597539928, 44.218276772917], [-122.644183280121, 44.2183410459164], [-122.644529856446, 44.2184670209718], [-122.644702111995, 44.2187017368429], [-122.644635016826, 44.219029379768], [-122.644393875766, 44.2194189312338], [-122.643849755419, 44.2196514157729], [-122.64314684976, 44.2198723619539], [-122.642811846431, 44.2199045259184], [-122.642550567838, 44.2201490062393], [-122.642449446283, 44.2203640470071], [-122.642397652118, 44.2206749589939], [-122.642294860595, 44.2211651759632], [-122.642174924725, 44.2217390891984], [-122.642172750802, 44.2220980127602], [-122.642119505859, 44.2226482057857], [-122.642084346697, 44.2229591700863], [-122.641361176842, 44.2232793938369], [-122.641085792902, 44.2233504272562], [-122.640535898184, 44.2233486981262], [-122.640135810116, 44.2233744000984], [-122.639823694962, 44.2234421071186], [-122.639822932292, 44.2234453130208], [-122.639684624078, 44.2236969101312], [-122.63970067787, 44.2236934660543], [-122.639848082425, 44.2240767912251], [-122.639946523407, 44.2243044228391], [-122.63969121322, 44.2245503333119], [-122.640117453941, 44.2248223148921], [-122.640581071764, 44.2248475958586], [-122.64100924566, 44.2252538981005], [-122.640838690622, 44.226063271031], [-122.640181440939, 44.2267099979114], [-122.640279813649, 44.2269495950576], [-122.640710887306, 44.2272022032718], [-122.640824881719, 44.2276093492581], [-122.641688566051, 44.2279477890624], [-122.642248705156, 44.2284497818417], [-122.642445598798, 44.2287600698681], [-122.64270946993, 44.2289514632971], [-122.64310830395, 44.228738321263], [-122.643474293766, 44.2284774352175], [-122.643971643328, 44.2284075228753], [-122.644401014678, 44.2286232479833], [-122.644818230924, 44.2292638689997], [-122.645180209762, 44.2296699489402], [-122.645275160789, 44.2304086901273], [-122.645074814921, 44.2312813280285], [-122.644412683794, 44.2312030410009], [-122.643804137172, 44.2310296352436], [-122.643248945089, 44.230799223213], [-122.64253335432, 44.2307969857986], [-122.642083258837, 44.230719348883], [-122.641605915655, 44.2304140281594], [-122.641581200306, 44.2304700391677], [-122.641101476588, 44.2309068359213], [-122.640727067761, 44.2314583028259], [-122.641032544365, 44.232036569208], [-122.641679280166, 44.2318766319866], [-122.642370609235, 44.231792416317], [-122.643466883564, 44.2317958418974], [-122.644292324817, 44.2318847981414], [-122.64487781438, 44.2319190139765], [-122.645341540001, 44.2322227930524], [-122.645669789795, 44.2325801401036], [-122.645892917837, 44.232937159941], [-122.646222662429, 44.2330461603124], [-122.64643459297, 44.2327660732275], [-122.646586642714, 44.2324534061236], [-122.646752935246, 44.2322703581785], [-122.64671425918, 44.2317334482838], [-122.646510407187, 44.2311968482457], [-122.647880014602, 44.2306948840449], [-122.649204296621, 44.2308478380354], [-122.649990059288, 44.2310289059626], [-122.650825005615, 44.2318941557154], [-122.651213420974, 44.2322408727996], [-122.651648677188, 44.2322853921181], [-122.651904548821, 44.2321889919107], [-122.652190584086, 44.232071086832], [-122.652625456718, 44.2321803887531], [-122.652999119944, 44.2324838633175], [-122.653402379065, 44.2328630112266], [-122.653625112746, 44.2332955987867], [-122.654013110389, 44.2337178887403], [-122.654551294669, 44.2341406320033], [-122.655135045992, 44.2344771290931], [-122.655644151806, 44.2347378121894], [-122.656003646803, 44.2349008619543], [-122.656425607051, 44.2352468282344], [-122.656509781888, 44.2352324238745], [-122.65696927375, 44.2345995212695], [-122.657396978724, 44.2341424052272], [-122.657824855277, 44.2336547267226], [-122.658370139841, 44.2334178659784], [-122.65862575815, 44.233364640905], [-122.658776038213, 44.233341956851], [-122.658911944332, 44.2325940977722], [-122.659079796339, 44.232213465139], [-122.659511997382, 44.2319527251605], [-122.660044268951, 44.2315731761756], [-122.661005850784, 44.2314331103064], [-122.662063682608, 44.2318411983152], [-122.662291913979, 44.2324850360598], [-122.662560413231, 44.2335616081287], [-122.662694569432, 44.2332761541862], [-122.66332608867, 44.2329207049848], [-122.664374310317, 44.2324227062552], [-122.664510264945, 44.2319128708588], [-122.665160957825, 44.2310929609965], [-122.666236373272, 44.2312681933023], [-122.666145122406, 44.2307097967321], [-122.665420057106, 44.2300406930256], [-122.665091334797, 44.2295871327097], [-122.665060233325, 44.2292297282202], [-122.665831498082, 44.2292834700554], [-122.666264724103, 44.2288321401061], [-122.666796523158, 44.2285240210846], [-122.667493886211, 44.2277519810367], [-122.668190903413, 44.2275157988245], [-122.668723748107, 44.2270171067821], [-122.669924016802, 44.2271675038396], [-122.670538482423, 44.227385234794], [-122.671030503179, 44.227360773076], [-122.671277423999, 44.2269886461432], [-122.671410330644, 44.2269175662602], [-122.672042159801, 44.2270224348222], [-122.67249169204, 44.2271964903066], [-122.672835931847, 44.2274026349799], [-122.67332992171, 44.2276847920096], [-122.673869621448, 44.2278483022548], [-122.674274174143, 44.2280114232476], [-122.674332514331, 44.2283247267543], [-122.674241103564, 44.2285620180334], [-122.674270244013, 44.2287240691538], [-122.674644533365, 44.2289302940886], [-122.674914953215, 44.2289094679624], [-122.675440541318, 44.22891096198], [-122.67576972536, 44.2291278541899], [-122.676187710564, 44.2295825470744], [-122.676666244014, 44.2299510291601], [-122.676950268849, 44.2301893836816], [-122.677233822967, 44.2305141201935], [-122.677714851038, 44.2306159570659], [-122.678506970184, 44.231166069194], [-122.678935322845, 44.2315960488619], [-122.680060187853, 44.231885054963], [-122.680155706616, 44.232599949243], [-122.679987087447, 44.2331473562344], [-122.679821598009, 44.2336112916934], [-122.679017443235, 44.2339679197347], [-122.67900613075, 44.2340077771502], [-122.67921468722, 44.2349791607974], [-122.679447167622, 44.2349562257066], [-122.679510974957, 44.2354090012595], [-122.679375991407, 44.2358612178848], [-122.679753957563, 44.2365679891093], [-122.680502968355, 44.2369264129198], [-122.681056915374, 44.2372518961685], [-122.681430931637, 44.2375228851925], [-122.681985006216, 44.2378267672791], [-122.68235833437, 44.2382273253135], [-122.682356823404, 44.2385080628195], [-122.681980468826, 44.2386689827993], [-122.681423648995, 44.2388725901737], [-122.680786627576, 44.2390707270188], [-122.680728038555, 44.2392636257231], [-122.681029295772, 44.2395841437037], [-122.681553582216, 44.2398447552642], [-122.682063607905, 44.2399649500528], [-122.682542667768, 44.2402578241082], [-122.682691530289, 44.2405065858707], [-122.682345146203, 44.2406783888949], [-122.682280418096, 44.2415420320361], [-122.682489536911, 44.2417585700765], [-122.682503803056, 44.2418989807697], [-122.682352265352, 44.2421469092737], [-122.682021181373, 44.2422647632743], [-122.681435218398, 44.2422955242938], [-122.681057145342, 44.2422570181543], [-122.680749549613, 44.2423802700181], [-122.680487546079, 44.2426372511802], [-122.680396420976, 44.2428365858525], [-122.680665248113, 44.2430228797734], [-122.680863420956, 44.2431425377925], [-122.680861747395, 44.2434522039217], [-122.68038269921, 44.2435245978852], [-122.680120445046, 44.2437711481694], [-122.679879118933, 44.2439540342077], [-122.6798033137, 44.2440833960487], [-122.679937269577, 44.2443105249168], [-122.680162288572, 44.2443651442647], [-122.680386429914, 44.2445817259703], [-122.680218617432, 44.2447782772563], [-122.680198461034, 44.2449574927424], [-122.680037440714, 44.2452286168087], [-122.679961575293, 44.2453687772581], [-122.68012201081, 44.2456247337636], [-122.680506239121, 44.2456383659382], [-122.680802312161, 44.2458024318463], [-122.681295936409, 44.2458368120498], [-122.681417677893, 44.2455456118751], [-122.68158401624, 44.245340916885], [-122.681945450699, 44.2451691602957], [-122.68214182781, 44.2449645482968], [-122.682441150056, 44.2447510408202], [-122.682547093767, 44.2443144491456], [-122.682714316056, 44.2440290640973], [-122.682947807961, 44.2437438630021], [-122.683579063993, 44.2434359430363], [-122.683909535321, 44.2436036027945], [-122.683966942159, 44.2440441297833], [-122.684114361088, 44.2440738042377], [-122.68445856586, 44.2443123062001], [-122.684667819422, 44.2445072437819], [-122.684817160745, 44.2446696229525], [-122.684846108057, 44.2448748608361], [-122.68477013933, 44.245036617996], [-122.68459077631, 44.2451076077828], [-122.684646558096, 44.2454387260806], [-122.68496281628, 44.2455230502799], [-122.685202635918, 44.2456208919918], [-122.68527670381, 44.245815455862], [-122.685372616933, 44.2462517506799], [-122.68564061223, 44.2462524887813], [-122.68574422661, 44.2461049378227], [-122.685919310055, 44.2460300798235], [-122.686199066096, 44.24598062232], [-122.686513425241, 44.2459940420542], [-122.68684565098, 44.2459321692932], [-122.687108604931, 44.2457570951985], [-122.68731955092, 44.2455065377094], [-122.687564833213, 44.2453690848586], [-122.687862385778, 44.2452568877988], [-122.688409202868, 44.2449526039196], [-122.688947581184, 44.244719638849], [-122.689140224896, 44.2445455862803], [-122.689142853367, 44.244046739298], [-122.689045575703, 44.243641519862], [-122.688881775996, 44.2432837618329], [-122.689115109798, 44.243022368158], [-122.689513622221, 44.2428567062319], [-122.689581273446, 44.242594862108], [-122.689748454412, 44.2423094661435], [-122.690112697904, 44.2423580959123], [-122.690224451918, 44.2426728488904], [-122.690274256314, 44.242632579683], [-122.69068764394, 44.2427885363123], [-122.69080538343, 44.2429066612461], [-122.691601820777, 44.2427432591221], [-122.691733370067, 44.242934179764], [-122.69186355302, 44.2433871268891], [-122.691861936053, 44.243696793018], [-122.692159048443, 44.2439119820078], [-122.692489917725, 44.244008155794], [-122.692289731757, 44.2442696461226], [-122.691888732798, 44.2449117268587], [-122.690882486729, 44.2452276000516], [-122.69088165399, 44.2453868169296], [-122.690630458087, 44.2457308920519], [-122.690264949768, 44.2459229638893], [-122.689822053384, 44.2462389359003], [-122.689590102987, 44.2465692698354], [-122.689223716116, 44.2469268186952], [-122.688876944856, 44.2472016788295], [-122.688549210695, 44.2475041692447], [-122.688317831627, 44.2477241807772], [-122.68809247217, 44.2479948847647], [-122.688143285374, 44.2482963859274], [-122.687966339721, 44.2487228312733], [-122.688119135964, 44.249019915105], [-122.688387653182, 44.2490344377064], [-122.688873664209, 44.2489262140285], [-122.688909992079, 44.2486626222035], [-122.688998659391, 44.2484117276796], [-122.689208681911, 44.2483369588427], [-122.689435973644, 44.2482999077131], [-122.689628264319, 44.2482753156959], [-122.689820419348, 44.2482758388483], [-122.690117323329, 44.2482892007889], [-122.690519104722, 44.2482902908502], [-122.690955035569, 44.2484421508742], [-122.691269145881, 44.2485057841339], [-122.691618655206, 44.2484816149702], [-122.691898549587, 44.2484070302582], [-122.692028144143, 44.2483438061468], [-122.692231308026, 44.2482446897175], [-122.692546401095, 44.2481199707671], [-122.69272141537, 44.2480576568802], [-122.693543531959, 44.2477275462292], [-122.693693803936, 44.2477171512933], [-122.694054322114, 44.2477181158848], [-122.694459123642, 44.2478703692704], [-122.694878947697, 44.2480226602275], [-122.695253708664, 44.2481748291717], [-122.695287839255, 44.2481957450029], [-122.695881410062, 44.2482096951066], [-122.696111912374, 44.2484961582959], [-122.696417343164, 44.2489711827392], [-122.697002344942, 44.2489335007585], [-122.697321999656, 44.2490981398207], [-122.69776804733, 44.2492664931918], [-122.698228699815, 44.2492263411058], [-122.698688859124, 44.2492827157876], [-122.699071154261, 44.2495595268526], [-122.699433776294, 44.2499328173004], [-122.699604828998, 44.2502504401301], [-122.699736179761, 44.2508299728318], [-122.699830215405, 44.2512025557842], [-122.700020247715, 44.2515615988776], [-122.69985169592, 44.2519206668036], [-122.699833867955, 44.2519347003149], [-122.699674083717, 44.2520535339728], [-122.699532783214, 44.252183182993], [-122.699536081828, 44.2522147070943], [-122.699548882821, 44.2523370166897], [-122.699759851267, 44.2524036171355], [-122.699976765662, 44.2524366827969], [-122.700228499656, 44.2524425001225], [-122.700419383569, 44.2524883830436], [-122.70039914722, 44.2526628740969], [-122.700384641225, 44.2526925158923], [-122.700368335905, 44.2527183318068], [-122.700347645009, 44.2527452357584], [-122.700331247161, 44.2527723449535], [-122.700346408028, 44.2528009752148], [-122.700364427335, 44.252832367081], [-122.700359811791, 44.252863345846], [-122.700348480442, 44.2528980822451], [-122.700321500441, 44.252928797168], [-122.700306740222, 44.2529592682139], [-122.700301731216, 44.2529984139973], [-122.700269963194, 44.2530318570187], [-122.70023271006, 44.2530624817913], [-122.700214097865, 44.2531015567286], [-122.700171966878, 44.2531261441542], [-122.700123012289, 44.2531426661675], [-122.700097255793, 44.2531685249943], [-122.70005193399, 44.25315923579], [-122.70003184227, 44.2531851827594], [-122.699995969846, 44.2532094008213], [-122.699955954392, 44.2532216761751], [-122.699919560046, 44.2532312729288], [-122.699887625836, 44.2532470987219], [-122.699841768638, 44.2532538399319], [-122.699810997746, 44.2532296193146], [-122.699805159595, 44.2532007859381], [-122.699811843061, 44.253173086915], [-122.699803387219, 44.2531332000157], [-122.699787266053, 44.2531069190827], [-122.699754499105, 44.2530883856936], [-122.699708741619, 44.2530953688519], [-122.699666174051, 44.2531130278163], [-122.699655231672, 44.2531410640253], [-122.69962755907, 44.2531650536876], [-122.699589398637, 44.2532004429899], [-122.699541673841, 44.2532044670008], [-122.699517374412, 44.2532357170971], [-122.699479982937, 44.2532707299509], [-122.699435448957, 44.2533019529879], [-122.699393105967, 44.2533139458572], [-122.699354687718, 44.2533108940747], [-122.699308854774, 44.2533192052434], [-122.699275394326, 44.2533326709171], [-122.699234555116, 44.2533315532817], [-122.699194217167, 44.2533378897656], [-122.699137652948, 44.2533387802705], [-122.699099102646, 44.253337633681], [-122.699061950123, 44.2533249677903], [-122.699036137931, 44.2533003032363], [-122.699046153249, 44.2532701630898], [-122.699006560901, 44.2532737103149], [-122.698963027644, 44.2532761817262], [-122.698984070679, 44.2533059898605], [-122.698961863427, 44.2533477400111], [-122.698950515908, 44.2533780319669], [-122.69895448736, 44.2534126972851], [-122.698954340037, 44.2534424339296], [-122.698974285331, 44.2534683048497], [-122.699006132404, 44.2534942992963], [-122.699014596331, 44.2535273990894], [-122.699025745322, 44.2535539777408], [-122.699043724204, 44.2535810370193], [-122.699043749357, 44.2536156912795], [-122.699038502297, 44.2536508338789], [-122.699046991377, 44.2536778249098], [-122.699043436743, 44.2537114682932], [-122.699001730659, 44.2537431189732], [-122.698962141007, 44.2537580039429], [-122.698940673966, 44.2537833677063], [-122.6989114356, 44.2538023770099], [-122.698929878911, 44.2538329962338], [-122.698944928387, 44.2538605662616], [-122.69895534076, 44.2538905671263], [-122.698962082616, 44.2539281198204], [-122.69892863205, 44.2539638078546], [-122.698872769416, 44.2539624811192], [-122.698833759176, 44.2539649949675], [-122.698777996255, 44.2539682699833], [-122.698714168259, 44.2539539139595], [-122.698668028091, 44.2539592498556], [-122.698634882054, 44.253975004033], [-122.698605628416, 44.2539963559715], [-122.698569473921, 44.25400886794], [-122.698630338375, 44.2542138950105], [-122.69868681366, 44.2542811328885], [-122.698739380376, 44.2543045841884], [-122.698830456969, 44.254384026298], [-122.698879248964, 44.254487584176], [-122.698897208981, 44.2545913818655], [-122.698896006137, 44.2546952861783], [-122.69888954186, 44.2547426073003], [-122.698880502114, 44.2548087790829], [-122.698851757821, 44.2549164611223], [-122.698815152372, 44.255017600771], [-122.698757780568, 44.2551149138925], [-122.698693065935, 44.2552006892604], [-122.698623916319, 44.2552830106935], [-122.698547461603, 44.2553563088809], [-122.698474447435, 44.2554292859176], [-122.69842277095, 44.2555128372204], [-122.698406600377, 44.2556120250438], [-122.698438523807, 44.2557096511621], [-122.698511474195, 44.2557907416987], [-122.698617818555, 44.2558593437139], [-122.698747500248, 44.2558993181968], [-122.698905177936, 44.255930077877], [-122.699041748809, 44.2559183647769], [-122.699202566109, 44.2559197358628], [-122.699348553123, 44.2559059136943], [-122.699495619911, 44.2558888249781], [-122.699642702869, 44.2558681319258], [-122.699779243199, 44.2558727637678], [-122.699915129555, 44.2559060552424], [-122.700039694444, 44.2559658431911], [-122.700151096319, 44.2560452219335], [-122.700232554651, 44.2561426607472], [-122.700285705271, 44.25624941707], [-122.700319040853, 44.2563659392974], [-122.700343316027, 44.2564869901445], [-122.700350890622, 44.256603636076], [-122.700349657235, 44.2567133698213], [-122.700341817637, 44.2568193427452], [-122.700310390077, 44.2569206180932], [-122.700278666971, 44.2570092841444], [-122.700277395855, 44.2570128350043], [-122.700225606182, 44.2570956139224], [-122.700157996279, 44.2571698871547], [-122.700074033444, 44.2572286070845], [-122.699975351714, 44.2572888421279], [-122.699873567202, 44.2573513952242], [-122.699851698615, 44.2573666222045], [-122.699776065858, 44.25741929027], [-122.699695230059, 44.2574957152095], [-122.699639581224, 44.2575883770823], [-122.699615525239, 44.2576930282118], [-122.699617319174, 44.2577968459784], [-122.699646281757, 44.2579020738474], [-122.699688848427, 44.2580045678176], [-122.699751298407, 44.2581020329799], [-122.699825722032, 44.258195068985], [-122.699923412022, 44.2582887417836], [-122.700028150195, 44.2583810067321], [-122.700152365639, 44.2584709097162], [-122.700280151886, 44.258555190784], [-122.700409220928, 44.2586292421398], [-122.700542221896, 44.2587025856956], [-122.700676387978, 44.2587726499083], [-122.700814158102, 44.258829290801], [-122.700952808574, 44.2588800937199], [-122.701097256774, 44.2589168789071], [-122.701250998045, 44.2589477656822], [-122.701409751915, 44.2589766380598], [-122.701564925999, 44.2590011676994], [-122.701716268768, 44.25902168015], [-122.70186202222, 44.2590415981232], [-122.702004765417, 44.2590599488503], [-122.70214644411, 44.2590780731071], [-122.702283236866, 44.2591005130536], [-122.702421766066, 44.2591273548959], [-122.702553986398, 44.2591596318717], [-122.70258996662, 44.2591707061084], [-122.702621042939, 44.2591952099325], [-122.702770482178, 44.2592553837719], [-122.702865880566, 44.2592899748553], [-122.702879266363, 44.2592972429305], [-122.70295363519, 44.2593507771631], [-122.703035363914, 44.2595191320667], [-122.703150926786, 44.2596987903046], [-122.703219408953, 44.2597773417963], [-122.703236789557, 44.2598277816858], [-122.703275182654, 44.2599305322152], [-122.703296875172, 44.2600332362434], [-122.703314291709, 44.2601388860104], [-122.703328909095, 44.2602403177659], [-122.703336416316, 44.2603339281178], [-122.703360727422, 44.2604269747451], [-122.703413083034, 44.260505617263], [-122.703413047999, 44.2605125602962], [-122.703422784839, 44.260515212828], [-122.703487751898, 44.2605762789286], [-122.703585801215, 44.260630739062], [-122.70369048998, 44.2606676897811], [-122.703795854278, 44.2606935118447], [-122.703896573387, 44.2607083841182], [-122.70398527214, 44.2607184898248], [-122.704055700957, 44.2607177229544], [-122.70406807525, 44.2607175878514], [-122.704138087248, 44.2607174630419], [-122.704200694434, 44.2607204353083], [-122.704277728563, 44.2607267291784], [-122.704321228582, 44.2607348089806], [-122.704364077323, 44.2607632108371], [-122.704445983015, 44.2607847160007], [-122.704240750312, 44.2608194670211], [-122.704027699571, 44.2608634841359], [-122.703952063221, 44.2608845537176], [-122.703795084422, 44.2609282832083], [-122.703646823772, 44.26097202875], [-122.70354903317, 44.2610008827632], [-122.703414408049, 44.2610364011656], [-122.703360486674, 44.2610385402851], [-122.703079207989, 44.2610677397413], [-122.702911011028, 44.2610852007352], [-122.702461894708, 44.2610601167591], [-122.702279175583, 44.2609998546985], [-122.701913976284, 44.2608315027481], [-122.701615878442, 44.260555709119], [-122.701300176315, 44.2604711832288], [-122.700951016435, 44.2604224410512], [-122.700276946697, 44.2603375527623], [-122.700003468982, 44.2602466039672], [-122.699730240999, 44.2601064377966], [-122.69949113103, 44.2599909697211], [-122.699182701663, 44.2600393751384], [-122.699010528759, 44.2602275870966], [-122.698917961861, 44.2604734278784], [-122.698745662294, 44.2606862478023], [-122.698585036335, 44.2610738682349], [-122.698800602359, 44.2612179230331], [-122.699199801993, 44.2612428892103], [-122.699498258263, 44.261446947279], [-122.699712731935, 44.2618062269776], [-122.70041209374, 44.261815263915], [-122.700847113696, 44.2619567737968], [-122.701266617951, 44.2621954232653], [-122.701581492729, 44.2623258187053], [-122.702091646878, 44.2624675222867], [-122.702361339991, 44.2626193933093], [-122.7025713149, 44.2626955252096], [-122.703232108436, 44.2627620290049], [-122.70369784269, 44.262774036028], [-122.704043754262, 44.2627101467228], [-122.704931390374, 44.2624856898827], [-122.705277673848, 44.2623462129099], [-122.705721251156, 44.262027685905], [-122.706019930208, 44.2619569931738], [-122.706250890661, 44.2621719738257], [-122.706249466831, 44.2624578189611], [-122.705851893147, 44.2627140246913], [-122.705830703686, 44.2629307183187], [-122.705739150986, 44.2632112240656], [-122.705692890444, 44.2634486551444], [-122.705875925776, 44.2637712852289], [-122.705958286915, 44.2639388979582], [-122.705957332904, 44.2641302097686], [-122.706122356116, 44.2644056501801], [-122.706304792273, 44.2645256918543], [-122.706454070713, 44.2646217322222], [-122.706669370836, 44.2648255579104], [-122.706868510266, 44.2649336841398], [-122.707216929934, 44.265137849695], [-122.707198806423, 44.2654367322453], [-122.707098373876, 44.2655560468208], [-122.706980176246, 44.2659025018485], [-122.7067292696, 44.2661649157358], [-122.706511703029, 44.2664154579081], [-122.706427015253, 44.2667141699255], [-122.706475983318, 44.2669056110093], [-122.706674118432, 44.2672170059517], [-122.706789231247, 44.2674923167537], [-122.706778533211, 44.267675174061], [-122.706947055361, 44.2680841158207], [-122.707051115305, 44.2683111352793], [-122.707304910933, 44.2686465157709], [-122.707589352586, 44.2688631991091], [-122.707648229068, 44.2691116977352], [-122.707362180329, 44.269218943184], [-122.706796717807, 44.2693337421626], [-122.706562975272, 44.2694885852809], [-122.706529037819, 44.2696200271934], [-122.70669443473, 44.2698237242685], [-122.706926516281, 44.2700036758559], [-122.706925209232, 44.2702667307588], [-122.706708162785, 44.2704096598714], [-122.706408744419, 44.270384976111], [-122.706143500662, 44.2701810230401], [-122.706161095065, 44.2699897527925], [-122.706029399349, 44.2697024422933], [-122.705730818213, 44.2695103580616], [-122.705563575264, 44.2696773279018], [-122.705508913677, 44.2706862698561], [-122.705696312127, 44.2710401407321], [-122.705807910733, 44.2714210000824], [-122.705616304574, 44.271909812128], [-122.705645814231, 44.2726067882071], [-122.705644087669, 44.2729528839293], [-122.705599533028, 44.2730453747877], [-122.7061231116, 44.2733674652912], [-122.706121184713, 44.2734850708451], [-122.706027697042, 44.2737006210266], [-122.705562121789, 44.2739852709913], [-122.705063505603, 44.2742460112073], [-122.704763690182, 44.2745310849696], [-122.704463156109, 44.2749590811864], [-122.704427492992, 44.2754592218338], [-122.703927544604, 44.2759819827519], [-122.703362116218, 44.27633782588], [-122.702731451277, 44.2764791097787], [-122.702036758915, 44.2761676307691], [-122.701373419553, 44.2762135408421], [-122.700609405998, 44.2764973881725], [-122.700046254841, 44.2764006288422], [-122.699915938039, 44.275947692851], [-122.700316458197, 44.2754246897897], [-122.700832652617, 44.2747241278752], [-122.700651516323, 44.2744854469409], [-122.700504076734, 44.2741396599758], [-122.700305879636, 44.2739962157244], [-122.70021369003, 44.2739551202223], [-122.699759868335, 44.2740416290123], [-122.699218326153, 44.2735573512991], [-122.6990079479, 44.273636665769], [-122.698859913626, 44.2736007780606], [-122.698614384295, 44.2733072763086], [-122.698368540555, 44.2730758939411], [-122.69811066478, 44.2727823586933], [-122.697796065784, 44.272626560713], [-122.697262100891, 44.2724536070206], [-122.696846491731, 44.272368804929], [-122.696581274025, 44.2721648291542], [-122.696432916358, 44.2718894199548], [-122.696200797977, 44.2717214021492], [-122.695919067439, 44.2714934670387], [-122.695653917106, 44.2712775311845], [-122.695204154898, 44.271159505041], [-122.694784320064, 44.2711406357848], [-122.694277158204, 44.2712901436793], [-122.694018252061, 44.2712007067018], [-122.693710773112, 44.270951401285], [-122.693168219426, 44.2707813307996], [-122.692823092982, 44.2706472889391], [-122.692700789153, 44.2704162260818], [-122.692813331889, 44.2701502978317], [-122.693074093053, 44.2699101452259], [-122.693074722772, 44.2697891998481], [-122.692892475262, 44.2693779921926], [-122.692728116802, 44.2690728257707], [-122.69245251008, 44.268886596992], [-122.692103080706, 44.2687134187312], [-122.691937967662, 44.2685539871131], [-122.691601068887, 44.268150297033], [-122.69150444879, 44.2677329398205], [-122.691518609832, 44.2673868770431], [-122.691618383016, 44.2672007857301], [-122.691779025145, 44.2671834700034], [-122.692349896423, 44.2673494423012], [-122.692441740178, 44.2674159337557], [-122.692902133049, 44.2675231630004], [-122.693142376692, 44.2674178179065], [-122.693143410653, 44.2672190869514], [-122.692886731434, 44.2669401692874], [-122.692481584054, 44.2668463372301], [-122.692022511706, 44.2664873778113], [-122.691747541889, 44.2661819101186], [-122.691436045675, 44.2658100988162], [-122.691123929623, 44.2655575251122], [-122.691092941338, 44.2655153912205], [-122.69097747279, 44.26535839417], [-122.690721366696, 44.2649734819787], [-122.6905551613, 44.2650591850682], [-122.690283518843, 44.2650495748056], [-122.690160676923, 44.2649250008544], [-122.690124514343, 44.2647562889578], [-122.689894763921, 44.2643882860252], [-122.68919576773, 44.2640816610445], [-122.688624368243, 44.2640536068925], [-122.687827442212, 44.2642013058151], [-122.687712900725, 44.2644540770516], [-122.687598501171, 44.2646797338587], [-122.687466356298, 44.2649898617102], [-122.687315334228, 44.2652285921444], [-122.687314319131, 44.2654199042608], [-122.687147097741, 44.2655748889217], [-122.686897188226, 44.2656339909368], [-122.686646958012, 44.2657528766791], [-122.686513332715, 44.265848166894], [-122.686437079222, 44.2661217549476], [-122.686164771113, 44.2662363747086], [-122.68583241512, 44.2660313503174], [-122.685685307009, 44.2658268346983], [-122.685142776679, 44.2656656017482], [-122.684933164689, 44.2656029031067], [-122.684574551838, 44.2656906580275], [-122.684191904561, 44.2656541022312], [-122.684019437908, 44.2655737560799], [-122.683823225189, 44.2653158567881], [-122.683577806351, 44.2650223220248], [-122.683368721672, 44.2648620048606], [-122.683208990435, 44.2647106967327], [-122.682766086864, 44.2645282329132], [-122.68255842871, 44.2648447997363], [-122.682157601328, 44.2651186999569], [-122.681655770071, 44.2656075470478], [-122.681470540155, 44.2660135749373], [-122.681335290704, 44.2664077841564], [-122.681333416818, 44.2667545371498], [-122.681264401051, 44.2672087179754], [-122.681096384652, 44.2675071789447], [-122.680828583391, 44.2676024618128], [-122.680464844753, 44.2676546446882], [-122.680331476374, 44.2679384580965], [-122.680131541935, 44.2681284632815], [-122.679932769017, 44.2681040860446], [-122.67963515896, 44.2678688827561], [-122.67877099403, 44.2678043351332], [-122.678104333596, 44.2677580859198], [-122.677881354675, 44.2678816998987], [-122.677670240701, 44.2680940890331], [-122.67727382315, 44.2683148289046], [-122.676816577077, 44.2683667821455], [-122.676633076417, 44.268046785089], [-122.676598361023, 44.2676207172368], [-122.676377668314, 44.2673272377256], [-122.676082439691, 44.2671134158139], [-122.675109292048, 44.266658060261], [-122.674715370915, 44.2664262039891], [-122.674432943284, 44.2661325461126], [-122.674041332618, 44.265483598919], [-122.674032772571, 44.2654392822709], [-122.673637535406, 44.2652142472327], [-122.673354134002, 44.2653090950887], [-122.673155188607, 44.2651769970205], [-122.672922367744, 44.2651524159203], [-122.672622858648, 44.2651515590458], [-122.672273562225, 44.265126642776], [-122.672041842695, 44.2652737658242], [-122.671620575946, 44.2655210380656], [-122.671336289702, 44.2655645917047], [-122.670880445001, 44.2653680429799], [-122.670869481961, 44.26511952917], [-122.670502176113, 44.2647669877377], [-122.670253827869, 44.2647186299574], [-122.669906570621, 44.2645747027484], [-122.669639853627, 44.2641664197686], [-122.669617293337, 44.2637847568722], [-122.669990051959, 44.2633776128699], [-122.671098362814, 44.2630991292335], [-122.67105457713, 44.2629110577059], [-122.671056245302, 44.262612134008], [-122.671058044627, 44.262289294913], [-122.671325394934, 44.2620867921298], [-122.671392482916, 44.2619913279077], [-122.671339324211, 44.2616061331181], [-122.671049489072, 44.2617047252266], [-122.670746872704, 44.2618394340326], [-122.670318716775, 44.2620207822941], [-122.669923157115, 44.2620906341128], [-122.669566234893, 44.2618766168794], [-122.669308899903, 44.2615208972053], [-122.669287137317, 44.260997245936], [-122.669387567169, 44.2607046822947], [-122.669524694099, 44.260474345296], [-122.66974860637, 44.260182138044], [-122.669786942873, 44.2599515139914], [-122.669665496037, 44.2595873128347], [-122.669036579218, 44.2594346278474], [-122.668914209812, 44.2592345876794], [-122.668510792587, 44.2591123072272], [-122.667896218271, 44.2594104187828], [-122.667577807723, 44.2598160378376], [-122.667426784754, 44.2600427849206], [-122.666975870906, 44.260340400881], [-122.666725354129, 44.260507071234], [-122.666596798025, 44.260696570321], [-122.666447512398, 44.2608913712536], [-122.665890196698, 44.2610785781548], [-122.665466385021, 44.2614625431189], [-122.665703922939, 44.2616519780091], [-122.665902297903, 44.2618797441309], [-122.666017278666, 44.2621431390438], [-122.666165604893, 44.262394673001], [-122.666247579755, 44.262610142911], [-122.666262392974, 44.26293302978], [-122.666187033305, 44.2632778192723], [-122.66597483776, 44.2636765461851], [-122.665689953238, 44.2638265767806], [-122.665455467796, 44.2637992668211], [-122.66525992522, 44.2636594848166], [-122.665043955852, 44.2635990658779], [-122.664644143567, 44.2636815929938], [-122.664376968432, 44.263848208843], [-122.66412669959, 44.2639670448019], [-122.663726542352, 44.2641093542859], [-122.663642664857, 44.2642286792753], [-122.663575767318, 44.2642882676987], [-122.66345840602, 44.2644433659919], [-122.66322552407, 44.2644307217925], [-122.662960254262, 44.2642625398505], [-122.662828165084, 44.2640827919851], [-122.662462719647, 44.263974098076], [-122.662296465742, 44.2639496927405], [-122.66206317506, 44.2640087880266], [-122.66154612724, 44.2642224867797], [-122.661166226113, 44.2644965758154], [-122.660448023942, 44.2648316692864], [-122.659965169595, 44.2650432177116], [-122.659571165817, 44.2648379337677], [-122.659017341867, 44.2645079301717], [-122.658649019126, 44.2641341069428], [-122.658577799792, 44.2636369288833], [-122.658863216118, 44.2633981720424], [-122.659238668787, 44.2632829671163], [-122.659505235763, 44.2632239753185], [-122.659903673626, 44.2633806062312], [-122.65991845181, 44.2637034940152], [-122.660380979079, 44.2636068062578], [-122.660814218574, 44.2634306049298], [-122.661025786197, 44.2631472528904], [-122.661089315053, 44.2628368386886], [-122.660757933732, 44.2624808790729], [-122.660204226564, 44.2621331332985], [-122.65977437192, 44.2617236322522], [-122.659678603426, 44.2611997582621], [-122.659755305178, 44.2607473928569], [-122.659312705238, 44.2604088476874], [-122.658610640402, 44.2600961479853], [-122.658490496123, 44.2595189532124], [-122.658344731892, 44.2591014208422], [-122.65845781721, 44.2587645331644], [-122.659090327289, 44.2584721488513], [-122.659466772597, 44.2583572842675], [-122.659737964999, 44.2580741728477], [-122.659588296689, 44.2578567967095], [-122.659464983153, 44.2574316078517], [-122.659454388423, 44.2570881043048], [-122.659407750588, 44.25677950593], [-122.659002121712, 44.2564588172009], [-122.658393708041, 44.2563571762523], [-122.658150260107, 44.2564243807967], [-122.657671521841, 44.2565675668249], [-122.657243242843, 44.2566837873146], [-122.656626526943, 44.2567632841152], [-122.656097066203, 44.2570269438637], [-122.65558977229, 44.2572029038123], [-122.655170415359, 44.2571217688992], [-122.654933261023, 44.2568848996839], [-122.654833998082, 44.2567889431856], [-122.654835185655, 44.2565856738349], [-122.65493654706, 44.2563229212262], [-122.654971079198, 44.2561077962981], [-122.65517163078, 44.2559529578236], [-122.655306121154, 44.2557142193198], [-122.655357009817, 44.2555469717583], [-122.655440960973, 44.2554156959033], [-122.6554750727, 44.2552723121179], [-122.65542663015, 44.2550210648908], [-122.655395312184, 44.2546861690067], [-122.655297308682, 44.2543749862882], [-122.65531001086, 44.2539211509161], [-122.65529838666, 44.2537584189513], [-122.655336748316, 44.2536500688465], [-122.655450457064, 44.2535600240156], [-122.655254387177, 44.2531791351592], [-122.654772919829, 44.2530102801723], [-122.654224631299, 44.2528890497281], [-122.653792866837, 44.2527562127577], [-122.653461341785, 44.2525519347133], [-122.653246269835, 44.252348009851], [-122.653007389835, 44.2519889252307], [-122.65292053173, 44.2517898088143], [-122.652758490026, 44.2515452700979], [-122.652532879939, 44.2514180422588], [-122.65172127813, 44.2514107082213], [-122.651339154572, 44.251325842312], [-122.651073552386, 44.2512293729199], [-122.650599771922, 44.2508246269999], [-122.650186239668, 44.2505793146939], [-122.649381135374, 44.2504828440773], [-122.648915276254, 44.250493371077], [-122.648516741374, 44.250372572998], [-122.648001905206, 44.2502275006966], [-122.64780313678, 44.2500834009551], [-122.645377419611, 44.2495736941255], [-122.645027222178, 44.2497160931427], [-122.644743058104, 44.2499423972172], [-122.644176310991, 44.2501319477254], [-122.643710669264, 44.2501065830307], [-122.643294863373, 44.250093328318], [-122.642846364196, 44.2499843112655], [-122.642197521846, 44.2499942392885], [-122.641914071933, 44.2501009649478], [-122.64154780813, 44.2501476450164], [-122.64121012872, 44.2500607870495], [-122.640895760592, 44.2501437430544], [-122.640668750929, 44.2502514941212], [-122.640198755966, 44.2504064627873], [-122.640130609769, 44.2506693068209], [-122.640548149408, 44.251089021817], [-122.640465615793, 44.2512932599011], [-122.640281293174, 44.2515263906849], [-122.640319979122, 44.2518478662208], [-122.640710817238, 44.252046620826], [-122.641426752959, 44.2520345781532], [-122.641762709401, 44.2523786510657], [-122.641561430183, 44.2527782092166], [-122.640765250652, 44.25290433899], [-122.640069364429, 44.2528878568026], [-122.639312773652, 44.253042687262], [-122.638774391743, 44.2532839582103], [-122.638690825964, 44.2539411471843], [-122.638488820908, 44.2544550356876], [-122.638943125896, 44.2549567077655], [-122.638741820628, 44.2553562612689], [-122.638164780618, 44.2554116038427], [-122.637828038151, 44.2551961500162], [-122.637549637668, 44.2551952672602], [-122.637190817306, 44.2553370530115], [-122.636892441884, 44.2553503972627], [-122.636275893969, 44.2553627287894], [-122.636098861179, 44.2550477297275], [-122.636339428215, 44.2547340627738], [-122.636228912978, 44.2545064890185], [-122.636083709295, 44.2541453567045], [-122.6363061636, 44.2540384041793], [-122.636420829953, 44.2538775551933], [-122.636475478964, 44.2537883297889], [-122.636266854222, 44.2537035458083], [-122.636074741414, 44.2536081612712], [-122.635885896676, 44.2535116846846], [-122.635719766739, 44.2533895609091], [-122.635605186625, 44.2532406142395], [-122.635739754254, 44.2531233490908], [-122.635852694943, 44.253046002222], [-122.635953266729, 44.2528605211722], [-122.636141903057, 44.2528095579848], [-122.636027466673, 44.2526243773175], [-122.635894012057, 44.2525003239603], [-122.635739715627, 44.2523935801346], [-122.635527079907, 44.2522574559956], [-122.634738621396, 44.2520703406889], [-122.634436349981, 44.2520001217852], [-122.634159810807, 44.2520004698879], [-122.633913887117, 44.2519845022019], [-122.633695202142, 44.2519292657882], [-122.633468134988, 44.2518997613053], [-122.633223050324, 44.2518792257801], [-122.633004113821, 44.2518267129703], [-122.632792890254, 44.2517473780788], [-122.632591054979, 44.2516636431913], [-122.632353007717, 44.2515992701662], [-122.632129965913, 44.2515560188971], [-122.63190566557, 44.2515028771495], [-122.631674493115, 44.2515336822404], [-122.631435776608, 44.2515294489945], [-122.631190269736, 44.2515084938115], [-122.630967395917, 44.2514670447762], [-122.630742844045, 44.2514292858937], [-122.630512929231, 44.2514288238971], [-122.630091654398, 44.2514798699989], [-122.629864588141, 44.2514346072196], [-122.629605252604, 44.2514111380456], [-122.62936636901, 44.2513771922116], [-122.629145422078, 44.2513288697464], [-122.628892540037, 44.2513278222091], [-122.628640329038, 44.2513686420484], [-122.62838836777, 44.2513541419007], [-122.628131631059, 44.251347560692], [-122.627917807767, 44.2512862057492], [-122.627656712429, 44.2512551508696], [-122.627425036019, 44.2512842361459], [-122.627199561578, 44.2513227511758], [-122.626937878742, 44.2513473509272], [-122.62665960043, 44.2513919008313], [-122.626439323641, 44.251467255184], [-122.62637503481, 44.2516275168606], [-122.626365730958, 44.251799178022], [-122.626114357189, 44.2518511452152], [-122.625841944876, 44.2518539963188], [-122.625606078723, 44.2517836291643], [-122.625444140325, 44.2516630557244], [-122.625258566354, 44.251535693016], [-122.624943069941, 44.2514133167657], [-122.624438037987, 44.2514797110671], [-122.62380695533, 44.2513102328448], [-122.623224484106, 44.2513441851519], [-122.622492523338, 44.2513417689961], [-122.622043364798, 44.2513402839127], [-122.621527358126, 44.2513864038398], [-122.621128030032, 44.2513970368471], [-122.620428801178, 44.2514784170915], [-122.619997124751, 44.2513454521055], [-122.6196654928, 44.2511769470394], [-122.619266860901, 44.251079961997], [-122.618884324117, 44.2510667287377], [-122.618457229996, 44.2506900029894], [-122.617927107198, 44.2506246740067], [-122.617575201168, 44.2503480841576], [-122.617562111816, 44.2500938122029], [-122.617519891896, 44.2497864782142], [-122.617551975227, 44.2493840588104], [-122.616998674097, 44.2493983702632], [-122.616399351377, 44.2494681019485], [-122.615783469113, 44.2495258180339], [-122.615201402132, 44.249499944736], [-122.614884134241, 44.2494492463205], [-122.614323582809, 44.2495320970155], [-122.613792573373, 44.2496044519667], [-122.613054474417, 44.249648135795], [-122.612656427321, 44.2496020492522], [-122.612522546903, 44.2495865467869], [-122.612091766995, 44.2493220268167], [-122.611863689236, 44.2492784309019], [-122.611709637148, 44.2492489849321], [-122.6113439842, 44.249199911715], [-122.611045581828, 44.2490434527982], [-122.610930319893, 44.2488637021612], [-122.610762084305, 44.248786091012], [-122.610629886431, 44.2487251046844], [-122.610217891194, 44.2486283639823], [-122.609517075915, 44.2487512653146], [-122.609467932679, 44.2491319061538], [-122.60958705737, 44.2495559157], [-122.609523388376, 44.24996469394], [-122.60941984676, 44.2502564803099], [-122.609112643594, 44.2506684561698], [-122.608694413151, 44.2507670717663], [-122.608537235824, 44.2504806826961], [-122.608607274771, 44.2502098768997], [-122.60826481273, 44.2497558871264], [-122.607758427913, 44.2495058312035], [-122.60767889018, 44.2492426319209], [-122.607752762239, 44.2489006647793], [-122.607871111684, 44.2486140980292], [-122.607839193644, 44.2484107141948], [-122.607689800219, 44.2483623732053], [-122.607506024675, 44.2484813138208], [-122.607306408239, 44.2484806272259], [-122.606941083176, 44.2483837130249], [-122.606792645558, 44.2481918873118], [-122.606611099632, 44.2479760318819], [-122.606245301157, 44.2479508580166], [-122.605862627829, 44.2479614948624], [-122.605478916049, 44.2481275709744], [-122.605095439627, 44.248257776254], [-122.604594962131, 44.2484712748635], [-122.60429457628, 44.2486137209499], [-122.603843434259, 44.248911087819], [-122.603509614012, 44.2490773298404], [-122.60315963936, 44.2491717719583], [-122.602759839651, 44.2492540838135], [-122.602556990179, 44.2492042017543], [-122.602280087187, 44.2491587802159], [-122.602015891764, 44.2491290188837], [-122.601745901309, 44.2490802151825], [-122.601449889355, 44.2490181320338], [-122.601200595185, 44.2489796952857], [-122.600974193682, 44.2490121959699], [-122.600443825644, 44.249411713288], [-122.600347362752, 44.249748186105], [-122.600393496632, 44.2500516099606], [-122.6002802586, 44.2503820711236], [-122.599936347577, 44.2503400119366], [-122.599688899445, 44.2502378700938], [-122.599428868612, 44.2499374508969], [-122.598762148889, 44.2492890778031], [-122.598639737262, 44.2497460066797], [-122.598418389681, 44.2501311247356], [-122.598274337639, 44.2508452420384], [-122.598032320721, 44.2513446272023], [-122.59695758979, 44.2514837641509], [-122.596419929228, 44.2515962047822], [-122.595940060881, 44.2519804060418], [-122.595420416931, 44.2523644632349], [-122.595243167647, 44.2523369240344], [-122.595025178867, 44.2523615780539], [-122.594692427614, 44.2523615780539], [-122.594514167726, 44.2523445539385], [-122.594304197308, 44.2524835180105], [-122.594275446727, 44.2524723710927], [-122.594269126181, 44.2523734559393], [-122.594231799384, 44.2522729262283], [-122.594114863887, 44.2521813710628], [-122.593898596279, 44.2520844571686], [-122.593555077819, 44.2519954407364], [-122.592329991368, 44.2518755967534], [-122.591583263194, 44.2518465857657], [-122.591245749973, 44.2518195662263], [-122.590936466308, 44.2518442011593], [-122.590693398362, 44.251884422237], [-122.590471088686, 44.2519333542304], [-122.590247188093, 44.2519770002963], [-122.590007464574, 44.2520237721751], [-122.589772938708, 44.2520572981114], [-122.589541180551, 44.2520550357676], [-122.589313419897, 44.2520399148669], [-122.589051929301, 44.251983831734], [-122.58881840865, 44.2519012270711], [-122.588587906338, 44.251795783848], [-122.588397889299, 44.2516634752517], [-122.588279871332, 44.2515110077647], [-122.588172667284, 44.2513567388655], [-122.588080466, 44.251200333945], [-122.587996981968, 44.2510127037292], [-122.587919953229, 44.2508343367496], [-122.587868654934, 44.2506630118742], [-122.587852813144, 44.2504688861477], [-122.587870332089, 44.2503042238972], [-122.587838146351, 44.2501220428903], [-122.587710908076, 44.2499838248058], [-122.587476633738, 44.2498716339742], [-122.587283766345, 44.2497427623152], [-122.587155164427, 44.2496961520633], [-122.586886631039, 44.2496951810696], [-122.586588905997, 44.249617998281], [-122.586391429349, 44.2495104577554], [-122.58621540896, 44.2493997331359], [-122.586139212061, 44.2492668998668], [-122.586115328553, 44.2492252632878], [-122.586228401294, 44.2490549426946], [-122.586304814687, 44.2489731318287], [-122.586244335611, 44.2485535111249], [-122.586492790754, 44.2478970959066], [-122.586679972709, 44.2472842797969], [-122.586906565553, 44.2468468890357], [-122.587274272949, 44.2465706861844], [-122.587321686029, 44.2465808959942], [-122.587418253126, 44.2462808622402], [-122.587583170337, 44.2460173196938], [-122.58777769063, 44.2459112977029], [-122.58787072106, 44.2457537778972], [-122.587828433766, 44.2456871351715], [-122.587546369953, 44.2454892818751], [-122.587346546006, 44.2453962431431], [-122.58709106514, 44.2453149381402], [-122.586862071997, 44.2452196358823], [-122.586619081306, 44.2451074861578], [-122.586405175369, 44.2450158709307], [-122.586196212861, 44.2449237967307], [-122.585979037954, 44.2448188970012], [-122.585778711849, 44.244713453308], [-122.585577126306, 44.2446036920232], [-122.58540689017, 44.2444736890879], [-122.585243527044, 44.2443464092709], [-122.585121569965, 44.2441990980721], [-122.584991231603, 44.2440485997435], [-122.5848794183, 44.2438784900404], [-122.58474304326, 44.2437318488754], [-122.5852621599, 44.2433833300188], [-122.585859110169, 44.2433140338742], [-122.58659010435, 44.2430308320128], [-122.587055505329, 44.2428181277393], [-122.587519072847, 44.2428674450352], [-122.588478682878, 44.2430614722896], [-122.588941756322, 44.2431822429101], [-122.589409808229, 44.2434172251222], [-122.589401370354, 44.2431895799043], [-122.58936985386, 44.2430251701369], [-122.589311013311, 44.2428395937741], [-122.589190901371, 44.2426624852386], [-122.589062489896, 44.2425054490468], [-122.588928881667, 44.2423565462473], [-122.588759568101, 44.2422412943027], [-122.5886256248, 44.2420921379188], [-122.588492939141, 44.2419499392527], [-122.588335443811, 44.2418208159839], [-122.588176438412, 44.2416659611317], [-122.588015085716, 44.2415295032571], [-122.587852478971, 44.241373724774], [-122.587753990378, 44.2412195399791], [-122.587659776868, 44.2410305277294], [-122.587572689693, 44.2408678360386], [-122.587480068895, 44.2406845652067], [-122.587384265367, 44.2405117717481], [-122.587271192625, 44.240341618996], [-122.587118138566, 44.2401846692838], [-122.586962823446, 44.2400469530046], [-122.586796359336, 44.2398805728361], [-122.586609275297, 44.239740679267], [-122.586477343324, 44.2396059397872], [-122.586283554259, 44.2394880482815], [-122.586277512191, 44.2394774021805], [-122.585727631846, 44.2394484462178], [-122.585328966709, 44.2393752569208], [-122.584732064051, 44.239110028783], [-122.584418244793, 44.2387979990704], [-122.58423756664, 44.2384744969807], [-122.584241441073, 44.2379244782689], [-122.584268528873, 44.2378540790038], [-122.584010641419, 44.2375903230034], [-122.584012318574, 44.2373521207404], [-122.584147365904, 44.2369953001742], [-122.584216315195, 44.2366144166802], [-122.584690325628, 44.2356779996818], [-122.58467346425, 44.2356183018125], [-122.58459048507, 44.2352259142355], [-122.584262052019, 44.2346925609853], [-122.583895012072, 44.234119523876], [-122.58340464781, 44.234253197827], [-122.583173908343, 44.2340856111869], [-122.583540698558, 44.2337534570903], [-122.583807926694, 44.2334447600922], [-122.584239461187, 44.2333272269829], [-122.585100349961, 44.2334018198722], [-122.585704732891, 44.233230598056], [-122.585507099037, 44.2329548642201], [-122.585409835746, 44.2325957938041], [-122.585378507001, 44.2323206633201], [-122.585323204915, 44.2320828851388], [-122.584846860659, 44.2317572600143], [-122.58445115098, 44.2314937920832], [-122.583843397571, 44.2312163147743], [-122.583640474437, 44.2312893127511], [-122.583588615594, 44.2314412733044], [-122.583437093161, 44.2317037811223], [-122.583290542006, 44.2318138818687], [-122.583293836128, 44.2318323601695], [-122.582944765182, 44.2323569398947], [-122.582543658424, 44.2325090907883], [-122.582093383278, 44.2329570803119], [-122.582050187787, 44.2334428671291], [-122.58200881408, 44.2336713958069], [-122.58184867411, 44.2338280281991], [-122.581452185591, 44.2340698098457], [-122.580647705627, 44.23433319287], [-122.580214355638, 44.2344980600927], [-122.579626817019, 44.2346401641331], [-122.579073688365, 44.234916242782], [-122.578490501185, 44.2350695372227], [-122.578125050357, 44.235008400869], [-122.577776316279, 44.2349353688875], [-122.577345284843, 44.2347424598555], [-122.576915113095, 44.2344299789644], [-122.576754417965, 44.2342612432918], [-122.576486932911, 44.2341259821463], [-122.576404893369, 44.2340844970476], [-122.576128427857, 44.233894818236], [-122.575804704674, 44.2338381308012], [-122.575511612244, 44.2338148457682], [-122.575187250358, 44.2338469319582], [-122.574894796631, 44.2337348719044], [-122.574803550256, 44.233545878735], [-122.574727815989, 44.2333458470546], [-122.574638489314, 44.2328905260747], [-122.574589539216, 44.2328232058154], [-122.573906223118, 44.2328127348695], [-122.57321135289, 44.2326910360546], [-122.573047768778, 44.2324045750711], [-122.57297492529, 44.2319401673058], [-122.572877307165, 44.2316408699037], [-122.572327710688, 44.2311870181065], [-122.572329952883, 44.2308773550087], [-122.572398624594, 44.2305441207361], [-122.572381526061, 44.2300425243046], [-122.572144919697, 44.2298183721159], [-122.571852171322, 44.22975069174], [-122.571559260353, 44.2297052036864], [-122.571219486969, 44.2297372213116], [-122.570879068596, 44.229858012845], [-122.570677547731, 44.2299793248709], [-122.570428274223, 44.2303002088269], [-122.570370127173, 44.2303745480809], [-122.57103429029, 44.2313727361407], [-122.571163520131, 44.2318258166838], [-122.570994757231, 44.2322539577469], [-122.570659996447, 44.2327291172065], [-122.56990833293, 44.2330005467192], [-122.568982913677, 44.2326921527949], [-122.568882045447, 44.2319866751237], [-122.56889114089, 44.2316766641483], [-122.568546530977, 44.23157311374], [-122.56846758164, 44.2312840990266], [-122.568508119914, 44.2310146312359], [-122.568476607013, 44.2307753666812], [-122.568695237191, 44.2304413890258], [-122.569046201786, 44.2302035691368], [-122.569427441402, 44.2298681380139], [-122.56913301228, 44.2297016917302], [-122.568950352443, 44.2296651309401], [-122.568342314268, 44.2295614991063], [-122.56776431396, 44.2297737009524], [-122.567528905948, 44.2300007408766], [-122.567265319583, 44.230166202125], [-122.566925133873, 44.2302536900211], [-122.566384151341, 44.2303626097532], [-122.565833208289, 44.2306696931296], [-122.565416854426, 44.2307518107362], [-122.565266121613, 44.2307916310657], [-122.564928619171, 44.2313981977395], [-122.565214327448, 44.231633514734], [-122.56523206109, 44.2319841506812], [-122.565088564207, 44.2321588898647], [-122.564258210067, 44.2322659671372], [-122.563990276754, 44.2325160467816], [-122.563704827191, 44.2328856317437], [-122.563270321071, 44.2331709459776], [-122.56295266421, 44.2333969178598], [-122.562651990898, 44.2335751272425], [-122.562185366414, 44.2337048691264], [-122.561542397249, 44.2339174447928], [-122.561263093959, 44.234116122889], [-122.561030753694, 44.2342262030315], [-122.560629623581, 44.2342024663182], [-122.560077819044, 44.2342893747339], [-122.560503836085, 44.2345127059952], [-122.560703988815, 44.2345800590781], [-122.561027454182, 44.2346700801874], [-122.561520948175, 44.2347274619434], [-122.561876515738, 44.2346511438675], [-122.562171173032, 44.234463621772], [-122.562357456673, 44.234320071054], [-122.562620335166, 44.2342544941123], [-122.562930547688, 44.2341381829588], [-122.56329562302, 44.2342471952658], [-122.563855625581, 44.2340531022559], [-122.564282690057, 44.2339963042675], [-122.564389433269, 44.2337990733181], [-122.564812802076, 44.2338959690663], [-122.564565496777, 44.2342164879658], [-122.564218401226, 44.2344488767374], [-122.56464555733, 44.2351360799848], [-122.564642044019, 44.2356124828229], [-122.564398366116, 44.2361811899481], [-122.564290656317, 44.2364094589136], [-122.563701197997, 44.2364134660521], [-122.563552310324, 44.2366081742928], [-122.563387723692, 44.2368850778253], [-122.563223243961, 44.2371473760024], [-122.563098641342, 44.2375120752612], [-122.563014886019, 44.2378477157515], [-122.562748706217, 44.2381242311556], [-122.562056943261, 44.2382530452456], [-122.561468284442, 44.2381777511955], [-122.561001528803, 44.2381029230119], [-122.560494684049, 44.237954904313], [-122.560061608945, 44.2374991118365], [-122.559798000122, 44.237163294297], [-122.559317921569, 44.2368625122652], [-122.558869593072, 44.2367651232476], [-122.55835679608, 44.2363924681544], [-122.558126823774, 44.2360089470734], [-122.55807925798, 44.2356978740714], [-122.558107587251, 44.2350250322393], [-122.558280273093, 44.2346372961044], [-122.558389144414, 44.2345267443033], [-122.558467146926, 44.2344160732221], [-122.558730693766, 44.2342617298815], [-122.558824627002, 44.2340845369533], [-122.55871799608, 44.2338954721753], [-122.558456689638, 44.2337501976836], [-122.558086268433, 44.2337487662221], [-122.557561502288, 44.2337467348855], [-122.557240336608, 44.2335923730548], [-122.556317419163, 44.2336063858367], [-122.555897378614, 44.2336198502304], [-122.55569834788, 44.2338352659516], [-122.555413740936, 44.2340852610472], [-122.555093148381, 44.2344621188844], [-122.555131501952, 44.2349453541589], [-122.554853422168, 44.2356236091217], [-122.554788494634, 44.2358799948414], [-122.554575564267, 44.2362716707238], [-122.554828563089, 44.2367016182382], [-122.555058426699, 44.2370971033054], [-122.555305284637, 44.2374448240053], [-122.555467909348, 44.2379357038881], [-122.555582351122, 44.2381992066951], [-122.555662268843, 44.2386299800096], [-122.555525522799, 44.2391196941283], [-122.555324949657, 44.2392504432227], [-122.555092824089, 44.2391538813009], [-122.554711102077, 44.2390447789715], [-122.554379907605, 44.2388521717383], [-122.5540486242, 44.238671521114], [-122.553334003611, 44.2385969851045], [-122.552902482593, 44.2384757249525], [-122.552759196814, 44.2384751637411], [-122.552820867955, 44.2390446592647], [-122.552354832765, 44.2393286841481], [-122.551889155105, 44.2395650660905], [-122.551685106382, 44.2402550689783], [-122.551746852083, 44.2408508317648], [-122.551544064594, 44.2413740928899], [-122.551240964034, 44.2420160649348], [-122.551502606445, 44.2424696871308], [-122.551797570065, 44.2428996202463], [-122.551992226004, 44.2434482622599], [-122.552447279289, 44.2446172639432], [-122.552540369007, 44.2454513569893], [-122.55253441138, 44.2462374191563], [-122.553358341667, 44.2468361631854], [-122.553223265591, 44.2471691263087], [-122.552925925927, 44.2470488587225], [-122.552364567808, 44.2467846310717], [-122.552001317853, 44.246616461717], [-122.551575051081, 44.2460192701681], [-122.551380210089, 44.2454944480079], [-122.551551686799, 44.2447328561612], [-122.551455895847, 44.244256063826], [-122.551261966645, 44.2436121412157], [-122.551000322437, 44.2431585181756], [-122.550873758797, 44.2423719341358], [-122.550376558355, 44.2419910416844], [-122.550249008364, 44.2420817368387], [-122.55027104314, 44.2427676880613], [-122.550377395585, 44.2431611502534], [-122.550443552014, 44.2436116231701], [-122.550528721286, 44.2441765108629], [-122.550505410903, 44.2446266317194], [-122.550433539392, 44.244926491151], [-122.550281046779, 44.245368956799], [-122.55017847714, 44.2457830357809], [-122.54991842834, 44.2459892517745], [-122.549617020206, 44.2459364100206], [-122.549595060889, 44.2460572957186], [-122.54988141236, 44.2464890250169], [-122.550242659072, 44.2469192221937], [-122.550637049126, 44.2473495481405], [-122.550863941109, 44.2480174222462], [-122.550528927, 44.2484925200518], [-122.549697732936, 44.24884655799], [-122.548833753058, 44.2491528190707], [-122.547839760908, 44.2491250679501], [-122.547112345615, 44.2489078002955], [-122.546717605218, 44.2485251007969], [-122.546421919353, 44.2481904368972], [-122.546326898257, 44.2476183607015], [-122.545322623092, 44.2476819897045], [-122.544481679612, 44.2476657763196], [-122.544502454949, 44.2478493091821], [-122.544431582365, 44.2484445452708], [-122.544361627859, 44.2489206807718], [-122.54362288481, 44.2494972550295], [-122.543424890732, 44.2500603391983], [-122.543090544071, 44.2504401331372], [-122.542261679338, 44.2504844572307], [-122.542064872832, 44.2502216400399], [-122.541636276729, 44.2499340720585], [-122.541370790426, 44.2499806467313], [-122.540843152368, 44.2496450368491], [-122.540209198695, 44.2494364611937], [-122.538402271637, 44.2498092080494], [-122.537627421704, 44.2491117467383], [-122.536761735028, 44.2490768407993], [-122.535173501029, 44.2487607193021], [-122.534677544754, 44.2486157749385], [-122.534382302656, 44.2482334396824], [-122.534817609175, 44.2476635138069], [-122.535063675698, 44.247041569185], [-122.534943145143, 44.2467781188497], [-122.534943835049, 44.2466904682614], [-122.535109178062, 44.2463405286993], [-122.535083691959, 44.2461359021131], [-122.535464810303, 44.2459134489558], [-122.535600492742, 44.2456548417915], [-122.535718125331, 44.2454292670545], [-122.535950955178, 44.2452874439025], [-122.536133385046, 44.2452405952364], [-122.536630646573, 44.2451474331991], [-122.536962309068, 44.2450654952732], [-122.537425722075, 44.2450673730615], [-122.537988808553, 44.2450220622315], [-122.538054798794, 44.2449712499145], [-122.53829454477, 44.2444778842301], [-122.538797065933, 44.2443009402215], [-122.538900939926, 44.2437296608612], [-122.539401326692, 44.2433029051683], [-122.539966306819, 44.2430907939358], [-122.53980434237, 44.2426137257251], [-122.539906717973, 44.2422330047363], [-122.540272875774, 44.2420200922851], [-122.541017349176, 44.2418967508564], [-122.541009230203, 44.2418457093088], [-122.540978815044, 44.2415005592448], [-122.541163541006, 44.2411562727466], [-122.5412269432, 44.2405817327814], [-122.541179461847, 44.2402706537058], [-122.541249985885, 44.2397567770617], [-122.541239771142, 44.2394142662958], [-122.54123679143, 44.2393143058871], [-122.541155677154, 44.2390509207012], [-122.541058675273, 44.238691814756], [-122.540628575389, 44.2383911550969], [-122.540146350762, 44.2383772580137], [-122.539911641639, 44.2386154567703], [-122.539492024197, 44.2390317920719], [-122.53916562044, 44.2395382668057], [-122.539029736779, 44.2399664939886], [-122.538696723218, 44.240179536794], [-122.538245910879, 44.2401626372236], [-122.538128378002, 44.2403038092087], [-122.537590823441, 44.240401680839], [-122.537830762555, 44.2407477357679], [-122.537631396749, 44.2408183909278], [-122.537234344089, 44.2407453211075], [-122.536693328319, 44.2406194838254], [-122.536415067075, 44.2407542280634], [-122.535717897159, 44.24092290586], [-122.53563883733, 44.2413820080258], [-122.536067717301, 44.2416219592502], [-122.536230771406, 44.2419561122132], [-122.535631528636, 44.2423109900678], [-122.535199271, 44.2424997980606], [-122.534672109947, 44.242116518862], [-122.53414420419, 44.2418285180432], [-122.533981161763, 44.2414943611377], [-122.533983793826, 44.2411608812919], [-122.533822071923, 44.2406599841642], [-122.533891349099, 44.2402791340457], [-122.533794957174, 44.239897608282], [-122.533811858078, 44.2395084471889], [-122.534179407369, 44.2390697391166], [-122.534469920736, 44.2388490020725], [-122.534404827912, 44.2385164237057], [-122.53411743709, 44.2385340979882], [-122.533322068737, 44.2386617237592], [-122.532878174324, 44.2382910867571], [-122.532782365406, 44.2378504870841], [-122.532867555339, 44.2375415007186], [-122.533026600264, 44.2373226083019], [-122.532953171972, 44.2372958363142], [-122.532638310669, 44.2371510619314], [-122.532390073816, 44.2369946018604], [-122.532309000862, 44.2367312107959], [-122.532110375268, 44.2366108246848], [-122.531827644007, 44.2366096668278], [-122.531296303093, 44.2364998730462], [-122.531168273402, 44.2368801761032], [-122.531231254286, 44.2372849491087], [-122.531063503788, 44.2375698017904], [-122.53069811764, 44.2377348658969], [-122.530055323647, 44.2377861562219], [-122.529686770937, 44.2379686566867], [-122.529404594835, 44.2380745719961], [-122.529041572154, 44.2379422029298], [-122.528562427849, 44.2378450480381], [-122.528000106736, 44.2384414279754], [-122.528439293078, 44.2386219357856], [-122.529021036666, 44.2384418147738], [-122.529350586323, 44.2386216352294], [-122.529562021893, 44.2390865077097], [-122.529547711731, 44.2394463500764], [-122.52985104765, 44.2397271911742], [-122.530652971907, 44.2401898159317], [-122.530955366391, 44.240590473078], [-122.53153444378, 44.2411320600186], [-122.53189177204, 44.2416128220324], [-122.53202766199, 44.2419928236816], [-122.532628007891, 44.2427159348653], [-122.532788797343, 44.2433114680876], [-122.532734814883, 44.2438585321806], [-122.532945824652, 44.2443828850041], [-122.533059511841, 44.2446569918759], [-122.532890430938, 44.2451084051022], [-122.532409996653, 44.245165927262], [-122.531995480743, 44.2452594097414], [-122.531645465667, 44.245567309223], [-122.531030826672, 44.2458503276999], [-122.530150896308, 44.2461917392112], [-122.529304529699, 44.2464737939331], [-122.528924906151, 44.2463413581772], [-122.528411642035, 44.246363033996], [-122.527796312236, 44.2467293151284], [-122.527533211858, 44.2465140720941], [-122.527467676165, 44.2464305183027], [-122.527087291745, 44.2463932516853], [-122.526640133752, 44.2464270929307], [-122.526308067914, 44.2465565889734], [-122.525647659755, 44.246351591193], [-122.525467514303, 44.2461128928631], [-122.525320280428, 44.2458981257011], [-122.524907568335, 44.2457655380675], [-122.524544507925, 44.2456331547721], [-122.524139005711, 44.2453153191019], [-122.523668821203, 44.2450537407545], [-122.523421372173, 44.244733175992], [-122.523173443443, 44.2444725217328], [-122.522798516288, 44.2445907932263], [-122.522631376644, 44.2447923517266], [-122.522663035071, 44.2449709468166], [-122.522363393924, 44.2451838492319], [-122.522064138153, 44.2453491622544], [-122.521723476336, 44.2455816878863], [-122.521343860873, 44.2458087768635], [-122.521060870898, 44.2463792902113], [-122.520681245554, 44.2466063767528], [-122.52014662489, 44.2463325749767], [-122.519975655729, 44.2461431550829], [-122.519460380285, 44.2464603878219], [-122.519590602764, 44.2467467848846], [-122.519953373916, 44.246962696949], [-122.520316340902, 44.2471547872866], [-122.520511490914, 44.2476082019075], [-122.520341154167, 44.2481791849212], [-122.519843495584, 44.2482485557704], [-122.518983255393, 44.2480781918093], [-122.518420680057, 44.247980538222], [-122.518058103838, 44.2477408021185], [-122.517762389227, 44.2474298838046], [-122.517533343982, 44.2470716050595], [-122.517869586986, 44.246477505018], [-122.517939168691, 44.2460728448032], [-122.518538942366, 44.2456704218711], [-122.51864282085, 44.2451229807944], [-122.519145305182, 44.2444581157702], [-122.51974738034, 44.2437698463019], [-122.519723786089, 44.2432205437986], [-122.519043556603, 44.2432969048173], [-122.518434022734, 44.2430946287939], [-122.518240704386, 44.2429540188821], [-122.517799159966, 44.2425926817742], [-122.517774969234, 44.2421532237948], [-122.517834930881, 44.2416142668173], [-122.517865158292, 44.2413148332718], [-122.517297965615, 44.241236381969], [-122.516884330054, 44.2412227359031], [-122.516336740413, 44.2413988821472], [-122.515873748715, 44.2413493300082], [-122.515659680183, 44.2412175500883], [-122.515430822687, 44.2408715519821], [-122.51483615863, 44.2405809270342], [-122.514773024133, 44.2401995248627], [-122.51497417579, 44.2399145298101], [-122.515306882127, 44.2397491970108], [-122.515371194315, 44.2399876778911], [-122.515851472293, 44.2403454508155], [-122.516031666254, 44.2402554287348], [-122.516265204872, 44.2400303661731], [-122.516168444638, 44.2397206208925], [-122.515872906994, 44.2394338292177], [-122.515478174682, 44.2391347173079], [-122.515415300697, 44.2387299357887], [-122.515351157392, 44.2384798162606], [-122.515105079191, 44.2382170271687], [-122.515026244839, 44.2377407921576], [-122.515341444807, 44.2376469488996], [-122.515675241699, 44.2373033368742], [-122.515710387386, 44.2370536392803], [-122.515312839754, 44.2370995432162], [-122.514699875218, 44.2371802230476], [-122.514285485072, 44.2372617452464], [-122.513986344286, 44.2374151397714], [-122.513209221615, 44.2376816852748], [-122.513143738923, 44.237799924725], [-122.51307965311, 44.2379354612521], [-122.513002380928, 44.2380988838088], [-122.512720153622, 44.2386368908718], [-122.512383520749, 44.2390348696951], [-122.51210441958, 44.2391934449478], [-122.511770751147, 44.2392319601718], [-122.511019913182, 44.2393286017696], [-122.510670501774, 44.2391251800382], [-122.510605225694, 44.2390871770374], [-122.510022716741, 44.2389848270837], [-122.509437549673, 44.2392019930192], [-122.508464316691, 44.2393176351361], [-122.507964809376, 44.239255571932], [-122.507800803056, 44.238935332765], [-122.507552134114, 44.2387744952493], [-122.506626005192, 44.2389302638813], [-122.505896171635, 44.2391293671952], [-122.505629600167, 44.239342367981], [-122.505593613657, 44.2396872398088], [-122.506432773981, 44.2397162008026], [-122.506669782791, 44.2399030278311], [-122.507225475236, 44.240019765864], [-122.507982236692, 44.2398658098517], [-122.508377341806, 44.2401676538718], [-122.508477459942, 44.2405609641944], [-122.509529353902, 44.2412014263073], [-122.509855952593, 44.2417745270241], [-122.510247444683, 44.2425146511243], [-122.510338551819, 44.2435155150198], [-122.509741909672, 44.2435367761558], [-122.509081176322, 44.2432957310035], [-122.508918865123, 44.2428900797256], [-122.508293855976, 44.2423395128005], [-122.507624010117, 44.2422939887852], [-122.5070878183, 44.2422202141797], [-122.5060920933, 44.2424160081772], [-122.505994361088, 44.2422154911654], [-122.505860697164, 44.2415574581076], [-122.505785242273, 44.2410711867452], [-122.505571484558, 44.240353404704], [-122.505404600036, 44.240519246799], [-122.504941425083, 44.2404934461243], [-122.504646235985, 44.2401709328738], [-122.504450244252, 44.2398607481275], [-122.504322648447, 44.2392891147998], [-122.504292845939, 44.2388963681235], [-122.504036877287, 44.2385624262569], [-122.503759402069, 44.2384611727134], [-122.503602286726, 44.2382318098747], [-122.503347457137, 44.2378019282469], [-122.503348023076, 44.2377347120767], [-122.503029337644, 44.2379098827725], [-122.503060465167, 44.238148225012], [-122.502364477434, 44.2381690169765], [-122.501934755742, 44.2380480397682], [-122.501637970338, 44.2378799999015], [-122.501839980784, 44.237499747715], [-122.50233817117, 44.2373589937801], [-122.502572907242, 44.2370265247713], [-122.503014893633, 44.2363585722219], [-122.502649714995, 44.2363382198499], [-122.501998415753, 44.2362332430246], [-122.501718406387, 44.2360773539762], [-122.501605383951, 44.2357437307935], [-122.501774474736, 44.235316157695], [-122.501804008647, 44.2351834992276], [-122.501276635592, 44.2351502288482], [-122.50083286335, 44.2351670539102], [-122.50033562967, 44.2353337370386], [-122.500034662609, 44.2354356112687], [-122.499761298082, 44.2355749100679], [-122.499735288261, 44.2357593508278], [-122.499797447187, 44.2362355239982], [-122.499811476177, 44.2365330229507], [-122.499542370562, 44.2370434381147], [-122.499424517885, 44.2372808712331], [-122.499000679259, 44.2375711372624], [-122.498919482337, 44.2380586751866], [-122.499101228587, 44.2389370002963], [-122.499564487983, 44.2390104932671], [-122.500592019632, 44.2389673492302], [-122.501651477407, 44.2390672580981], [-122.502346874048, 44.2391179307081], [-122.502709332587, 44.239357718043], [-122.503002720562, 44.2399306938455], [-122.502548938393, 44.2402449327249], [-122.502610242123, 44.2403570762736], [-122.502549638181, 44.2404711509599], [-122.502291432724, 44.2404414418663], [-122.502297244824, 44.2404192258413], [-122.501669531747, 44.2408538977087], [-122.501130928853, 44.2418520212879], [-122.500926884621, 44.2424704696844], [-122.500190046899, 44.2433962586831], [-122.499357614956, 44.2438690288329], [-122.498627006152, 44.2440563909618], [-122.498031164404, 44.2439823128892], [-122.497403204291, 44.2437889849744], [-122.496346717245, 44.2433317369618], [-122.495851513758, 44.2431151660992], [-122.495688889946, 44.2427571358677], [-122.495759228931, 44.2422810302754], [-122.495764112173, 44.2417093528894], [-122.496068830598, 44.2409484321882], [-122.496075540115, 44.2401623752896], [-122.496575796626, 44.2397834468881], [-122.497980830002, 44.2393408761589], [-122.497583838427, 44.2392676680642], [-122.496856731256, 44.2390500808231], [-122.496659151301, 44.2389062857898], [-122.496528650345, 44.2386675031883], [-122.496564829094, 44.2383103501381], [-122.496730695825, 44.2382872599526], [-122.497292939683, 44.2384088390709], [-122.497756597032, 44.2384347011574], [-122.498056413352, 44.2382454521292], [-122.498198519643, 44.2377792909553], [-122.497814082024, 44.237892472821], [-122.497317936204, 44.2378545990308], [-122.496955394122, 44.2376745400301], [-122.496892444678, 44.2372935431532], [-122.496927061258, 44.2371152317565], [-122.496664217799, 44.2368880216903], [-122.496269297739, 44.2366245361815], [-122.49609173674, 44.2361002628853], [-122.496029812274, 44.2356002939013], [-122.496314166791, 44.2352446231704], [-122.496547658696, 44.235031496203], [-122.496632627644, 44.2347701257219], [-122.496453852122, 44.2343886170145], [-122.496393447606, 44.2337101926993], [-122.496445319924, 44.2334486760348], [-122.496400072681, 44.2332244949814], [-122.496192841227, 44.2330453428764], [-122.496220696187, 44.232839084086], [-122.496417120909, 44.2327555211711], [-122.496739658317, 44.23224231524], [-122.496512438449, 44.2318035169478], [-122.496430000953, 44.2316219969756], [-122.496496204993, 44.231244878931], [-122.496541027333, 44.2309129546844], [-122.496669442401, 44.2306266897355], [-122.496987069617, 44.2303110632097], [-122.496911344334, 44.2298777347157], [-122.496640009999, 44.2295669659529], [-122.496577497136, 44.2292477367935], [-122.496514345572, 44.2290035530223], [-122.496215406008, 44.2288709009232], [-122.495707328765, 44.2287842297543], [-122.495500834827, 44.2285206500282], [-122.495582557264, 44.2281176281221], [-122.495586196339, 44.2280222053138], [-122.494555162158, 44.2281023182562], [-122.494320417103, 44.2284347707393], [-122.493888129822, 44.228623423713], [-122.492962609059, 44.2283811111667], [-122.492001100888, 44.2284721227579], [-122.491135688198, 44.2289446877609], [-122.490570464628, 44.2291803769641], [-122.489639804604, 44.2295335359818], [-122.489044534184, 44.2294117698792], [-122.488683221896, 44.2290528407009], [-122.4884546303, 44.2286706847041], [-122.488438499253, 44.2278169022052], [-122.488609083935, 44.2272459661755], [-122.489253600897, 44.2267761658254], [-122.489099650319, 44.2264752862862], [-122.489063515586, 44.2261280279807], [-122.488937038184, 44.225667792922], [-122.488677858953, 44.2250695821317], [-122.488520865781, 44.2248787438588], [-122.488417520896, 44.2245994187218], [-122.488366837947, 44.224345681152], [-122.488404506104, 44.2240669862905], [-122.48844294232, 44.2236995662547], [-122.488375620776, 44.2233316726959], [-122.488440259951, 44.2229373626869], [-122.488236919099, 44.2228736129331], [-122.488019168373, 44.2227725899005], [-122.487802904358, 44.2225000632371], [-122.487407774092, 44.2222267331763], [-122.487150773276, 44.2220683606989], [-122.48677328682, 44.2220523733004], [-122.486501883315, 44.2221577591075], [-122.486290313896, 44.2224851420323], [-122.486387499932, 44.2229044561911], [-122.48680548244, 44.2230668260978], [-122.487251243552, 44.2231759052622], [-122.487497757436, 44.2233673722115], [-122.487627323246, 44.2236891870298], [-122.487608405624, 44.2239627452694], [-122.487150272016, 44.2240540668977], [-122.486934044832, 44.2243981097004], [-122.486530237739, 44.2248563120989], [-122.486157554575, 44.2252768549969], [-122.486219076596, 44.2258125202388], [-122.486365705905, 44.2260749250599], [-122.486064376822, 44.2264780851907], [-122.485864385789, 44.2266437507454], [-122.485314560241, 44.2270814841776], [-122.484617684973, 44.2273043947671], [-122.484069818651, 44.2275160769076], [-122.483703115572, 44.2278237557599], [-122.483519763135, 44.2279775952265], [-122.482708199056, 44.2280691030943], [-122.482512988856, 44.2276874988062], [-122.482896866825, 44.227308515819], [-122.48296398535, 44.2272017410849], [-122.482768463435, 44.2268558292173], [-122.482455251438, 44.226723537267], [-122.482109992942, 44.2264721236784], [-122.481929145007, 44.2263404308163], [-122.481547522708, 44.2263005450341], [-122.481432172737, 44.2260654970383], [-122.481434396068, 44.2258122202608], [-122.481228651325, 44.2255683698527], [-122.481040833362, 44.2255675169075], [-122.480793501113, 44.2256297709306], [-122.480441075857, 44.2256154929632], [-122.480049083407, 44.225641833171], [-122.479963634759, 44.2259507790208], [-122.479745722335, 44.2262710199721], [-122.479462778174, 44.2264600918631], [-122.478833643963, 44.2265048138206], [-122.478602117571, 44.2264918602018], [-122.478304726703, 44.2264429121954], [-122.477741668971, 44.2264998269062], [-122.477476420723, 44.2265581011016], [-122.477391590115, 44.2267956640709], [-122.477522057834, 44.2270104159937], [-122.477618067077, 44.2273796782687], [-122.477847807617, 44.2275948838075], [-122.477982831591, 44.2276708988351], [-122.478831090052, 44.227844936953], [-122.479428843416, 44.2276809168808], [-122.479791767282, 44.2278493160937], [-122.480153856613, 44.228112992807], [-122.480449274781, 44.2284240087035], [-122.480845754317, 44.2285449162232], [-122.481407663103, 44.2286903921676], [-122.481736218325, 44.229001554994], [-122.481799339347, 44.2293591539763], [-122.48170933085, 44.2295741759072], [-122.482882565646, 44.2294078626797], [-122.483249264233, 44.2291474939126], [-122.483715340745, 44.2288875720061], [-122.484707502129, 44.2290826179829], [-122.485400897323, 44.2293477728789], [-122.485894079601, 44.2297787686938], [-122.485856598294, 44.2302788379878], [-122.48558928931, 44.2305396639109], [-122.485087172388, 44.2311329220592], [-122.484456062782, 44.2313206427193], [-122.484486071903, 44.2316780911545], [-122.484847997741, 44.2319655739478], [-122.484910101869, 44.2324422702142], [-122.484213134973, 44.2325820511169], [-122.483515540154, 44.2327932868912], [-122.483214872232, 44.233077777057], [-122.482782098064, 44.233314025774], [-122.482387254361, 44.2330025671395], [-122.481828855292, 44.2324521561418], [-122.481633634313, 44.232046316173], [-122.481051692197, 44.2314996359394], [-122.480586630781, 44.2316404470152], [-122.48038617981, 44.2318301021971], [-122.480217389962, 44.232186647058], [-122.479949838433, 44.2324712791862], [-122.479781462707, 44.2327801840415], [-122.47964621685, 44.2330892378895], [-122.478584800748, 44.2332273231728], [-122.478155586603, 44.2330586181653], [-122.47795954636, 44.2327480509268], [-122.477498893876, 44.2323886329611], [-122.477357730816, 44.2317688833073], [-122.476942292336, 44.2320110769897], [-122.477101974166, 44.2323153537819], [-122.476868591855, 44.2324810312284], [-122.476503112282, 44.2325984611119], [-122.476073908019, 44.2324297472215], [-122.475610943271, 44.2323323399254], [-122.4751723588, 44.2316302307506], [-122.475257582869, 44.2309874598758], [-122.475185574814, 44.2302038401267], [-122.475012461374, 44.2301279590379], [-122.474749309793, 44.229948287065], [-122.474188546358, 44.2297434489793], [-122.473430929706, 44.2293473409623], [-122.47334851916, 44.2293112691575], [-122.473201622153, 44.2290845381214], [-122.47216557717, 44.2286004198443], [-122.471474001063, 44.2283567097269], [-122.471231483784, 44.2283408012803], [-122.471073858198, 44.2285121911668], [-122.471401092896, 44.2288827359185], [-122.471597938928, 44.2290980338033], [-122.471495147405, 44.2294786917349], [-122.471326522846, 44.2298114042174], [-122.470761854435, 44.2299755348595], [-122.470399368947, 44.2297594677608], [-122.4698699648, 44.2296855487013], [-122.469471789246, 44.2297551627861], [-122.468908187135, 44.2298001860599], [-122.468608536105, 44.2299655378021], [-122.4685382079, 44.2304178072], [-122.46830180725, 44.2309169441743], [-122.468115654763, 44.2321271001254], [-122.467708656854, 44.2331733210426], [-122.467372846838, 44.2336719931082], [-122.46687181059, 44.2341222522603], [-122.466472525616, 44.2343109539422], [-122.465943732324, 44.2341655581848], [-122.466578373208, 44.2335968238561], [-122.466683141024, 44.2330017908965], [-122.466787475853, 44.2324543999299], [-122.466891595086, 44.231930827118], [-122.466822151721, 44.2308806847349], [-122.465984965894, 44.2306679288125], [-122.465358762886, 44.2303076877498], [-122.465429763031, 44.2297839613099], [-122.465630469123, 44.22957051332], [-122.466430054168, 44.2290740130838], [-122.466713384605, 44.2284181188392], [-122.466478227223, 44.2280454160378], [-122.466389523979, 44.228008722903], [-122.466165521876, 44.2280809318138], [-122.466004349741, 44.2285241440313], [-122.465967992227, 44.2288812863152], [-122.465435152024, 44.2291884649626], [-122.46458811078, 44.2302049536957], [-122.464617137143, 44.2306576859883], [-122.464679506275, 44.2310867527817], [-122.464508679946, 44.2316576521998], [-122.463912793282, 44.2316072171147], [-122.463917764559, 44.2310593600317], [-122.463690408147, 44.2305580557152], [-122.463529959156, 44.2299856020767], [-122.463503106715, 44.2292946709317], [-122.464136205191, 44.2288926881011], [-122.465142612957, 44.2285677540391], [-122.464751347243, 44.2278751158756], [-122.464027747096, 44.2273000233103], [-122.464099834202, 44.2266571987079], [-122.464405312603, 44.2258487222898], [-122.464743045014, 44.2251356791474], [-122.464206257614, 44.2247833846801], [-122.464155220729, 44.224937814033], [-122.463759587407, 44.225359984997], [-122.463401053607, 44.2254440573057], [-122.462099762172, 44.2257007049542], [-122.46206095585, 44.2259868522413], [-122.461992392834, 44.2262482752488], [-122.461707224443, 44.2266752421854], [-122.461459482563, 44.2266264842291], [-122.461279764709, 44.2263757892651], [-122.461101459905, 44.2259704320345], [-122.460971271562, 44.2257318660213], [-122.460517215407, 44.225561601008], [-122.459585664254, 44.2253546078825], [-122.458989408382, 44.2253517857502], [-122.458552809188, 44.2252782551214], [-122.458329010105, 44.2251839799983], [-122.457650568266, 44.2251926582083], [-122.457088705293, 44.2251186040224], [-122.456725271184, 44.2250573878078], [-122.456475897065, 44.2251870750829], [-122.455946906143, 44.225136967265], [-122.455650637271, 44.22496899031], [-122.455439286142, 44.2245634663185], [-122.455407075251, 44.2244681330226], [-122.455259491033, 44.2243246589924], [-122.454831312646, 44.2241084610691], [-122.454434468395, 44.2240827710049], [-122.454002666204, 44.224259170694], [-122.453372877121, 44.2243751337927], [-122.453158460043, 44.2243027220621], [-122.452295043409, 44.2243144066956], [-122.451997363284, 44.2242653371417], [-122.45137087012, 44.2239526589971], [-122.451042059776, 44.2236890499105], [-122.450920538379, 44.2231265321927], [-122.451162216632, 44.222784672683], [-122.451343077143, 44.2225711529605], [-122.45168292868, 44.222358397903], [-122.451829310952, 44.2222322992008], [-122.451489929234, 44.2218331728438], [-122.450997063164, 44.2214020300085], [-122.450372477123, 44.2214339439955], [-122.44998201091, 44.22147180389], [-122.449681028577, 44.2215735450336], [-122.44951208332, 44.2215991048626], [-122.449568555012, 44.2218477517268], [-122.449566558057, 44.2220621302877], [-122.449080214654, 44.2222601203022], [-122.448858399949, 44.2226020697661], [-122.448393452619, 44.2228024720741], [-122.44825755189, 44.2229109407988], [-122.447692941869, 44.2231342663118], [-122.447430462228, 44.222895045687], [-122.447083150183, 44.2228814668252], [-122.446869079854, 44.2227733527594], [-122.446820451353, 44.2226660399812], [-122.446822902855, 44.22240430622], [-122.446874761698, 44.2221666057875], [-122.446916216254, 44.2218230759063], [-122.446681605048, 44.2215910711861], [-122.446486828734, 44.2213798731047], [-122.446264634941, 44.2214257010687], [-122.445975548997, 44.2216494442319], [-122.445868816565, 44.2219022129577], [-122.445866528556, 44.2221461081658], [-122.445667780791, 44.2224734789237], [-122.445573563687, 44.2227825959047], [-122.44518944497, 44.2230551148225], [-122.445274043812, 44.2234913679102], [-122.445204851077, 44.2238122659924], [-122.445037506618, 44.2240137109169], [-122.444985477993, 44.2244270537566], [-122.444666941682, 44.2244826771346], [-122.444300423656, 44.224428918685], [-122.4444390894, 44.2251385482829], [-122.444406486843, 44.2257709127649], [-122.444560104147, 44.2264425188809], [-122.444794141329, 44.2270226028322], [-122.444956573801, 44.2273446261865], [-122.445151540557, 44.2277262932062], [-122.445147852074, 44.2281188942886], [-122.444966946647, 44.2285337428833], [-122.445103573216, 44.2293177820255], [-122.44523058242, 44.2294335311093], [-122.445260658016, 44.2296409128399], [-122.445275263724, 44.2297906550014], [-122.445369384708, 44.2299983483041], [-122.445448253197, 44.2301253759406], [-122.445477357714, 44.2304363709047], [-122.446281272638, 44.2307656433218], [-122.446376423989, 44.2312063121347], [-122.446236582351, 44.2317544620045], [-122.446578256569, 44.2320902820903], [-122.447058207561, 44.2322047750908], [-122.447538510692, 44.2322818790285], [-122.448185848364, 44.2323572288971], [-122.448350647896, 44.2324294112324], [-122.448347869407, 44.2327268348098], [-122.447983173164, 44.2327964581704], [-122.447677229437, 44.2327405761759], [-122.447116645665, 44.232906117902], [-122.446647849054, 44.2329879742842], [-122.446334704431, 44.2331079738933], [-122.445978332876, 44.23358380679], [-122.445924889405, 44.2340751050654], [-122.445843897299, 44.234899826997], [-122.44617782804, 44.2357441150352], [-122.446022759957, 44.2366562552686], [-122.446019465835, 44.2370073517186], [-122.445965689089, 44.2375337601256], [-122.446316944738, 44.2381396259434], [-122.446334117831, 44.2383926662508], [-122.446332405642, 44.2385753489012], [-122.446331574701, 44.2385804171719], [-122.446479921588, 44.238658119017], [-122.446873858891, 44.2385560128812], [-122.447225199881, 44.2384866042146], [-122.447164347105, 44.2380581352099], [-122.447234180338, 44.2376773396892], [-122.447698921954, 44.2375843046926], [-122.447800100103, 44.2373942278303], [-122.448198574797, 44.2373008699405], [-122.448495427574, 44.2374452288312], [-122.448458735886, 44.2378261841792], [-122.448620837777, 44.2382080998774], [-122.449118713752, 44.238115218252], [-122.449286376215, 44.2379016402221], [-122.449256576402, 44.2375441838922], [-122.449160291377, 44.2372102279153], [-122.449657048051, 44.2372364438676], [-122.450381737855, 44.2376925279985], [-122.450725656065, 44.2378208770686], [-122.450895111565, 44.2377554797306], [-122.450906515678, 44.2375019031372], [-122.451126715212, 44.2371136768046], [-122.451258399249, 44.2369274529904], [-122.451307792217, 44.2362736910318], [-122.450856602586, 44.2358822391423], [-122.450644373803, 44.2354140768828], [-122.450386221347, 44.2350273602446], [-122.450403216574, 44.2346495077526], [-122.450674868014, 44.2344643690322], [-122.450870359386, 44.2344030228681], [-122.451402471055, 44.23445080893], [-122.451971826875, 44.2347353129666], [-122.452493184811, 44.2345665260352], [-122.452938856092, 44.2344678678315], [-122.453383893162, 44.2344409259126], [-122.453693882902, 44.234442408848], [-122.45410918843, 44.2347157311045], [-122.454871628138, 44.2348278819735], [-122.455122518614, 44.235296989234], [-122.455517845611, 44.2354298682087], [-122.456176308019, 44.2356461970401], [-122.456512012932, 44.2357834640747], [-122.456740591053, 44.2353827889984], [-122.456860726349, 44.2353653898845], [-122.45706650433, 44.2349851008519], [-122.45785251044, 44.2349373519108], [-122.458760034354, 44.2357871822702], [-122.458848141117, 44.235803463291], [-122.459407228296, 44.2362587057387], [-122.459766661309, 44.2368082849895], [-122.460228327991, 44.2370486757859], [-122.460623952331, 44.2372649310877], [-122.460644460868, 44.2372903779088], [-122.461212497962, 44.2370733021023], [-122.461511555205, 44.2369794288175], [-122.461844828379, 44.2367666119169], [-122.462647173946, 44.2370362580377], [-122.46287714715, 44.2372517281877], [-122.463371096589, 44.2375875400737], [-122.463467679855, 44.2378976647213], [-122.463364167883, 44.2383497740491], [-122.463326488947, 44.2388498342305], [-122.463521824012, 44.239231884229], [-122.463485010154, 44.2396366648693], [-122.463276641432, 44.2400169650292], [-122.463494428989, 44.2401869282228], [-122.464190509249, 44.2407231772767], [-122.464908202075, 44.2410799070186], [-122.465198666932, 44.2406689947473], [-122.46526774109, 44.2403596479812], [-122.465532594978, 44.2403847092525], [-122.465661681088, 44.2407664448779], [-122.465859925796, 44.2415733687736], [-122.466076647053, 44.2416425620688], [-122.466783672386, 44.2415472931185], [-122.467104858728, 44.2412057729197], [-122.467306630222, 44.2408779856996], [-122.467020820435, 44.2407013320525], [-122.466957777566, 44.2403437260462], [-122.466928729643, 44.2398909948999], [-122.467394103673, 44.2397264201685], [-122.467892824064, 44.2395381779917], [-122.468357762411, 44.2394212388497], [-122.468621756611, 44.2395415709424], [-122.468618326844, 44.2399226877702], [-122.468780135884, 44.2403522147421], [-122.468875251303, 44.2408290728257], [-122.468058353926, 44.2412959711689], [-122.467437414148, 44.2418076070272], [-122.467103272303, 44.2420934842285], [-122.467181438309, 44.2423942568961], [-122.467003139793, 44.2427325962344], [-122.466936026658, 44.2429356528323], [-122.467295671674, 44.2431797273139], [-122.46749361904, 44.2439641080431], [-122.467737877254, 44.2442491407533], [-122.467983226921, 44.244504604042], [-122.467926262952, 44.2449366832276], [-122.467852642421, 44.2452542397268], [-122.46756778395, 44.245456368682], [-122.467032980928, 44.2459116509897], [-122.466636180694, 44.2460799961065], [-122.466318178881, 44.2462208057558], [-122.46603848123, 44.2465040887859], [-122.465963347937, 44.2468222069645], [-122.465605875946, 44.2472274482485], [-122.46570660314, 44.2478255708861], [-122.465965258653, 44.2480768572193], [-122.466074865694, 44.24818334119], [-122.466196740129, 44.2484000832217], [-122.466443133638, 44.2485411099614], [-122.466945016099, 44.2484150750747], [-122.466946472268, 44.248253816253], [-122.467067130384, 44.2480456790262], [-122.467267052247, 44.2478284260457], [-122.467544697247, 44.2477728022091], [-122.46799040985, 44.247632774899], [-122.468116071582, 44.2474299037529], [-122.467906547627, 44.2471237430955], [-122.467890005151, 44.2469965069788], [-122.468032780687, 44.2468572950649], [-122.468439409388, 44.2468846199721], [-122.468934485315, 44.2469123547753], [-122.469287247438, 44.2465710098662], [-122.469611131421, 44.2465337517033], [-122.469851605931, 44.2467771317203], [-122.469944144083, 44.2469810630285], [-122.469958530603, 44.2471332829296], [-122.470251330181, 44.2473022776973], [-122.470650184862, 44.2471393388734], [-122.471266414774, 44.2471564861163], [-122.471526936986, 44.2469290117384], [-122.471933365364, 44.2469758828693], [-122.472136048648, 44.2467279219493], [-122.47249928423, 44.2468725247624], [-122.472737088048, 44.2472347448415], [-122.472766082971, 44.2476118048144], [-122.47290350365, 44.2477118598751], [-122.473210953852, 44.2476085358795], [-122.473764995194, 44.2479112307621], [-122.473703689667, 44.2480967512298], [-122.473572105342, 44.248325448858], [-122.473974896441, 44.248511424891], [-122.474059798914, 44.248298484971], [-122.474436811059, 44.2483859748664], [-122.475102104256, 44.2485757890698], [-122.475067474202, 44.249017742731], [-122.475024149354, 44.2494177329629], [-122.474763629837, 44.2496452150899], [-122.474043260929, 44.2499168747916], [-122.473876991753, 44.2501509472703], [-122.473801818035, 44.2505224927638], [-122.474332860709, 44.2507031443192], [-122.47453335929, 44.2508978766941], [-122.47469289739, 44.2511505661405], [-122.474743459066, 44.2515287309062], [-122.474593261648, 44.2517412318835], [-122.474254056899, 44.25198193615], [-122.473673040048, 44.2521246188854], [-122.473283361657, 44.2519774648624], [-122.472900537412, 44.2516650072985], [-122.47248116521, 44.2519523197343], [-122.472019137405, 44.2521877842401], [-122.471529099231, 44.2523404732461], [-122.471199465133, 44.2526594857637], [-122.471373760756, 44.2529311341164], [-122.471930527586, 44.2529337097783], [-122.472626740795, 44.2529083411444], [-122.472704364219, 44.2531230859276], [-122.472183785122, 44.2535208708849], [-122.472020103992, 44.2540346420977], [-122.472012792604, 44.2541574073096], [-122.472560308583, 44.2548765811961], [-122.47288704831, 44.2554021451336], [-122.473644433198, 44.2559535137211], [-122.473939529768, 44.256312184236], [-122.474501047788, 44.2565291562426], [-122.475197896107, 44.2564370769029], [-122.476060880651, 44.2562981131655], [-122.476423338291, 44.2565379829581], [-122.476550625974, 44.2571340839697], [-122.476844479276, 44.2576356662806], [-122.477006397013, 44.258065181015], [-122.477069095827, 44.2584704201099], [-122.477099072608, 44.2588278683136], [-122.47686537409, 44.2590173638055], [-122.476667564166, 44.2588973539894], [-122.476127129606, 44.2590323876939], [-122.476135890875, 44.2591851071808], [-122.476115284421, 44.259796019763], [-122.476173102688, 44.2601236108532], [-122.476412914241, 44.2604738582798], [-122.476394149333, 44.2608774730523], [-122.476164192298, 44.2611273686826], [-122.475789808624, 44.2613268388441], [-122.476809164706, 44.2611457258356], [-122.476849561944, 44.2611611088088], [-122.477181196591, 44.2607815430133], [-122.477514126608, 44.2606163209732], [-122.477844736277, 44.2607131159412], [-122.478139883154, 44.261071774794], [-122.478199641781, 44.2618104897205], [-122.477865058864, 44.262333119215], [-122.477892385615, 44.2623463859656], [-122.478218229721, 44.2623478752743], [-122.478627477012, 44.2624261202187], [-122.47903528071, 44.2626680191535], [-122.479164501567, 44.2628805808803], [-122.479475402198, 44.2626461949455], [-122.479879247919, 44.2619572337808], [-122.480843626208, 44.2616043098982], [-122.481469627993, 44.2620359257184], [-122.481763547771, 44.2625374958069], [-122.482155030877, 44.2632538922778], [-122.48237974175, 44.2640886351777], [-122.48273893132, 44.2647095998994], [-122.483364562101, 44.2651888459421], [-122.483892217228, 44.2655008997074], [-122.48428353684, 44.2662411093032], [-122.484277289057, 44.2669557012718], [-122.484140110924, 44.2674791367198], [-122.484367157417, 44.2680518591829], [-122.485026818178, 44.2684359651493], [-122.485385852339, 44.2690807410388], [-122.485414013625, 44.2696525647141], [-122.484979523675, 44.2700555581335], [-122.484582550066, 44.2699584858705], [-122.484022534029, 44.2695510051096], [-122.483160835873, 44.2695232887018], [-122.482405785707, 44.2694245797687], [-122.482274099873, 44.2696660388691], [-122.482070177812, 44.2702368109361], [-122.481752135574, 44.2712444117947], [-122.482141919965, 44.2721608939192], [-122.482516087146, 44.2725913619172], [-122.482569992351, 44.273249056132], [-122.482188918024, 44.2736046392305], [-122.481762952188, 44.2739237807982], [-122.480864474309, 44.2742239681074], [-122.480873873382, 44.2744341423062], [-122.481400926637, 44.2747571398202], [-122.481868337147, 44.2755206981997], [-122.481949283439, 44.2757110088263], [-122.482530769211, 44.2762074049224], [-122.482925859951, 44.2765236258486], [-122.483174198313, 44.2766607569744], [-122.483180977, 44.2758873392838], [-122.482952660289, 44.2754575347558], [-122.482957255172, 44.2749335007973], [-122.483556726114, 44.2746265449075], [-122.484420997943, 44.2743684209811], [-122.485315505269, 44.2744439169794], [-122.486507354954, 44.2746398461889], [-122.487399384726, 44.2750011619989], [-122.487831204883, 44.2749078168431], [-122.488266126923, 44.2744571739216], [-122.488566362755, 44.2742441317778], [-122.489223231552, 44.2749616912589], [-122.48921704216, 44.2756762826886], [-122.488846362239, 44.2763654239456], [-122.488591653924, 44.2771319958946], [-122.489869610722, 44.2776065651922], [-122.487620243623, 44.2800547883105], [-122.48668447488, 44.2809531132839], [-122.486181934852, 44.2815463698174], [-122.485415164367, 44.2820193310461], [-122.484551616579, 44.2821821822238], [-122.483723307903, 44.2821069791375], [-122.483426352718, 44.2819388921486], [-122.483000740818, 44.2813176296815], [-122.482242107272, 44.2808616021351], [-122.481956257061, 44.2794310690517], [-122.482192948765, 44.2789080867039], [-122.48163098069, 44.2787149732903], [-122.481196605724, 44.2790941319451], [-122.480498240151, 44.2793291642551], [-122.479703552721, 44.2792064438855], [-122.479106754267, 44.278734222146], [-122.478441468256, 44.2782703171161], [-122.47701908392, 44.2782638141693], [-122.47612785275, 44.2781194660585], [-122.475648853074, 44.2771832280687], [-122.475637045618, 44.2768939248187], [-122.475697315387, 44.2765842932744], [-122.475700805342, 44.2761917576811], [-122.475732316446, 44.2758819931573], [-122.475188811444, 44.2755592578138], [-122.474960790279, 44.2753309433142], [-122.473641381621, 44.2754630462199], [-122.473168348555, 44.2753406387262], [-122.472643127863, 44.2748172327684], [-122.471609645773, 44.2749927979373], [-122.470880414086, 44.2754502911901], [-122.470152069936, 44.2758075949897], [-122.469593215421, 44.2759252278194], [-122.469061163041, 44.2761632102022], [-122.46855537201, 44.2765816511153], [-122.467968616721, 44.2766991466859], [-122.467741704975, 44.2771188842687], [-122.46742840674, 44.2778387831946], [-122.467118000182, 44.2782380911519], [-122.465777289773, 44.2784522449779], [-122.465193236617, 44.2782691710128], [-122.464217820728, 44.2781844487036], [-122.463952565293, 44.278070669053], [-122.463594692653, 44.2786078808749], [-122.463228250086, 44.2787967247686], [-122.462664824943, 44.2787702552871], [-122.462069550032, 44.2786007090873], [-122.461337524585, 44.2788831068054], [-122.46119924332, 44.2795017909333], [-122.460785834135, 44.2801343339002], [-122.460934948184, 44.2803888952706], [-122.46111404081, 44.2807470501263], [-122.461176435095, 44.2811761149592], [-122.460761105312, 44.2812694379382], [-122.46043171825, 44.2810296767712], [-122.460318503574, 44.2807194740557], [-122.459941459988, 44.2802531890265], [-122.459763575596, 44.2797640251237], [-122.459534978611, 44.2793818139311], [-122.459388508303, 44.2790833618111], [-122.4590593566, 44.2788197771844], [-122.458636551935, 44.2785188151995], [-122.458416194298, 44.2782172027285], [-122.458699506769, 44.2777376397122], [-122.458929794383, 44.2769572571586], [-122.457567464221, 44.2764899266986], [-122.456760160851, 44.2763257881823], [-122.455884375315, 44.2763056869711], [-122.455488380869, 44.2767591578949], [-122.455155078949, 44.2769481337916], [-122.455052973739, 44.2772334941614], [-122.45468695338, 44.2773746717138], [-122.454257046635, 44.2772535153025], [-122.453962187219, 44.276870975841], [-122.453767454923, 44.2764174530398], [-122.453504033848, 44.2755688592831], [-122.452784511153, 44.274964280106], [-122.452175810021, 44.2744403800363], [-122.451621218911, 44.2740970768494], [-122.450902666397, 44.2733923008828], [-122.450685725052, 44.2727300112046], [-122.450718278202, 44.2722292227611], [-122.450946410758, 44.2716892993092], [-122.450990465936, 44.2716523182104], [-122.450829760925, 44.2699060818338], [-122.450823558058, 44.2699014408053], [-122.450290047712, 44.2695021488854], [-122.445854872915, 44.2701981552025], [-122.445400057684, 44.2691640780365], [-122.445462549885, 44.268864241188], [-122.445763448674, 44.2685941472303], [-122.44546967083, 44.2681067787597], [-122.444956442647, 44.2676898059145], [-122.444722613873, 44.26717414313], [-122.444903501334, 44.2669749282483], [-122.445459860329, 44.2670348001469], [-122.446133004802, 44.2673667920726], [-122.446469379858, 44.2675542227976], [-122.446825914008, 44.2677131669548], [-122.44718392409, 44.2677148999273], [-122.447284978271, 44.2675438808982], [-122.447663277702, 44.2675028329893], [-122.448002333331, 44.267404424932], [-122.448242074816, 44.2672912438835], [-122.448757089748, 44.2678234807801], [-122.448793697893, 44.2674870219686], [-122.448912271917, 44.2673312987229], [-122.44899738729, 44.2671754148887], [-122.449115625344, 44.2670557581596], [-122.448934058757, 44.2667903827226], [-122.448685009828, 44.2665847948175], [-122.448484918183, 44.2665116939634], [-122.448332656438, 44.2666912993126], [-122.448045423719, 44.2669904782354], [-122.44759335823, 44.267024361021], [-122.447294009035, 44.2668305498342], [-122.446981424062, 44.2662639710852], [-122.446869272992, 44.2657344289738], [-122.446716928601, 44.2655212940971], [-122.445879422075, 44.2655172349046], [-122.445459722886, 44.26493381473], [-122.444267524655, 44.2645020638618], [-122.443268937623, 44.2638416991537], [-122.443099633039, 44.2635169117702], [-122.442838449667, 44.2634062218848], [-122.441921520392, 44.2634017450326], [-122.441357803297, 44.2634228098447], [-122.440783883136, 44.2630538779707], [-122.440675737654, 44.2632478051839], [-122.440655141081, 44.2646066222725], [-122.441075702653, 44.2652079827914], [-122.441038491739, 44.2656365731186], [-122.440938370907, 44.2657075457608], [-122.440606891669, 44.2657059227322], [-122.440295825748, 44.2660340469873], [-122.440094674989, 44.266271269176], [-122.439694860907, 44.2664836937204], [-122.438963106752, 44.2667421301752], [-122.438828471748, 44.2669558550157], [-122.438957214702, 44.2673614387382], [-122.439087092227, 44.2676479250705], [-122.439015356362, 44.2682192699437], [-122.438659901987, 44.268559193032], [-122.439147106875, 44.269319508249], [-122.438747494914, 44.2695081111841], [-122.438151248025, 44.2694575387277], [-122.437424677149, 44.26916811382], [-122.437061163988, 44.2690472203055], [-122.436733080381, 44.2686882929817], [-122.436536912578, 44.2684014778663], [-122.435910036731, 44.2680887151803], [-122.435084273881, 44.2677749646965], [-122.434816114193, 44.268083307234], [-122.434611739381, 44.2686539917491], [-122.434080660774, 44.268722823838], [-122.433884279172, 44.2684598237785], [-122.433688938717, 44.2678593688], [-122.43319056777, 44.2672852009505], [-122.432616853324, 44.2668672110402], [-122.432401955647, 44.2674758200004], [-122.432298610762, 44.2678802576889], [-122.432561053572, 44.2681674111326], [-122.432791265728, 44.2683591189408], [-122.433054399343, 44.2685748120722], [-122.432687007256, 44.268858835886], [-122.431990865013, 44.2688553757977], [-122.43152791913, 44.2687339702483], [-122.431134030336, 44.2683270567197], [-122.43126984303, 44.2679942442615], [-122.431835902034, 44.2677350330241], [-122.431840949667, 44.2672110041807], [-122.431481135768, 44.266708979282], [-122.431185096865, 44.2664692989387], [-122.430394600974, 44.265941303861], [-122.430663233177, 44.265585332808], [-122.430602685828, 44.2649895136844], [-122.430109155903, 44.2646059217132], [-122.429017604916, 44.2643622629424], [-122.428222999233, 44.2642630062494], [-122.427596673156, 44.2639025591556], [-122.427337510993, 44.2632819217219], [-122.426911931432, 44.2627319110778], [-122.426476785712, 44.2621780102077], [-122.426314994638, 44.2617722459706], [-122.426732102187, 44.2610584852388], [-122.426382571303, 44.2610387789658], [-122.426010047142, 44.261170302821], [-122.425266852042, 44.261242792709], [-122.425084952181, 44.2608607460547], [-122.425352897172, 44.2605762448311], [-122.4257263457, 44.2603494451206], [-122.425755087298, 44.2601209106955], [-122.425420310344, 44.259690608066], [-122.425171927066, 44.2600989208432], [-122.424713207756, 44.2604578928945], [-122.4244149042, 44.2604563900275], [-122.424059197399, 44.2599980331226], [-122.423957973436, 44.2595020521209], [-122.423372956387, 44.2596706092495], [-122.422682993655, 44.2597242936879], [-122.422048113819, 44.2595686322283], [-122.421997697671, 44.2593015837023], [-122.422556757899, 44.2590757331862], [-122.422718460041, 44.2588097581338], [-122.422719951244, 44.2586573117477], [-122.422696046176, 44.2583903999813], [-122.422618553906, 44.2581803858716], [-122.422303174275, 44.2578929430186], [-122.421581034787, 44.2577703142812], [-122.421118196702, 44.2576488658928], [-122.420889701226, 44.2572903959032], [-122.420926117131, 44.256957091176], [-122.421060356876, 44.2563826707907], [-122.420877116727, 44.2561745990042], [-122.420228834028, 44.2555901840617], [-122.419709897949, 44.2553336667626], [-122.419241546005, 44.2550653160437], [-122.41895857669, 44.2547616362395], [-122.418744202731, 44.2543253202564], [-122.418595918725, 44.2540102358533], [-122.418549391383, 44.2536110418872], [-122.418819221938, 44.2535398776996], [-122.419390145319, 44.2536394980154], [-122.419458731691, 44.2535068609155], [-122.419762676667, 44.2533875090176], [-122.420031911639, 44.2533767869337], [-122.4202021882, 44.253160114716], [-122.420024593065, 44.2530822969038], [-122.419887227183, 44.2529630599621], [-122.41972531843, 44.2528225186794], [-122.41944204279, 44.2523975347093], [-122.418950173849, 44.2521985979093], [-122.418630129266, 44.2522453277883], [-122.418107175922, 44.2523998298553], [-122.417785934783, 44.2525674479789], [-122.417531613641, 44.252771675138], [-122.417332285564, 44.2525167760147], [-122.417301154448, 44.2522627360663], [-122.417287438072, 44.2519483361747], [-122.417575514309, 44.2517321921109], [-122.417929912265, 44.2516131029986], [-122.418350870892, 44.251566888019], [-122.418833409032, 44.2514440479068], [-122.418245085284, 44.2513480812432], [-122.417771329075, 44.2512940153124], [-122.417528539606, 44.2511378219209], [-122.417043066671, 44.2508151057813], [-122.416814654738, 44.2506589838287], [-122.416775491785, 44.2506366687088], [-122.416391864446, 44.2506622648198], [-122.416275087951, 44.2505649520517], [-122.416210323911, 44.250310740233], [-122.416229921557, 44.2502480921363], [-122.416172635991, 44.2501805079684], [-122.416091110286, 44.2497048961535], [-122.416215543122, 44.2490958960238], [-122.415986089144, 44.2488381657545], [-122.415543889852, 44.2484382397903], [-122.415135734913, 44.248205249915], [-122.414782644904, 44.2478186057632], [-122.414560130412, 44.2471654911999], [-122.414633615297, 44.2466505061804], [-122.414352933991, 44.2461616082919], [-122.414124646027, 44.2457884296908], [-122.413819377832, 44.2459792818908], [-122.41386781589, 44.2464926447234], [-122.413897646246, 44.2470828791262], [-122.414248689893, 44.2476747620206], [-122.414334223881, 44.2480472092368], [-122.414259786781, 44.2483546958104], [-122.414114605557, 44.248597680918], [-122.414182167849, 44.2489828637622], [-122.41416063074, 44.2493547608921], [-122.414439414804, 44.2500360670755], [-122.414307746936, 44.2507152676967], [-122.414395513238, 44.2512408250692], [-122.414650935714, 44.251453684201], [-122.414921745433, 44.2516823391781], [-122.415292648135, 44.2519631572543], [-122.415447462893, 44.2522945207181], [-122.415674344995, 44.2526055921925], [-122.416017944303, 44.2527416428176], [-122.41634707265, 44.2528879501005], [-122.416630120118, 44.2533336013147], [-122.416583225365, 44.2537155842788], [-122.416492701235, 44.2541489971727], [-122.416503294169, 44.2545312727419], [-122.416197794209, 44.2549016041125], [-122.415993203801, 44.2552414600863], [-122.415760479956, 44.2555191889109], [-122.415714396382, 44.2558185327821], [-122.415525606441, 44.256013844007], [-122.415050482098, 44.2560940539553], [-122.414765074756, 44.255885985008], [-122.414622576799, 44.2557612912687], [-122.414395176369, 44.2555018678132], [-122.414238511082, 44.255356438849], [-122.414039539637, 44.2550186701186], [-122.413797269394, 44.2549203010002], [-122.413583015809, 44.2547849078356], [-122.413132825105, 44.2546447292885], [-122.412937584362, 44.2544934842994], [-122.412544380084, 44.2544649488008], [-122.412347381339, 44.2544904493069], [-122.412120385152, 44.2545381508522], [-122.41184136034, 44.2549135760664], [-122.411609367723, 44.2549123812517], [-122.411278901784, 44.2548153959353], [-122.411132789007, 44.2544283937452], [-122.410787011284, 44.2542888030758], [-122.410222657283, 44.2543811740303], [-122.409842644765, 44.2541151861069], [-122.409338605449, 44.2541037428818], [-122.409192206109, 44.2539880950853], [-122.408874993914, 44.2537389952685], [-122.408558317115, 44.2534368708568], [-122.408634570608, 44.2531898070916], [-122.409068103852, 44.2528738897924], [-122.409414589447, 44.2526547372066], [-122.409940648268, 44.2525038062447], [-122.410274197224, 44.2522059492215], [-122.410334574791, 44.2519170107548], [-122.410587315796, 44.2515427703021], [-122.41056176771, 44.2513376798693], [-122.409948875937, 44.2509695530511], [-122.409384074576, 44.2511095582615], [-122.409016200992, 44.2514411459509], [-122.408389668302, 44.2520849037175], [-122.408252808172, 44.2525129681518], [-122.407818638022, 44.2528442088391], [-122.407548254105, 44.2533668626988], [-122.407440001723, 44.2539275980051], [-122.40767589213, 44.2542003767783], [-122.407573885735, 44.2544571132786], [-122.407253144059, 44.2547127130334], [-122.407211220583, 44.254926881809], [-122.407208637028, 44.2551841317944], [-122.407384874809, 44.2554566029821], [-122.407682147998, 44.2555581920848], [-122.407878993131, 44.255759307017], [-122.407777701795, 44.2559445826871], [-122.407539077814, 44.2559433460724], [-122.407379563969, 44.255985396105], [-122.40694136757, 44.2560545840294], [-122.406839786078, 44.256268442948], [-122.406777400776, 44.2565396750828], [-122.40663777114, 44.2565818269885], [-122.406436328429, 44.2568380448136], [-122.406513138878, 44.2571100000618], [-122.406570207949, 44.2573675602589], [-122.406605380586, 44.2578251012769], [-122.406422524917, 44.2582100467606], [-122.406162710577, 44.2583373281035], [-122.405926668354, 44.2580788366848], [-122.405570015627, 44.2579483501165], [-122.405473178138, 44.2576905820779], [-122.405312218005, 44.2578755447713], [-122.405012919115, 44.2579740337614], [-122.404595745989, 44.2579289831481], [-122.404347579205, 44.2578952167187], [-122.404094698961, 44.2583122661165], [-122.403814994124, 44.2584394378649], [-122.403280092289, 44.2582365518809], [-122.402884105928, 44.258062972946], [-122.402186502126, 44.2582165422758], [-122.401904910827, 44.2585295003158], [-122.40177950781, 44.25912912608], [-122.401912916613, 44.2597015220063], [-122.401947184646, 44.2602448141595], [-122.401486598637, 44.2605568349805], [-122.400949799559, 44.2605397283154], [-122.400595176126, 44.2602091421609], [-122.400360022338, 44.2598648898887], [-122.400284253037, 44.2594928887291], [-122.400328239045, 44.2590786392689], [-122.400650630925, 44.2586658512006], [-122.400574715199, 44.2583081408021], [-122.400378033559, 44.2580927226801], [-122.400042440935, 44.2578479901368], [-122.399846202165, 44.2576866001937], [-122.399473798377, 44.2580293172543], [-122.399053824304, 44.2582127032565], [-122.398720642758, 44.2583258400205], [-122.398656998917, 44.2585376119452], [-122.398237377882, 44.2586856451239], [-122.397980589068, 44.2585428882352], [-122.397772718013, 44.2584268998174], [-122.397763628859, 44.2589936847032], [-122.398157857216, 44.2593387810215], [-122.398411571097, 44.2598117672298], [-122.39799293192, 44.2599096089768], [-122.397666388924, 44.2603899389523], [-122.397431943906, 44.2606269092072], [-122.396471964668, 44.2605027382715], [-122.39581175324, 44.2602372200214], [-122.395214663732, 44.2602817020727], [-122.394582472554, 44.2605165600027], [-122.393686097631, 44.2606547301723], [-122.39309218726, 44.2603895477947], [-122.391798564742, 44.2604779512748], [-122.390347763999, 44.2607123149732], [-122.389731123557, 44.2607233149325], [-122.389057782352, 44.2604481589997], [-122.38868215541, 44.2602317631012], [-122.388706039816, 44.2598459957759], [-122.388906385684, 44.2597041436935], [-122.389267155391, 44.2594345171892], [-122.389189088199, 44.2592911747279], [-122.38885176003, 44.2592179091101], [-122.388674708376, 44.2590311601513], [-122.388597236767, 44.2588306521685], [-122.388478362706, 44.258787137933], [-122.388200845267, 44.2586998970533], [-122.387882962929, 44.2586696091256], [-122.387665847311, 44.2585112292012], [-122.387687959342, 44.2582969608896], [-122.388006875641, 44.258227208147], [-122.388305165722, 44.2582288050036], [-122.388583126031, 44.2582731708368], [-122.388921188124, 44.2582749800058], [-122.389160856845, 44.2581762148682], [-122.389142302142, 44.2580474830049], [-122.388984991865, 44.2578751330088], [-122.388906187157, 44.2578032488926], [-122.388908112246, 44.2576174579396], [-122.388658483005, 44.2574240030562], [-122.388435864308, 44.2575465398688], [-122.388163782575, 44.2576953257247], [-122.387854904051, 44.2578350762298], [-122.387633108211, 44.2578780758235], [-122.387437465023, 44.2577709737457], [-122.387229065759, 44.2577079913175], [-122.387068752413, 44.2577513197714], [-122.38664901819, 44.257908146697], [-122.386559153424, 44.2579299642999], [-122.386483335614, 44.2584247657498], [-122.386152645097, 44.2583515280041], [-122.385985555759, 44.2578515570306], [-122.385568670093, 44.2577344239622], [-122.385335865399, 44.2576536307745], [-122.384993130271, 44.2575015442589], [-122.384713812608, 44.2571642041211], [-122.384555619286, 44.2570042708626], [-122.384411752297, 44.2566499841401], [-122.384466192, 44.256146523064], [-122.384592471772, 44.2558290427418], [-122.38455733417, 44.2556609352771], [-122.384300223759, 44.2555534958775], [-122.383907764185, 44.2554541651194], [-122.383687820671, 44.2553204112977], [-122.383652316556, 44.2551876518809], [-122.383766396308, 44.2548612692842], [-122.383779173945, 44.2548049797327], [-122.38277107016, 44.2543746459205], [-122.382382695225, 44.2543058530085], [-122.382037672087, 44.2543746890295], [-122.38176697915, 44.2543908999216], [-122.381658632445, 44.2541693691203], [-122.381514231856, 44.2538681020283], [-122.381135476081, 44.253636268021], [-122.380879307105, 44.2534404483129], [-122.380371439169, 44.2533656041533], [-122.380142206177, 44.2531023307762], [-122.379946616888, 44.2527916010192], [-122.37968550089, 44.252409050975], [-122.379288321567, 44.2523592533082], [-122.37922402465, 44.2518229848499], [-122.379046497787, 44.2516120709091], [-122.378983351612, 44.2513139687191], [-122.378984729628, 44.2511829620293], [-122.378916719076, 44.2506458862442], [-122.378817110284, 44.2503589567201], [-122.377858789336, 44.2496359098859], [-122.377864563706, 44.2490880649341], [-122.37750506871, 44.2486096908335], [-122.377041891959, 44.2485357040778], [-122.376513448112, 44.2483660751624], [-122.375908801976, 44.2474620713207], [-122.375951965127, 44.2472978749077], [-122.375820093341, 44.2469789922519], [-122.375662697724, 44.2467483498779], [-122.375504181907, 44.2466237532377], [-122.375297426559, 44.2464105162635], [-122.37536282481, 44.2460396861163], [-122.375525453115, 44.2457754397752], [-122.375428409911, 44.2456511808487], [-122.37509731605, 44.2455698292217], [-122.374990226088, 44.2452334071505], [-122.374822136027, 44.2448524611511], [-122.374700602953, 44.2447192282815], [-122.374576073098, 44.2448687892147], [-122.374523244973, 44.2452131749684], [-122.374140073978, 44.2454055071894], [-122.373684823962, 44.2454383637817], [-122.373415670737, 44.2453131588178], [-122.373308216957, 44.2450120838182], [-122.373150930934, 44.2447725988169], [-122.372572718623, 44.2448711528678], [-122.372206833012, 44.2450001581127], [-122.372038747442, 44.2452255311438], [-122.371721291804, 44.2454739038112], [-122.371602274012, 44.245759097806], [-122.371515881234, 44.2460921127149], [-122.371312877252, 44.2464840391524], [-122.370981763628, 44.2464583961779], [-122.370753743361, 44.2460879176879], [-122.370310848773, 44.2456686142449], [-122.370232583054, 44.2452394079474], [-122.370269022315, 44.2449299397772], [-122.370518048786, 44.2448836699952], [-122.370550930719, 44.2449076726784], [-122.370832584002, 44.2449092242068], [-122.371048601878, 44.2448508607136], [-122.371216184391, 44.2446731282238], [-122.371200756724, 44.2445658502247], [-122.37083778884, 44.2444209270569], [-122.370522747874, 44.2444430122221], [-122.369860164893, 44.2444274479057], [-122.369363133335, 44.2444247051981], [-122.368932624718, 44.2443985072497], [-122.368469111099, 44.244360214207], [-122.368203136113, 44.2444421157908], [-122.367985969292, 44.2446076599922], [-122.367883884743, 44.2448572141992], [-122.36781442431, 44.2451545891196], [-122.367646831017, 44.2453323169372], [-122.367380211041, 44.245473766099], [-122.366932874284, 44.2454712872811], [-122.366765168702, 44.2457636306999], [-122.36696245401, 44.2459076490027], [-122.367559673774, 44.2458394942017], [-122.367722804236, 44.2460786048425], [-122.367653212649, 44.246387890006], [-122.367747265361, 44.2468886457021], [-122.36854356886, 44.246797768126], [-122.36904062108, 44.2468005152275], [-122.369068411361, 44.2473009038365], [-122.369077387328, 44.2473362522664], [-122.369521492845, 44.2474186690057], [-122.36957962642, 44.2481812537252], [-122.369508007335, 44.2486810952134], [-122.369270951813, 44.2491562011713], [-122.368638015034, 44.2494623737711], [-122.367742769293, 44.2495050641868], [-122.366650737708, 44.2493560903053], [-122.365792984054, 44.248994019063], [-122.365633180951, 44.2484452550314], [-122.365121510447, 44.2476125261679], [-122.364363458111, 44.2472271792675], [-122.363968123029, 44.2470105918579], [-122.363708164959, 44.2465327291771], [-122.363513711141, 44.2461266922365], [-122.363520389217, 44.2455073897221], [-122.363462079572, 44.2447686212062], [-122.363203933404, 44.2441240207783], [-122.362077847584, 44.2440700968623], [-122.361847962415, 44.2438782467854], [-122.361489916401, 44.2432807262619], [-122.361296262083, 44.2428032290607], [-122.36150073571, 44.2422803140049], [-122.361902723715, 44.2418776070635], [-122.36233681122, 44.2415703607873], [-122.363017712645, 44.2413166172201], [-122.363484409893, 44.2410571911864], [-122.363769124634, 44.2407729268743], [-122.364200757044, 44.2406919578591], [-122.364813213133, 44.2407430068433], [-122.365262562116, 44.240554937821], [-122.365779582986, 44.2402362290606], [-122.36584815229, 44.24002222303], [-122.366016246843, 44.2397968577388], [-122.366100996602, 44.2396186729902], [-122.36631891711, 44.2393816727816], [-122.366849294132, 44.2393607937185], [-122.367211967368, 44.2395295488781], [-122.367378268884, 44.2394709181107], [-122.367628040058, 44.2393531968835], [-122.36794381944, 44.2392596618988], [-122.368160711377, 44.239117937144], [-122.368477636111, 44.2389172119541], [-122.368984411696, 44.2388990242047], [-122.369426848143, 44.2389103049864], [-122.369757710238, 44.2390093470418], [-122.370064836149, 44.2390287170228], [-122.370350109642, 44.2387916687432], [-122.370599067842, 44.2385013920015], [-122.371215668758, 44.2383191937469], [-122.37173129185, 44.2383838960226], [-122.372147637628, 44.2385364277854], [-122.372799326739, 44.2385223318671], [-122.373352676377, 44.2385076927549], [-122.373809184933, 44.2383511159393], [-122.374389083382, 44.238151024005], [-122.374721258814, 44.2381263292749], [-122.375040393404, 44.2381722651973], [-122.375261469694, 44.2381911501839], [-122.375938485906, 44.2381064711517], [-122.376271034139, 44.2380464230557], [-122.376676869628, 44.238030961953], [-122.377058212551, 44.2380065291162], [-122.377503348436, 44.2377614967367], [-122.377629159288, 44.2374882098658], [-122.378123176999, 44.2372699550626], [-122.378677071016, 44.2372022671658], [-122.379414976835, 44.237170926813], [-122.380151024938, 44.2373163267298], [-122.380875617724, 44.2373821223025], [-122.381485881026, 44.2378008051676], [-122.381655352696, 44.2379917759591], [-122.381787324194, 44.2379799157645], [-122.382096631215, 44.2373673921585], [-122.382428694358, 44.2372977252918], [-122.382923993964, 44.2369998157225], [-122.382683624557, 44.2366266259874], [-122.382341926983, 44.2363251969541], [-122.381998609746, 44.2361787139567], [-122.381309383632, 44.2361336620945], [-122.380520342114, 44.2360157507592], [-122.380150329642, 44.2362115962979], [-122.379940624227, 44.2362811608286], [-122.379653484035, 44.2364296259003], [-122.379272476183, 44.2364275560395], [-122.378825875146, 44.2364682832411], [-122.378317521222, 44.2361928091493], [-122.37824804462, 44.2362100142902], [-122.377673328552, 44.2362068837427], [-122.376970609743, 44.2360790891683], [-122.376470899408, 44.2357767820063], [-122.376427252065, 44.2357591789811], [-122.375769827211, 44.2354940343049], [-122.375080612776, 44.235448943301], [-122.374995172212, 44.2353761628799], [-122.374702226208, 44.2352804441863], [-122.374456670827, 44.2352525861156], [-122.373878957081, 44.2352494207613], [-122.373488867263, 44.2351509728814], [-122.373198114944, 44.2354696190797], [-122.372564289731, 44.2356210951332], [-122.372192156336, 44.2354847558254], [-122.371662311117, 44.2353165567428], [-122.371297304058, 44.235270592846], [-122.37080685715, 44.2351530009514], [-122.370512984085, 44.235045327139], [-122.370391386331, 44.2349209277645], [-122.370295598074, 44.2346817788538], [-122.370297638148, 44.234666495797], [-122.369831263396, 44.2348230232032], [-122.369400572421, 44.2348206469175], [-122.368938022694, 44.2346989882984], [-122.368108752821, 44.2347896869696], [-122.36793927666, 44.2351460620041], [-122.367837335841, 44.2353837061639], [-122.366558852631, 44.2363017951236], [-122.36476235142, 44.2369826217538], [-122.364261792177, 44.2373133281799], [-122.363593513878, 44.2378336640765], [-122.363228807754, 44.2378554530852], [-122.363101677277, 44.2373545072216], [-122.362018118601, 44.2364432698598], [-122.361490856038, 44.2361782962499], [-122.360694684592, 44.2362691258694], [-122.360463284863, 44.236220189212], [-122.359968129885, 44.2360506702411], [-122.359237444725, 44.2362133192574], [-122.358817398786, 44.2360359371894], [-122.35845186711, 44.2362127509447], [-122.358021424969, 44.2361865107226], [-122.357894083388, 44.2357093788034], [-122.358198729948, 44.2351155720757], [-122.358502076647, 44.2346408592567], [-122.358543487185, 44.233878825682], [-122.358317534839, 44.233329677992], [-122.358162244873, 44.2323759728579], [-122.35859860781, 44.2318543657404], [-122.359068794115, 44.2312641890319], [-122.35823291893, 44.2310862050169], [-122.357608411042, 44.2306300992919], [-122.35780701328, 44.2303673202017], [-122.357561043776, 44.2297761237873], [-122.357432941321, 44.229370448817], [-122.357607125553, 44.2285853411919], [-122.357045270665, 44.2284630761909], [-122.356652424815, 44.2280320887653], [-122.356136419041, 44.2277905088991], [-122.355516053286, 44.2280694841676], [-122.35550929526, 44.228688788072], [-122.355506955149, 44.2289031623192], [-122.355073447057, 44.2291627449307], [-122.354776086732, 44.2290896027037], [-122.354376481958, 44.2292779117783], [-122.354009742048, 44.2294902260051], [-122.353644301102, 44.2295834418011], [-122.353348244232, 44.229391200112], [-122.35338528267, 44.2290340969691], [-122.354018338925, 44.2287041872594], [-122.354088759657, 44.2283234522242], [-122.353930945424, 44.22760793374], [-122.353902509254, 44.2271789980086], [-122.353020988873, 44.2270558996928], [-122.352850741956, 44.2272959898028], [-122.352419061038, 44.2273888267088], [-122.35189140142, 44.2271714472359], [-122.351867065161, 44.2271417520262], [-122.351417035255, 44.2272601967563], [-122.351087085847, 44.2271392190076], [-122.351122828914, 44.2269012132596], [-122.351393588327, 44.2263786931012], [-122.351630171336, 44.2259512611731], [-122.351865442803, 44.2256429249395], [-122.352097579151, 44.2256204207292], [-122.352659396309, 44.2257427103031], [-122.352824237164, 44.2258151067441], [-122.352838624582, 44.2261868799659], [-122.353161133243, 44.2261781690724], [-122.353389098713, 44.2265367720331], [-122.353779387958, 44.2263207521773], [-122.353849026257, 44.2260114741747], [-122.354226607036, 44.2256839582959], [-122.354563321655, 44.225185624101], [-122.355162946209, 44.2248793393181], [-122.355896618268, 44.2244308827499], [-122.356761479392, 44.224102263705], [-122.356769054885, 44.2241020789493], [-122.357086529388, 44.2237905812218], [-122.357551298852, 44.2236979130979], [-122.357882537341, 44.2236997748306], [-122.358549658611, 44.224159960901], [-122.359042125829, 44.2245676789739], [-122.359467833849, 44.2250226632929], [-122.359427477035, 44.2256894209965], [-122.359788493778, 44.2260011153129], [-122.360251213286, 44.2260989907768], [-122.360744481801, 44.2264352448144], [-122.361108603122, 44.2264611018636], [-122.361962994382, 44.2263871870302], [-122.362004669025, 44.2261929522277], [-122.361779063429, 44.2257991371], [-122.361380074001, 44.225497326235], [-122.361137764233, 44.2253203541133], [-122.360738332833, 44.2250598597609], [-122.360559637262, 44.2243150716851], [-122.360607988184, 44.2238298140097], [-122.360369937329, 44.2232603122253], [-122.360372061844, 44.2230640437689], [-122.360451042622, 44.2224033418573], [-122.36042667582, 44.2220003199128], [-122.360144759331, 44.2215028809295], [-122.360192549704, 44.2210692732116], [-122.360362116596, 44.2208143152624], [-122.360245631155, 44.2203935872637], [-122.360067588658, 44.2200114561669], [-122.359925466197, 44.2194749681559], [-122.360418023247, 44.2192456317526], [-122.360424778578, 44.2191439941012], [-122.360360342423, 44.2189768872084], [-122.360428776081, 44.2187747928311], [-122.360315044875, 44.2185716792548], [-122.360284759972, 44.2183094798425], [-122.3602549916, 44.217999642124], [-122.360270430945, 44.2179811807266], [-122.359911182984, 44.2177359632463], [-122.359680630367, 44.2176155672517], [-122.359486040005, 44.2172333421538], [-122.359589272601, 44.2168766069207], [-122.360476790135, 44.2166157088669], [-122.360839819104, 44.2167368447337], [-122.361168130883, 44.2170066746911], [-122.361177743755, 44.2170046060787], [-122.361944650784, 44.2165324750952], [-122.362180346257, 44.2161764773138], [-122.362320536442, 44.2154626332603], [-122.362741062081, 44.2148254392781], [-122.362533128143, 44.2147358996782], [-122.362290524626, 44.2144428960332], [-122.362367586603, 44.2141340011795], [-122.362419121154, 44.2139133431623], [-122.362631151409, 44.2136228767512], [-122.363251437214, 44.2131526142012], [-122.363585758722, 44.2127160436981], [-122.363245722133, 44.2124899048532], [-122.362949204427, 44.2123453257146], [-122.362811172894, 44.2122276680577], [-122.362222767399, 44.2122462671172], [-122.361925738552, 44.2121493241394], [-122.361529875261, 44.212004187208], [-122.361332974432, 44.2118363401924], [-122.361347904432, 44.2104548112748], [-122.361583063611, 44.2101464531209], [-122.361994633046, 44.2098295377969], [-122.362147389764, 44.2089832959391], [-122.362194598927, 44.2085298303061], [-122.361828112342, 44.2083333498345], [-122.361571725075, 44.2081816741275], [-122.361550608378, 44.208085954997], [-122.361074618058, 44.2080590029344], [-122.360895833554, 44.2077483308423], [-122.360782765304, 44.2074856679027], [-122.360667637217, 44.2074135599412], [-122.360504255227, 44.2072101689218], [-122.360289524636, 44.2071613240123], [-122.360158743405, 44.2070057559189], [-122.360243076346, 44.2068633031194], [-122.360265006019, 44.2064706581688], [-122.360940056717, 44.206240104293], [-122.360840579977, 44.205985514223], [-122.360944092848, 44.2056001941547], [-122.360908374035, 44.2052283868867], [-122.360651945446, 44.2050554423206], [-122.360214694074, 44.2050672872551], [-122.35954119297, 44.2048777087719], [-122.359226715247, 44.2045615088753], [-122.358730950313, 44.2044729717759], [-122.35843324234, 44.2044427158169], [-122.358052960327, 44.20469784511], [-122.357673918888, 44.2048386410885], [-122.35748709536, 44.2052864651239], [-122.357348302954, 44.2056215230806], [-122.35706397359, 44.2058692438033], [-122.357119953005, 44.2062830778498], [-122.357080596914, 44.2065126411768], [-122.356808002243, 44.2067232158047], [-122.356550095925, 44.2067129263143], [-122.356342872555, 44.2065615143136], [-122.356308806643, 44.2063050240696], [-122.356397308664, 44.2060757381178], [-122.356471161859, 44.2057878951348], [-122.356244791797, 44.2055513530618], [-122.355662244217, 44.2057221118964], [-122.355417648236, 44.2059643921357], [-122.355155297054, 44.2061747877752], [-122.354919748007, 44.2063678921751], [-122.354366020178, 44.2064443042326], [-122.354094960727, 44.2065134750798], [-122.35361436744, 44.206643324262], [-122.353392641668, 44.2066950969458], [-122.352974245935, 44.2067545929761], [-122.352775008588, 44.2069915886994], [-122.352722668248, 44.207164201107], [-122.353154950139, 44.2077131080217], [-122.352787818564, 44.2079730590246], [-122.351802360409, 44.2081142380361], [-122.351336659393, 44.2083021608852], [-122.350774225092, 44.208251323944], [-122.350445692328, 44.2080112482485], [-122.350082999328, 44.2078662601693], [-122.349620438822, 44.207768342804], [-122.34962725434, 44.2071490371164], [-122.349533153119, 44.2066720838647], [-122.349537608763, 44.2062671531354], [-122.349544161973, 44.2056716668257], [-122.34945085127, 44.2051232547642], [-122.349832490637, 44.2046463488619], [-122.350316536149, 44.2043867450855], [-122.350237235571, 44.2042556158779], [-122.349833863263, 44.2040677251967], [-122.349452533814, 44.2041097427596], [-122.349160391802, 44.2040863197494], [-122.348896844963, 44.2043101861109], [-122.348566767096, 44.2042130207818], [-122.348233275632, 44.204425507186], [-122.348364414392, 44.2045453602407], [-122.348657706248, 44.2049758099626], [-122.348420662404, 44.2054508760021], [-122.348055888008, 44.2054964368886], [-122.347492433221, 44.20554086181], [-122.347127920234, 44.2055626003102], [-122.346932397421, 44.2052756312413], [-122.346936344619, 44.2049183399595], [-122.346044923904, 44.2046750308764], [-122.345844136964, 44.2048644477343], [-122.345513003577, 44.2048625519202], [-122.345083590006, 44.2047648072946], [-122.345019211343, 44.2045976911512], [-122.345351215198, 44.2041205169677], [-122.345053991416, 44.2040473500681], [-122.344673722878, 44.2039975269244], [-122.344424982071, 44.2040318310929], [-122.344357171843, 44.2041743667278], [-122.344040751064, 44.2043392978133], [-122.343662635788, 44.2044946211593], [-122.342803521187, 44.2039272306851], [-122.342641666332, 44.203592805776], [-122.342559812742, 44.203508961787], [-122.342345376798, 44.2034362648729], [-122.342414117681, 44.2032103621561], [-122.342498489249, 44.2030679207855], [-122.342436105744, 44.2027221588482], [-122.34255451358, 44.2024965412542], [-122.342606699409, 44.2022705428438], [-122.342408955961, 44.2021860317334], [-122.342044992744, 44.2021601137923], [-122.34188102595, 44.2020162440891], [-122.341565738845, 44.2018285742388], [-122.341233460106, 44.2018796859114], [-122.341120631706, 44.2020823058052], [-122.340970357034, 44.2023377376905], [-122.340782338747, 44.2026724917155], [-122.340728961751, 44.2030522128667], [-122.340701926952, 44.2032730030209], [-122.340442955232, 44.203359886908], [-122.340098480067, 44.2034020878646], [-122.33922712592, 44.203317508828], [-122.338833511111, 44.2033594213141], [-122.338636153938, 44.2033855402917], [-122.338704759175, 44.2036561172528], [-122.338801166371, 44.2039187051812], [-122.33840008297, 44.2042498762155], [-122.337537014883, 44.2044354422523], [-122.337299350303, 44.204958123027], [-122.336864604333, 44.2053367347251], [-122.335467683642, 44.2058764991604], [-122.33470553409, 44.2059197048034], [-122.334211243292, 44.205702437313], [-122.333649386607, 44.2056038769077], [-122.333581818027, 44.2057225871309], [-122.333807705693, 44.2062479661992], [-122.333967101859, 44.2067967760463], [-122.334060807821, 44.2072975621477], [-122.334386855845, 44.2077520591798], [-122.334745756157, 44.2082305690607], [-122.335136704765, 44.2088045471965], [-122.335195433025, 44.209471872982], [-122.335215312743, 44.2096389327996], [-122.336303785203, 44.2101891050971], [-122.337161596349, 44.2104799361486], [-122.337654602557, 44.2108162890532], [-122.33758436598, 44.2111731949286], [-122.337577156999, 44.2118163180229], [-122.33773393278, 44.2126033169251], [-122.337994603214, 44.2129859622615], [-122.338189040862, 44.2133682220118], [-122.337984995732, 44.2138434579498], [-122.33798045924, 44.2142483868149], [-122.337976989946, 44.2145580388831], [-122.338370679314, 44.2148938122118], [-122.338135912699, 44.215154482247], [-122.337506386823, 44.2151746532976], [-122.336847751938, 44.2148373389068], [-122.336184576968, 44.2149049507973], [-122.335791435572, 44.2145215311412], [-122.334999807804, 44.2142310741685], [-122.334571684215, 44.2140141927455], [-122.333929802012, 44.2138750032388], [-122.333784524667, 44.2141801927679], [-122.33305215786, 44.2145094118948], [-122.3324536032, 44.2147203030377], [-122.332252468611, 44.2149335157869], [-122.331783150978, 44.2154310102729], [-122.3314468406, 44.2158816388157], [-122.331077675239, 44.2163082540771], [-122.330792001097, 44.2163996307156], [-122.331127345786, 44.216924047313], [-122.332048239326, 44.2175011360074], [-122.333338580299, 44.2176277779249], [-122.333700754072, 44.2178204578419], [-122.334687659413, 44.2184217321493], [-122.335344176969, 44.218949613077], [-122.336467347755, 44.219218171687], [-122.337229934786, 44.2191511370891], [-122.338031781788, 44.2185364442366], [-122.338561980944, 44.2185156942654], [-122.338389975126, 44.2190863988606], [-122.338048890203, 44.219965795132], [-122.338340582159, 44.2205391850716], [-122.339500379954, 44.2204982562855], [-122.340193013378, 44.2207642880583], [-122.340182371935, 44.2217170611763], [-122.339776116034, 44.222500802924], [-122.339136652994, 44.2234022972671], [-122.339196505046, 44.2239743437079], [-122.33866492518, 44.2241141930026], [-122.337074977196, 44.2241049771039], [-122.33585126876, 44.223931121697], [-122.335017544141, 44.2244265110798], [-122.334746112788, 44.2249966298713], [-122.334640567929, 44.2255438951487], [-122.334599663143, 44.2262344609134], [-122.334198134177, 44.2265894348757], [-122.333431952986, 44.226966099962], [-122.333426307075, 44.2274663051586], [-122.333618342628, 44.228062946057], [-122.332789653066, 44.2281057498448], [-122.332327235392, 44.2279839440972], [-122.332031254879, 44.2277916469747], [-122.331542453686, 44.2270741631989], [-122.331483481982, 44.2264306550712], [-122.331357183345, 44.2258820359077], [-122.331167874178, 44.2250471987249], [-122.330713579071, 44.2242108079284], [-122.330885673822, 44.2236401163111], [-122.331583964835, 44.2234059962884], [-122.332812761329, 44.2231273278787], [-122.333640575033, 44.223155980937], [-122.334241089817, 44.2227783490021], [-122.334581979806, 44.2219227840544], [-122.334659225039, 44.2209465792905], [-122.333903863158, 44.2203704758849], [-122.332979141896, 44.2201268707528], [-122.332088090389, 44.2198358150163], [-122.331565154113, 44.2192134139926], [-122.331208100737, 44.2185681601962], [-122.330781578843, 44.2182083491872], [-122.329727667267, 44.2176781097449], [-122.328675669102, 44.2169811270326], [-122.32768695186, 44.2165465370068], [-122.326742826988, 44.2159492958636], [-122.326314991757, 44.215708563925], [-122.325820108071, 44.2155388983123], [-122.325652609999, 44.2157046558159], [-122.324811265871, 44.2160293370305], [-122.324544132956, 44.2162183252806], [-122.324108948608, 44.216620706276], [-122.323906689329, 44.2169291811873], [-122.323273319561, 44.2172827426993], [-122.323043119083, 44.2171384541033], [-122.323047757983, 44.2167335270839], [-122.322653871884, 44.2164215210156], [-122.322768247183, 44.2159496222891], [-122.322770430987, 44.2157590680029], [-122.322807917684, 44.2153781558844], [-122.323245074732, 44.215187519912], [-122.323116146726, 44.2148770837264], [-122.323220242603, 44.2147351901548], [-122.322750415624, 44.2146155471261], [-122.322292156252, 44.2146617402683], [-122.322305948985, 44.2149902040449], [-122.322004054862, 44.2153219051701], [-122.321354517216, 44.2150360382702], [-122.320879956116, 44.2149978767797], [-122.320524953594, 44.2155525071967], [-122.320294596809, 44.2154995840261], [-122.320218343316, 44.2159106559495], [-122.320017708191, 44.2160762070229], [-122.319537886556, 44.2159716003183], [-122.319173308892, 44.2166628591023], [-122.319070381723, 44.2169719170993], [-122.318741655821, 44.2167555692033], [-122.318415405676, 44.2163248482387], [-122.317953933928, 44.2161315260307], [-122.317528611286, 44.2156763892985], [-122.317953094902, 44.2150224717605], [-122.317944118037, 44.2149442641929], [-122.318081816296, 44.2144924888564], [-122.317791451151, 44.2138237712703], [-122.317930796022, 44.2132290811999], [-122.317667780086, 44.2130607637876], [-122.316243449999, 44.2130760672635], [-122.315946494814, 44.2129790058918], [-122.315462163637, 44.2122826397675], [-122.315671523201, 44.2119826152747], [-122.315212228071, 44.2116467171745], [-122.314895282675, 44.2113989241662], [-122.314445368652, 44.2112058562203], [-122.313984429605, 44.2110127187452], [-122.3137456053, 44.2106860711039], [-122.313183951635, 44.2106192392784], [-122.312853043725, 44.2106251811474], [-122.312410662075, 44.210733567995], [-122.311873465044, 44.2104606436977], [-122.311835057574, 44.2103836779467], [-122.311335414613, 44.2105991819248], [-122.311205544274, 44.2107595150028], [-122.310656476006, 44.2111935193009], [-122.310283860216, 44.2120835641024], [-122.310214845348, 44.212321356108], [-122.309151756583, 44.2126007819932], [-122.30839312663, 44.2123341621775], [-122.307599432737, 44.2122340701371], [-122.306802948677, 44.212372165069], [-122.306237161864, 44.2126069400039], [-122.305800200648, 44.2131521660691], [-122.305195683869, 44.2138631169367], [-122.3050247722, 44.2143146736837], [-122.305416311001, 44.2148172939352], [-122.305910289186, 44.2150585059642], [-122.306901612442, 44.2152550908383], [-122.307624084305, 44.2157835319664], [-122.307683622846, 44.2163555938456], [-122.306714498758, 44.2170881643146], [-122.307002519299, 44.2179474628283], [-122.307588633191, 44.218808568842], [-122.307351483346, 44.2192597271378], [-122.306254574807, 44.2195865628547], [-122.305691516177, 44.219583141714], [-122.304533679404, 44.2194569952207], [-122.303571483123, 44.2195940579462], [-122.302675244744, 44.2197553367359], [-122.301718389846, 44.2194398199474], [-122.301224955142, 44.2191509523178], [-122.301164349403, 44.2186741638573], [-122.30117251958, 44.217983408971], [-122.300566098373, 44.2174617522109], [-122.299957794297, 44.2174810417246], [-122.299094568106, 44.2174066997073], [-122.298609558701, 44.2173629842138], [-122.29856584129, 44.2173897659127], [-122.298536178021, 44.2176563782914], [-122.298662323944, 44.2181907402635], [-122.298362047688, 44.2184333291042], [-122.298423199602, 44.2188041278671], [-122.29819022333, 44.2188979799262], [-122.298100470853, 44.218644649778], [-122.297815123698, 44.2181283657063], [-122.297744243029, 44.2174037748263], [-122.297655310714, 44.2172769701836], [-122.297176387395, 44.2172337966931], [-122.296728091238, 44.2172540552353], [-122.296473723383, 44.2171143892302], [-122.296286100355, 44.2167449679209], [-122.296290759916, 44.216353715141], [-122.296296242334, 44.2158934159017], [-122.296330435807, 44.2157094942738], [-122.296397259685, 44.2156672847509], [-122.295438012573, 44.2155660961187], [-122.294741664616, 44.2156332609909], [-122.294408200999, 44.2158217702084], [-122.293479162434, 44.2159589527799], [-122.293115993328, 44.2158614222947], [-122.292621938786, 44.2153873731492], [-122.292143311013, 44.2152693249616], [-122.291665787269, 44.2150592161276], [-122.291091991076, 44.2148715240889], [-122.290936408259, 44.2145022921664], [-122.291146796394, 44.2141040360558], [-122.290845325377, 44.2137784949729], [-122.290719030333, 44.2132631797498], [-122.290859275316, 44.2126161222894], [-122.291286830272, 44.2123138678173], [-122.291450362281, 44.2119337479237], [-122.291215805872, 44.2116083287718], [-122.290808955287, 44.2112792331505], [-122.290272490382, 44.2111607588434], [-122.290018439633, 44.2109980637758], [-122.290141713643, 44.2105916528497], [-122.290648966233, 44.2102708398221], [-122.290889456912, 44.2101008230702], [-122.291076734988, 44.2099495318174], [-122.291503354798, 44.2097234969649], [-122.291905307768, 44.2093448548667], [-122.291856661301, 44.2089824762371], [-122.291673730173, 44.208771717799], [-122.291464077759, 44.208579849875], [-122.291239126137, 44.2081790720373], [-122.290854878062, 44.2083200052213], [-122.290027580889, 44.2082672249408], [-122.289730694875, 44.2081700951152], [-122.288938522728, 44.2079507792293], [-122.287846031205, 44.2079201528679], [-122.286888675946, 44.2078252897342], [-122.28663465035, 44.2076625880287], [-122.286414844278, 44.207315965077], [-122.285485010704, 44.2074712689837], [-122.285225422739, 44.2077688618089], [-122.284931608963, 44.2082503728719], [-122.284043458116, 44.208730136917], [-122.284056558248, 44.2090875106803], [-122.284119326232, 44.2093737548104], [-122.283154072086, 44.2097726571949], [-122.282488869618, 44.2100066897705], [-122.281758011981, 44.2101926652222], [-122.28086359808, 44.2102108579795], [-122.280537950705, 44.209756209929], [-122.280379624432, 44.2091596912862], [-122.280869165838, 44.2081328042667], [-122.281161052728, 44.2078124079888], [-122.281357507993, 44.2074453778372], [-122.280878460706, 44.2072693031858], [-122.280400214717, 44.2074685348565], [-122.279867485906, 44.2077033872922], [-122.27940243527, 44.2078195587906], [-122.278407841248, 44.2079085647892], [-122.277514043592, 44.2078790948963], [-122.276587425088, 44.2078255878721], [-122.27565788706, 44.2080102649763], [-122.274755613798, 44.2086715256924], [-122.274285864973, 44.2091687820299], [-122.272987052888, 44.2097560457332], [-122.272027879438, 44.2096546531281], [-122.271003361636, 44.2094813732031], [-122.270708557916, 44.2092174617213], [-122.270814839394, 44.2086581901705], [-122.270751477624, 44.2086210612543], [-122.270435773701, 44.2082737961582], [-122.270280054339, 44.2079275522116], [-122.269900718253, 44.207875434179], [-122.269264747862, 44.2081362949724], [-122.268402888009, 44.2082022410028], [-122.267875416139, 44.2080082939243], [-122.266981032781, 44.208026379177], [-122.266679752208, 44.2082864762553], [-122.265616832326, 44.2085416771177], [-122.265024323327, 44.2082520161597], [-122.264531162609, 44.2079629899748], [-122.264438637932, 44.2074145142465], [-122.264247070401, 44.2068415792658], [-122.263956461813, 44.2062441843191], [-122.264130036089, 44.2056021369535], [-122.264141303658, 44.2046970150451], [-122.264047896834, 44.204219994286], [-122.264322578292, 44.2034356730606], [-122.264778262195, 44.2026214618727], [-122.264106401414, 44.20261713495], [-122.263692206203, 44.2024763671493], [-122.263473988352, 44.2020146270309], [-122.263513151305, 44.2014394628234], [-122.263711413082, 44.2009343739344], [-122.263845975321, 44.2004058581736], [-122.263725457343, 44.1998066481759], [-122.263183890906, 44.1996190228084], [-122.262800277042, 44.1995935307207], [-122.262452962302, 44.1992230231724], [-122.262427000092, 44.198739504954], [-122.262529576917, 44.1982107840234], [-122.262439059076, 44.1977728829655], [-122.262442216654, 44.1975197189153], [-122.262666725407, 44.1974751353079], [-122.263051760406, 44.19738555323], [-122.263075537913, 44.1970878809005], [-122.262639756185, 44.1969850212536], [-122.262504981045, 44.1966411287126], [-122.262490106741, 44.1962408409245], [-122.262653836379, 44.1958559987716], [-122.262838496764, 44.1953855357601], [-122.262882500738, 44.1950427977116], [-122.262966767203, 44.1946574421395], [-122.263228741093, 44.1943589882929], [-122.263469778847, 44.1941461538495], [-122.263789560223, 44.193990997088], [-122.263950962327, 44.1937919401121], [-122.26431082204, 44.1936084550713], [-122.264510527409, 44.1935239862833], [-122.264769998592, 44.193425607102], [-122.264911708727, 44.1932121309984], [-122.264896287348, 44.1928547169613], [-122.265077367946, 44.1926700792985], [-122.265297287206, 44.192557153139], [-122.265873502562, 44.1925465648915], [-122.266076993432, 44.1925529227353], [-122.265964062624, 44.1921564988138], [-122.265742434769, 44.1919709417657], [-122.265840682613, 44.1917874388173], [-122.265843541052, 44.191557289946], [-122.265560227683, 44.1911872020654], [-122.26589948723, 44.190947427193], [-122.266554970825, 44.1909404089625], [-122.267003360407, 44.1908972541689], [-122.26729580605, 44.19053086323], [-122.26765165209, 44.1902109097051], [-122.26781471967, 44.189958772747], [-122.268299074203, 44.1895936088301], [-122.268782569049, 44.1892974868498], [-122.269364859711, 44.1887718290854], [-122.269529622412, 44.1883815982468], [-122.269884022165, 44.1881767128173], [-122.269955095073, 44.1878231711167], [-122.270016793164, 44.1877862777094], [-122.270406864118, 44.1872824019565], [-122.27131463956, 44.1862984773066], [-122.271893762763, 44.1860259693062], [-122.272571663816, 44.1855239201878], [-122.273513338982, 44.1843790760336], [-122.274094126762, 44.1839684668949], [-122.275185509764, 44.1836531623001], [-122.275827145829, 44.1834961149109], [-122.276659552619, 44.1834323379234], [-122.277683572754, 44.1833927851149], [-122.278643626553, 44.1833528167751], [-122.278996002401, 44.183309009011], [-122.279222406599, 44.1831032858879], [-122.279835966717, 44.1826238040344], [-122.280156074182, 44.1826028049892], [-122.280664437988, 44.1828822088581], [-122.280737564446, 44.1833353649212], [-122.281174123216, 44.182975281988], [-122.281856653287, 44.1840157888503], [-122.280089225152, 44.1844800740969], [-122.280283225321, 44.1852965638244], [-122.280245358637, 44.1857796770116], [-122.280434186306, 44.1860340509933], [-122.281007388713, 44.1862448108991], [-122.281582553039, 44.1862944622479], [-122.28206288312, 44.1862514477007], [-122.28234990743, 44.1863223022592], [-122.28287233526, 44.1866903117166], [-122.282948050662, 44.1865730350479], [-122.283645370596, 44.186416218961], [-122.28416402101, 44.1863975267169], [-122.284471474806, 44.1861909911319], [-122.284686783912, 44.1860387347124], [-122.284810347179, 44.1859078487471], [-122.284815801749, 44.1858785282463], [-122.284375524852, 44.1854603740746], [-122.284157204594, 44.1849986713191], [-122.284323250988, 44.1844933442317], [-122.284483726928, 44.1844483159466], [-122.284907868286, 44.1844891667162], [-122.28523008769, 44.1839794593002], [-122.285357790395, 44.1815685407384], [-122.285011039797, 44.1814014412636], [-122.28465615675, 44.1811848300092], [-122.284302659805, 44.1808538849482], [-122.283867824901, 44.1806796486797], [-122.283353901422, 44.1804763302929], [-122.283215577038, 44.1804182907346], [-122.282782307899, 44.1801154271879], [-122.282579927347, 44.1795781821505], [-122.283081601398, 44.1791525539184], [-122.283316174875, 44.178915814722], [-122.28358471006, 44.1786078262153], [-122.28504879509, 44.1779738297909], [-122.285355880576, 44.1772134787716], [-122.285895786028, 44.1763592968322], [-122.286102127253, 44.1757174192721], [-122.286008298221, 44.1752642317158], [-122.285220032848, 44.1747590608653], [-122.284461131604, 44.174563740893], [-122.283766697058, 44.1745117466892], [-122.282871957967, 44.1746014182997], [-122.282437956701, 44.1749083659498], [-122.282066388346, 44.1755253792782], [-122.281659111061, 44.1763565548186], [-122.281354298312, 44.1769263439306], [-122.280517601168, 44.1776833498117], [-122.28028244199, 44.1779677209887], [-122.279579850742, 44.1785826387863], [-122.278846759893, 44.1789829717764], [-122.277208478953, 44.1795371772267], [-122.276730115284, 44.1796770747073], [-122.27616951175, 44.1800451320914], [-122.27535490867, 44.1805533293179], [-122.274524974044, 44.1808217067448], [-122.273445300582, 44.1812312613145], [-122.271869949323, 44.1816138520998], [-122.270189367615, 44.1824835508594], [-122.269001898115, 44.1830866958952], [-122.268565250412, 44.1834129998958], [-122.268432727348, 44.1838549887426], [-122.268172886957, 44.1842068748548], [-122.268047280921, 44.1848283162306], [-122.267843588828, 44.1854068312291], [-122.267072616922, 44.1857695777578], [-122.266184775994, 44.1860467171963], [-122.265294994706, 44.1864793988054], [-122.264581543724, 44.1869556349697], [-122.263888437786, 44.1873754288462], [-122.263100053835, 44.187554191721], [-122.262310078069, 44.1878602171631], [-122.261768946417, 44.188175984938], [-122.261382876559, 44.1886374959761], [-122.260867652319, 44.1888483200046], [-122.260473070924, 44.188667302071], [-122.260254088607, 44.1886077452619], [-122.259298759049, 44.1887041388871], [-122.259046716034, 44.1889861367442], [-122.258776819004, 44.1896494197012], [-122.258579814869, 44.1900622198577], [-122.258522308318, 44.1904759246823], [-122.258289792881, 44.190938685322], [-122.257919500134, 44.1912625227276], [-122.257551250157, 44.1914232517444], [-122.257837996887, 44.1917792799828], [-122.258031487711, 44.1921731571046], [-122.257599493281, 44.1923369160397], [-122.257234830276, 44.1924059308334], [-122.256408584132, 44.1930131828189], [-122.256238559998, 44.1933693908133], [-122.256431805582, 44.193799426893], [-122.256592845665, 44.1941577890765], [-122.256685876992, 44.1946586349574], [-122.256414433961, 44.1951809290834], [-122.256281106905, 44.1952515242991], [-122.256309120867, 44.1956566627773], [-122.256770228798, 44.1958502318845], [-122.257065502337, 44.1960665412894], [-122.256965580931, 44.1961135321493], [-122.257059217723, 44.1965667397793], [-122.257485730633, 44.1968791852913], [-122.257447836101, 44.1972600747184], [-122.257419766444, 44.197314085319], [-122.257963534651, 44.1974907152619], [-122.25805517359, 44.1978365607123], [-122.258048532345, 44.1983659000491], [-122.258100094744, 44.1993559520219], [-122.258157146748, 44.1999087229978], [-122.258306711751, 44.2007382938144], [-122.25891196964, 44.2009493720844], [-122.259195286603, 44.2013194772264], [-122.259702847315, 44.2016680159243], [-122.260014995706, 44.2022914891592], [-122.260136343728, 44.2028216578472], [-122.260741146171, 44.2038413290446], [-122.260728931778, 44.2048179081852], [-122.260157075048, 44.2055288328005], [-122.259551196423, 44.206310997927], [-122.259049717306, 44.2066888810065], [-122.258050629013, 44.2071349929227], [-122.257148474329, 44.2077722952267], [-122.256747510404, 44.2080555379811], [-122.255186934635, 44.2083788659928], [-122.254159484732, 44.2084436250081], [-122.252770180856, 44.2083154411104], [-122.251978448884, 44.2080720501141], [-122.251244804673, 44.2084721982831], [-122.251040081314, 44.2089472741159], [-122.250077637099, 44.2091077069898], [-122.249804857375, 44.2097252586902], [-122.249763577991, 44.2103681522701], [-122.24962117795, 44.2106501198628], [-122.249559743066, 44.210771768307], [-122.249447814778, 44.2117906489942], [-122.249283271266, 44.2123914800732], [-122.248648972641, 44.212913984013], [-122.247870209646, 44.2124574252026], [-122.247090978629, 44.212038475124], [-122.246621719386, 44.2119225231399], [-122.245890964157, 44.2118048427464], [-122.245054171792, 44.2117993163009], [-122.244217376732, 44.2117937821282], [-122.243485184198, 44.2117889362658], [-122.243177168057, 44.2113354600392], [-122.244025503773, 44.2104382077323], [-122.244396863719, 44.2098227008206], [-122.244377149291, 44.2098147962499], [-122.243878155812, 44.2096147199828], [-122.243283304008, 44.2095154977474], [-122.242550195192, 44.2098679518274], [-122.242023100615, 44.2096500678718], [-122.241393607976, 44.2096697108731], [-122.240959135094, 44.209976495893], [-122.240562934934, 44.209957569014], [-122.23977767173, 44.210232088007], [-122.239120933189, 44.2104714418562], [-122.237995311799, 44.2104401188205], [-122.236702576816, 44.2105267712802], [-122.236083296226, 44.2103495712906], [-122.235940992305, 44.2103088517718], [-122.235679692152, 44.210234082165], [-122.235505498936, 44.2098990517329], [-122.235356551076, 44.2096125757736], [-122.235828786438, 44.2089487512545], [-122.236286090003, 44.2086952128171], [-122.236288650201, 44.2086399331859]]], [[[-122.474823258209, 44.0622945430195], [-122.474942329002, 44.0620678170292], [-122.475180077125, 44.0618185640991], [-122.475449118061, 44.0616572929024], [-122.475859003155, 44.06149666679], [-122.476282255181, 44.061417355102], [-122.476592380567, 44.0613883058399], [-122.476818269131, 44.0613284010922], [-122.477214064151, 44.0611677063073], [-122.477441110644, 44.0609757681136], [-122.477443434585, 44.0607117053034], [-122.477290295186, 44.0605078723037], [-122.477095885385, 44.0601921250103], [-122.477042856935, 44.0598160863035], [-122.476890436188, 44.0595310019544], [-122.476836960377, 44.0592057450377], [-122.47650154023, 44.0593620799587], [-122.476154562358, 44.0595303602825], [-122.475397985955, 44.0598439801716], [-122.475050800572, 44.0600349040183], [-122.474969581192, 44.0603402977472], [-122.474731419844, 44.0606336448982], [-122.474432140717, 44.0607341911274], [-122.474216359996, 44.0611919122879], [-122.474254930061, 44.0616130016822], [-122.474183692761, 44.0620152860776], [-122.474020426653, 44.0623012428203], [-122.473947345111, 44.0626457402724], [-122.474314047292, 44.0628506406843], [-122.474710376809, 44.0628394778956], [-122.47491858024, 44.0627170588956], [-122.474893114799, 44.0625416159868], [-122.474823258209, 44.0622945430195]]], [[[-122.684879125635, 44.1814350377113], [-122.684286018358, 44.1815400027315], [-122.683644289767, 44.1815026930948], [-122.68303181122, 44.1814942371424], [-122.682747286023, 44.181629599877], [-122.682313734813, 44.1818326237478], [-122.682002281717, 44.1819484597329], [-122.681798733355, 44.1821034961644], [-122.681514304279, 44.1822194050567], [-122.681104814443, 44.1823440478492], [-122.680707898326, 44.1830204499007], [-122.680694867365, 44.183608773699], [-122.681767748665, 44.1835500228159], [-122.682412489307, 44.1830704627829], [-122.683171351923, 44.1828243179014], [-122.683833402203, 44.1828261519373], [-122.684275683241, 44.1834765888001], [-122.684793700343, 44.1835668561825], [-122.684984447712, 44.183673279719], [-122.685359408105, 44.1834457081439], [-122.685414914108, 44.1831735560797], [-122.685577139967, 44.1831642770849], [-122.686009293399, 44.1832238168472], [-122.686253327932, 44.1830786099389], [-122.686280001608, 44.1826470571328], [-122.686207440191, 44.1823625841928], [-122.686011528407, 44.1820600050664], [-122.685643073614, 44.1817036488388], [-122.684879125635, 44.1814350377113]]], [[[-122.686328465718, 44.1388404027659], [-122.686043005375, 44.1382497692329], [-122.685697412705, 44.1379861067566], [-122.685602856937, 44.1371044612279], [-122.684944611023, 44.1364832951311], [-122.684625273414, 44.1361980167125], [-122.684371638585, 44.1361942380744], [-122.683293817449, 44.136887455196], [-122.683146043687, 44.1374392930076], [-122.683144016189, 44.1378185717748], [-122.682805059374, 44.1380704887795], [-122.682480957101, 44.1380695881499], [-122.681689452403, 44.138673050719], [-122.681330414648, 44.1388478791183], [-122.681183228384, 44.1389764100824], [-122.681231238844, 44.1391289298382], [-122.681507381861, 44.1392351969681], [-122.681783273349, 44.1393883510592], [-122.681798227604, 44.139634552803], [-122.682138854387, 44.1398582178378], [-122.682289140737, 44.1399541380282], [-122.682371244957, 44.1401405530799], [-122.682951022133, 44.1401769683001], [-122.683715930411, 44.1402025318525], [-122.683895918658, 44.1400272007562], [-122.684222151735, 44.1398991620274], [-122.684677416124, 44.1399941937997], [-122.685116092224, 44.1401477900966], [-122.685685548655, 44.1401962450789], [-122.68639895562, 44.1401982061501], [-122.68643885609, 44.1397906262111], [-122.686374788244, 44.1394342299051], [-122.686328465718, 44.1388404027659]]], [[[-122.667589624162, 44.1761533800152], [-122.667921408828, 44.1769290988031], [-122.668082801948, 44.1770657212435], [-122.668297703219, 44.177299749736], [-122.668539957291, 44.1774755067775], [-122.668822155851, 44.1777583559385], [-122.668982900388, 44.1780116770342], [-122.66956941403, 44.179002369883], [-122.66964825557, 44.1794715869415], [-122.669619755619, 44.1801238872034], [-122.669940541312, 44.1806750688989], [-122.670738836376, 44.1811161969821], [-122.672609072203, 44.1817371188489], [-122.673044094855, 44.1809198737565], [-122.673308796029, 44.1804200919898], [-122.672903269561, 44.1800965010234], [-122.672376855906, 44.1795380682042], [-122.67193272344, 44.1788333110787], [-122.672181973592, 44.1779546722965], [-122.672673158016, 44.177516402967], [-122.67344797561, 44.17734274891], [-122.674796186053, 44.1775615641095], [-122.675026284123, 44.1774941419346], [-122.675472220406, 44.1774954098338], [-122.675715457236, 44.1774961011223], [-122.67601136229, 44.1777497950798], [-122.676213422144, 44.1780066157898], [-122.676226083898, 44.1780227098495], [-122.676562375411, 44.1783056929663], [-122.677117661817, 44.1785528578717], [-122.677536969341, 44.1786251113206], [-122.678155038104, 44.1784669501634], [-122.678304517767, 44.1782186310465], [-122.678749380564, 44.1781310477992], [-122.679268111826, 44.1780792042745], [-122.679580137149, 44.1777378576793], [-122.678605017705, 44.1774377242602], [-122.678311471626, 44.1769394179767], [-122.678115134041, 44.1767256598905], [-122.677523418255, 44.176581853078], [-122.677301620618, 44.1765101582832], [-122.677282752404, 44.1763898790377], [-122.677223538155, 44.1760124182092], [-122.676914547342, 44.1756808881038], [-122.67647032684, 44.1753684242761], [-122.676391378402, 44.1749791922628], [-122.676393239711, 44.1746388160611], [-122.676259550634, 44.1743758566898], [-122.675895193954, 44.1742872967856], [-122.67547726804, 44.1741110560404], [-122.675098438603, 44.1741975061474], [-122.674854254051, 44.1743718653021], [-122.674475422818, 44.1744583130938], [-122.674286516096, 44.1744091478809], [-122.674206779835, 44.1741657907802], [-122.674153908591, 44.1739516863168], [-122.673668482367, 44.1737655217291], [-122.673060587923, 44.1737346082816], [-122.672600416037, 44.1738694431111], [-122.672290008581, 44.1738004761981], [-122.672088238883, 44.1736345692132], [-122.67202213276, 44.1733717992991], [-122.670895020166, 44.1730229688942], [-122.670234574278, 44.1727530772796], [-122.669035482375, 44.1726305037115], [-122.668541198763, 44.1722419791256], [-122.668413496957, 44.1711051347564], [-122.668076522724, 44.1709582788029], [-122.667779483098, 44.1709185153068], [-122.66717184108, 44.1708486699423], [-122.666780385822, 44.1707794520735], [-122.665863406241, 44.1704558417053], [-122.6656613931, 44.170338548206], [-122.665690394311, 44.1699885258729], [-122.66589449334, 44.1697362682701], [-122.665963531564, 44.1694738888572], [-122.666059812098, 44.1691726888628], [-122.665912998635, 44.1688513281329], [-122.665603505663, 44.1686267432798], [-122.665198776898, 44.1685185798867], [-122.664983809152, 44.1683039961385], [-122.6648274987, 44.1682294019745], [-122.664088930823, 44.1686127201893], [-122.664052405323, 44.169273180744], [-122.663885036609, 44.1696061837593], [-122.663552326679, 44.1699148790867], [-122.663122766683, 44.1697945077794], [-122.662682865282, 44.1693662972643], [-122.661774457426, 44.1690658480323], [-122.660944494053, 44.1687399337197], [-122.660382707437, 44.1685953387177], [-122.660120413748, 44.1681657792285], [-122.659891355028, 44.167712496267], [-122.659761171177, 44.1673309699907], [-122.659763224726, 44.1669736599975], [-122.660393641731, 44.1666896817117], [-122.660791034853, 44.1666432202689], [-122.661155061851, 44.1666443002435], [-122.662279460634, 44.1663023648654], [-122.662498689988, 44.1661802070489], [-122.662500108427, 44.1659314708271], [-122.662748047937, 44.1657367640716], [-122.663168460389, 44.1655958682258], [-122.663761546106, 44.1654732436973], [-122.664230915842, 44.1654035562039], [-122.664576067438, 44.1654756388913], [-122.664836876213, 44.1654764050698], [-122.665045032932, 44.1654770153062], [-122.665193730163, 44.1653708482576], [-122.665244502045, 44.1651222561889], [-122.665245606972, 44.1649268198849], [-122.66502507596, 44.1646418999457], [-122.664853407011, 44.164445956196], [-122.664269908115, 44.1641051067837], [-122.663765170808, 44.163812002127], [-122.66312567992, 44.1634698937393], [-122.662633963693, 44.1633663980329], [-122.66231033573, 44.1632584640711], [-122.661959578646, 44.1631698990725], [-122.661702946139, 44.163159415097], [-122.661297927219, 44.1631095889614], [-122.661136810779, 44.1629340571824], [-122.661301766618, 44.1624385598232], [-122.66138321417, 44.162370724683], [-122.661680705649, 44.1623229800135], [-122.66223903465, 44.1620699292048], [-122.662062086302, 44.1617794971961], [-122.662022669125, 44.161584875979], [-122.661902193368, 44.1613900150351], [-122.661646346886, 44.161243379134], [-122.661606596435, 44.1611071079897], [-122.661723557085, 44.1607075081766], [-122.661285819725, 44.1605031942187], [-122.660907781704, 44.1604631716968], [-122.660502784343, 44.1604133432841], [-122.659895089325, 44.1603726350122], [-122.659126532989, 44.160298811242], [-122.658754360966, 44.1604435097144], [-122.658449143077, 44.1606856152197], [-122.658278881788, 44.1609402727514], [-122.658258915833, 44.161474850796], [-122.658274322838, 44.1617300649307], [-122.658289307635, 44.1620581832471], [-122.658289029158, 44.1621908401932], [-122.658729227003, 44.1626351288836], [-122.658793212204, 44.1630164580531], [-122.658486583062, 44.1633248991711], [-122.658458328351, 44.1635387689826], [-122.65817394419, 44.1636546209286], [-122.657398319011, 44.1636657298926], [-122.656678224987, 44.1629790960978], [-122.656038095397, 44.1631328529775], [-122.655901293658, 44.1634362123042], [-122.655916901886, 44.1636549740647], [-122.655937149912, 44.1637795800596], [-122.656434653985, 44.163895831709], [-122.657027823245, 44.1643263946955], [-122.657296317107, 44.1644732272086], [-122.657430723938, 44.1645829877516], [-122.657362642419, 44.164679990306], [-122.657226898895, 44.1648010918416], [-122.657276343066, 44.1650078048159], [-122.657461180419, 44.1651541690928], [-122.657610414843, 44.1653159449021], [-122.657663218713, 44.1655300581625], [-122.657540612152, 44.1657047438704], [-122.657419017991, 44.165704379792], [-122.657324895211, 44.1656262962049], [-122.657104374978, 44.1655540770913], [-122.656867207167, 44.1656991750819], [-122.656596137835, 44.1658684719443], [-122.656426136159, 44.166074525197], [-122.656357344971, 44.1662930342425], [-122.656820159701, 44.1664611488996], [-122.657157363004, 44.1665594139224], [-122.657561895037, 44.1666967801545], [-122.657966541157, 44.1668146949848], [-122.65853370958, 44.1668650167363], [-122.65872168385, 44.1670698080502], [-122.658819257957, 44.167408301277], [-122.658872138185, 44.1680172831448], [-122.658729527939, 44.1683009747433], [-122.657967110689, 44.168501635905], [-122.657368439248, 44.1687052359259], [-122.657637545761, 44.1690512850809], [-122.658156385719, 44.169488144996], [-122.658592681283, 44.169774651094], [-122.659049662353, 44.1700912367548], [-122.659381519782, 44.1704074482907], [-122.65962979077, 44.1707534307575], [-122.660199047776, 44.1709642949036], [-122.660455155667, 44.1710720337099], [-122.660873962829, 44.1710830027466], [-122.66133319328, 44.1711135412968], [-122.66167004085, 44.1712798670979], [-122.661938831156, 44.1715335188565], [-122.66239645542, 44.1719925049493], [-122.662768940056, 44.1725039641471], [-122.663000726959, 44.1725091759886], [-122.663297713585, 44.1725586771833], [-122.663662097214, 44.1726375531161], [-122.663783153283, 44.1727351609624], [-122.663809072374, 44.172929740883], [-122.663929135805, 44.1732024002661], [-122.665853551722, 44.1734516257782], [-122.666583978168, 44.1739227503136], [-122.666880511145, 44.1749572627238], [-122.667330824021, 44.1748092701759], [-122.667397956918, 44.1746427178746], [-122.667794864052, 44.1746915150042], [-122.668057508983, 44.1750734150302], [-122.667493234932, 44.1753576280595], [-122.666981082033, 44.1759197039011], [-122.667589624162, 44.1761533800152]]], [[[-122.296535337032, 44.1178557889994], [-122.296967907282, 44.1173898591304], [-122.296596100875, 44.1172132768824], [-122.296035450628, 44.1167407998672], [-122.295814140776, 44.1164424573029], [-122.295689354901, 44.1157816601979], [-122.295529593121, 44.1151582931005], [-122.295479200329, 44.1149341830253], [-122.294920731192, 44.1144900241284], [-122.294693829327, 44.114107483017], [-122.294930078162, 44.1137039790637], [-122.295563832409, 44.1133475781844], [-122.29612814329, 44.1131604858403], [-122.296840085102, 44.1132474747858], [-122.297434076321, 44.1131953691484], [-122.29770307324, 44.1133550119718], [-122.298360016597, 44.1134333969021], [-122.298693070582, 44.1136306057936], [-122.29908013757, 44.1136236880049], [-122.298962679253, 44.1132220498409], [-122.298957573229, 44.113073790224], [-122.298682335714, 44.1124615550865], [-122.298422711817, 44.1119388830865], [-122.298458591428, 44.1117008912367], [-122.298751239191, 44.1113258377064], [-122.298571294063, 44.1101922308469], [-122.298235160654, 44.1099794422411], [-122.297667228663, 44.1098428618259], [-122.297249804008, 44.1099955658222], [-122.296755810552, 44.1101145259559], [-122.296418762658, 44.1099793609717], [-122.296158501855, 44.1095642220684], [-122.295471252035, 44.1090293628713], [-122.295004986877, 44.1088509992859], [-122.29467626367, 44.1087072457005], [-122.293877805113, 44.1087769672425], [-122.293543412638, 44.1084199941955], [-122.292898814828, 44.1082607347248], [-122.292611135647, 44.107859685137], [-122.292291618375, 44.1075471640272], [-122.29201920696, 44.1071572969252], [-122.291606819159, 44.1068885618239], [-122.290763428668, 44.1071114259025], [-122.289874063299, 44.107085221706], [-122.289618264429, 44.1068768429419], [-122.288918001613, 44.106483679815], [-122.288769009735, 44.1060723917452], [-122.288590303384, 44.1055721920199], [-122.288090655033, 44.1048814501076], [-122.287465363815, 44.1044006468121], [-122.286276045583, 44.103195845088], [-122.28563234519, 44.1030421726906], [-122.285354290558, 44.102797451092], [-122.285096597141, 44.1024178648726], [-122.284953901555, 44.1018230120977], [-122.284750945183, 44.1015652592172], [-122.284284282969, 44.10142734596], [-122.2837239642, 44.1012888440591], [-122.28356289627, 44.1012878338485], [-122.283339257985, 44.1016467387784], [-122.283139199578, 44.1017884117204], [-122.282479827176, 44.1016413452152], [-122.281849762311, 44.1018041362936], [-122.281078077142, 44.101663696793], [-122.280836365652, 44.1015136870894], [-122.280614205994, 44.1012963032316], [-122.280613474765, 44.1012961097047], [-122.279808893291, 44.1012910412349], [-122.279693502896, 44.1013316489751], [-122.279843232291, 44.1023410612567], [-122.279818714572, 44.1027268129425], [-122.279873704044, 44.1030987718061], [-122.280148945152, 44.1033006048391], [-122.280564063832, 44.1034175632592], [-122.28091144325, 44.1035595028851], [-122.281500170341, 44.1033741457497], [-122.281998605068, 44.1031628878607], [-122.282334063843, 44.102760032958], [-122.28269623582, 44.1028814137738], [-122.283219083163, 44.1033849441705], [-122.283511409329, 44.1038155621687], [-122.283206993636, 44.1043853647929], [-122.282776106828, 44.1044779450897], [-122.282534627103, 44.1053101762511], [-122.282001388049, 44.1056641460573], [-122.281404047911, 44.1058509608982], [-122.281176687906, 44.105516031967], [-122.280815657688, 44.1052993678612], [-122.279726221336, 44.1051733966926], [-122.279497606384, 44.1046686081947], [-122.279241151744, 44.1045526488584], [-122.278843429838, 44.1046358962636], [-122.278527533675, 44.1046555632887], [-122.278174281071, 44.1050206737875], [-122.277728722978, 44.1049575879571], [-122.277351179031, 44.1050123720057], [-122.276894121604, 44.1050809439145], [-122.275926122207, 44.1050302688912], [-122.275658758425, 44.1052667878686], [-122.275848085558, 44.1060064488726], [-122.276140660558, 44.1064132660267], [-122.275907802863, 44.1065308968628], [-122.275376551781, 44.106718099853], [-122.27527446813, 44.1069556647627], [-122.274775394701, 44.1072145332558], [-122.274112483835, 44.1073532502574], [-122.273547578269, 44.1075878732536], [-122.272787237026, 44.1075830349507], [-122.272095643852, 44.1073642388783], [-122.271869208213, 44.1069578327015], [-122.271508203148, 44.1067411396938], [-122.271009700149, 44.1069523518992], [-122.270873662876, 44.1072611621023], [-122.271366607998, 44.1075025201389], [-122.271329452779, 44.1078357807626], [-122.271225886909, 44.1081924399908], [-122.270789975824, 44.1086899059259], [-122.270684061757, 44.1092371212942], [-122.270414020996, 44.1096880012063], [-122.269945324098, 44.1101614330867], [-122.269112080078, 44.1107039960847], [-122.268350818062, 44.1107705857979], [-122.267923389768, 44.1105772779275], [-122.267528141823, 44.110455638148], [-122.266945625684, 44.1104739829433], [-122.26695595631, 44.1111695981311], [-122.267183257026, 44.1115045550113], [-122.267513680744, 44.1118177736988], [-122.267813622827, 44.1114341420443], [-122.268377119835, 44.1113186448863], [-122.268473361742, 44.1115574748113], [-122.268500863664, 44.1117515012035], [-122.268966465866, 44.1116827287056], [-122.269195247904, 44.1118985838353], [-122.269455331738, 44.1122575668837], [-122.269353507701, 44.1124713082896], [-122.268954132895, 44.1126831436945], [-122.268384637836, 44.1129750859297], [-122.268467840696, 44.1131288989051], [-122.268567760305, 44.1136059639894], [-122.268505363325, 44.1140310622109], [-122.268798980371, 44.1145402118474], [-122.268723321563, 44.1154181253182], [-122.267528556845, 44.1163625762677], [-122.266303023032, 44.1168191990092], [-122.265920937202, 44.1169697341765], [-122.265496806624, 44.1169670081053], [-122.264865319725, 44.1172276030444], [-122.264895430355, 44.1174660098886], [-122.26515580704, 44.1178011832415], [-122.264775429806, 44.1182366871351], [-122.264858887788, 44.1183596671313], [-122.264888922061, 44.1185964823068], [-122.264921206614, 44.1190151588654], [-122.264907672596, 44.1190686929746], [-122.265338253078, 44.1190887060206], [-122.265433609245, 44.1193989947497], [-122.265709473784, 44.1204807340025], [-122.266497092371, 44.1204857930884], [-122.267577240143, 44.1201900992678], [-122.268078631226, 44.119985256829], [-122.268567451284, 44.1195279330521], [-122.269361303281, 44.1195091918798], [-122.270269621306, 44.1198508799015], [-122.270760695237, 44.119579045779], [-122.271251182569, 44.1193121947847], [-122.271254997714, 44.119001741796], [-122.271202271996, 44.1187179260484], [-122.271435787258, 44.1184508828534], [-122.271795054981, 44.1178953560865], [-122.272060269094, 44.1178398752234], [-122.272563308585, 44.1178049649911], [-122.273012277581, 44.1178649937845], [-122.273328993007, 44.1179241809117], [-122.273372666402, 44.1179051999697], [-122.27438981712, 44.1170056309823], [-122.274757885638, 44.1166506488514], [-122.275489355027, 44.1163217918243], [-122.276950816977, 44.1157831622436], [-122.277790444425, 44.1147165137938], [-122.278425005359, 44.1141964557215], [-122.278868426359, 44.1130796548556], [-122.278820264084, 44.1116024297409], [-122.278955402143, 44.1113650699065], [-122.278726006556, 44.1111968718315], [-122.278630592896, 44.1108865922751], [-122.27863638703, 44.1104102031184], [-122.27877355079, 44.1100061069706], [-122.27920651091, 44.1097468050102], [-122.279745878271, 44.1088926390042], [-122.27994856964, 44.1085365980512], [-122.280845094582, 44.1083248619511], [-122.281404859988, 44.1080751678648], [-122.281641431318, 44.1074252387167], [-122.281876733329, 44.1070607210137], [-122.282326165855, 44.1068084563048], [-122.283141900812, 44.1068135778391], [-122.283803186625, 44.1068620891965], [-122.284446917561, 44.1070949661208], [-122.284795632775, 44.107181153197], [-122.28558836008, 44.1072747321283], [-122.285325539079, 44.1068998769156], [-122.285329843806, 44.1065425842067], [-122.285528190923, 44.106543823959], [-122.286152563164, 44.1068574049961], [-122.287537851571, 44.1071280869277], [-122.287998948721, 44.1072738897263], [-122.288724802742, 44.10739751692], [-122.288854752133, 44.1075888969021], [-122.288815410415, 44.1081127213129], [-122.288804556071, 44.1090178637157], [-122.289059320981, 44.1098293749491], [-122.288986348135, 44.1104006321075], [-122.28888259811, 44.110781126808], [-122.289238551948, 44.1114265177463], [-122.289785177697, 44.1127162678197], [-122.290570129185, 44.1142083621221], [-122.290649525883, 44.1142911560743], [-122.291019075723, 44.1147254191693], [-122.291464540391, 44.115079157814], [-122.291971559419, 44.115135789905], [-122.292002061714, 44.1153503709271], [-122.29158917984, 44.115422020729], [-122.291643026655, 44.1157407973168], [-122.291630192424, 44.1158099307683], [-122.292062500367, 44.1158271710695], [-122.292455560914, 44.1161392827239], [-122.293244818926, 44.1165014872038], [-122.293601989083, 44.1170515859045], [-122.29369437003, 44.1176238689583], [-122.294121934868, 44.1178170809052], [-122.294349416146, 44.1181519852756], [-122.294411008235, 44.1185335051217], [-122.295290218149, 44.1197562400496], [-122.295549996557, 44.1201064268646], [-122.295823698851, 44.1203707360182], [-122.296046306768, 44.1205610937748], [-122.296246572686, 44.1204666891522], [-122.296279007257, 44.1199504832903], [-122.296282683163, 44.1196408288042], [-122.296550029877, 44.1194042628733], [-122.296387531829, 44.1191650487027], [-122.296529683934, 44.118332180049], [-122.296535337032, 44.1178557889994]]], [[[-122.600425162245, 44.2183403802156], [-122.601103481913, 44.2188708757229], [-122.601611595987, 44.2193630519894], [-122.602134163954, 44.2196572279712], [-122.602547705192, 44.2205640262397], [-122.602804335902, 44.221404261986], [-122.602879850082, 44.2218760661397], [-122.602797488943, 44.2224227668743], [-122.6023110602, 44.2226002601436], [-122.601970219618, 44.2225802107332], [-122.601629365562, 44.2225982309973], [-122.601432203323, 44.2228890850995], [-122.601443867947, 44.2233858248387], [-122.601337157075, 44.223623004702], [-122.601140281399, 44.2238706677359], [-122.601093630089, 44.2241080567953], [-122.601391973172, 44.2244006409058], [-122.601690244389, 44.2247040197546], [-122.602003026092, 44.2250830343163], [-122.602240950285, 44.225429393053], [-122.602254074672, 44.2257101819578], [-122.602237460331, 44.2259476768954], [-122.602174923214, 44.2263145853011], [-122.602068137781, 44.2265625627344], [-122.601444024254, 44.2271154440316], [-122.600870700575, 44.2270523232068], [-122.600381343324, 44.2271422921031], [-122.599849174163, 44.2272779490905], [-122.599167943954, 44.2274589211439], [-122.598656442333, 44.2277332459025], [-122.59796011863, 44.2278260808315], [-122.597326081415, 44.2274117029523], [-122.597298292031, 44.2274065062646], [-122.596979444004, 44.2274206608486], [-122.595831966603, 44.2274166067505], [-122.595641662104, 44.2272784138516], [-122.595620536423, 44.2269185530791], [-122.595084570982, 44.2268630897137], [-122.594554379013, 44.2268850301959], [-122.593925951776, 44.2267398722928], [-122.59313730911, 44.2258080527555], [-122.592941177239, 44.2254262200894], [-122.592573546201, 44.2249207819811], [-122.592276203842, 44.2248053800116], [-122.592098311364, 44.2246618198982], [-122.591595957288, 44.2247533148959], [-122.59128652091, 44.2248600277661], [-122.591108984165, 44.2250242938817], [-122.590825960054, 44.2251374416992], [-122.59037588613, 44.2251738842791], [-122.589908965202, 44.2250961002554], [-122.589322417423, 44.2251199417081], [-122.589062653389, 44.2250097228666], [-122.588952019574, 44.2244584272898], [-122.588847198757, 44.2243121748284], [-122.588495117556, 44.2242094303097], [-122.588231193424, 44.2241133438989], [-122.588020537591, 44.2239667107678], [-122.587083177931, 44.2230563707977], [-122.586971096032, 44.2226881101367], [-122.586359363985, 44.2225007681606], [-122.586014016555, 44.22249951668], [-122.585608612257, 44.2224980469627], [-122.585286941724, 44.2226312702798], [-122.585344678244, 44.2228855559987], [-122.585377249359, 44.2233718321548], [-122.585278331372, 44.2238429149895], [-122.585296499798, 44.2240859536972], [-122.585175743766, 44.2242999018105], [-122.585134086191, 44.2245713096852], [-122.585198072291, 44.224930217911], [-122.58534147036, 44.224914712163], [-122.585607308802, 44.22473809106], [-122.58573158623, 44.2246243792003], [-122.586024058822, 44.2244224838128], [-122.586412481367, 44.224373151701], [-122.586963712778, 44.2244207212397], [-122.58736121819, 44.224422158078], [-122.587738150385, 44.2245235671011], [-122.587974759444, 44.2247959788238], [-122.588315244293, 44.2252225552468], [-122.588702377756, 44.2252204701859], [-122.589529035329, 44.2254378311142], [-122.589710459083, 44.2258802379732], [-122.589794905212, 44.2266466159451], [-122.590896817367, 44.2267777757666], [-122.592084197933, 44.2275323788843], [-122.593770980711, 44.2279314337731], [-122.594512583996, 44.2281473872099], [-122.594974083592, 44.228482517232], [-122.59537763197, 44.2287994918093], [-122.596499600811, 44.228584268789], [-122.598401319894, 44.229111830087], [-122.599163120001, 44.2287027878601], [-122.599306342, 44.2281842817375], [-122.599970506015, 44.2279484018707], [-122.600767015228, 44.2277368011047], [-122.601759244884, 44.2281748810892], [-122.601931867844, 44.2277802662179], [-122.601706888374, 44.2273389679508], [-122.602274665855, 44.2269966127803], [-122.602902987989, 44.2268190729003], [-122.603301628871, 44.2266537123187], [-122.603566323757, 44.2267022719867], [-122.603663946374, 44.2269646412994], [-122.604060065685, 44.227346926816], [-122.604374829073, 44.2274344008788], [-122.605419048725, 44.2274351611025], [-122.605752676733, 44.2274363127028], [-122.606237571154, 44.2273328578281], [-122.606415564243, 44.227349152131], [-122.606513177877, 44.2269268493091], [-122.606381782198, 44.2267596499245], [-122.606830134051, 44.226445920955], [-122.608044898861, 44.226529237271], [-122.608673786035, 44.2268013390956], [-122.608839039216, 44.2268913457111], [-122.609296941958, 44.2267696571822], [-122.609528985779, 44.2267466300587], [-122.61018254608, 44.2271898040447], [-122.610758665317, 44.2272135770595], [-122.611273122395, 44.2273898038641], [-122.61183314472, 44.2275552769583], [-122.612347105928, 44.2278078297892], [-122.612482662603, 44.2279500497585], [-122.612663497961, 44.2281251382202], [-122.613118235937, 44.2281593929321], [-122.613588495006, 44.2281391748335], [-122.61393664967, 44.2282384937867], [-122.614042449651, 44.2282933752365], [-122.61425412058, 44.2283922311083], [-122.614648057883, 44.2284480850466], [-122.615209239034, 44.2284390713047], [-122.615588936244, 44.2283531120778], [-122.615688530663, 44.2274355711469], [-122.616138998947, 44.22693684817], [-122.617781325899, 44.2265493110853], [-122.619820231201, 44.226305994803], [-122.62036452672, 44.2263067357295], [-122.62095046544, 44.2264239449044], [-122.621346609904, 44.2266396470274], [-122.622212458277, 44.2274324427074], [-122.622508471129, 44.2277669137807], [-122.622506340326, 44.2281003987293], [-122.62233765558, 44.2285762592389], [-122.623030300681, 44.2290549642477], [-122.623193812928, 44.2293889948287], [-122.622501580153, 44.229525731254], [-122.622110795038, 44.2295784281126], [-122.622017895763, 44.2298288159161], [-122.621929763847, 44.2303174858519], [-122.621885013373, 44.2306687778218], [-122.622313298659, 44.2307884532417], [-122.622446728123, 44.2310588399446], [-122.622325207625, 44.231274393774], [-122.622423044041, 44.2317668461094], [-122.622430500956, 44.2317707428538], [-122.622917229737, 44.232093230057], [-122.623112270154, 44.2325376221347], [-122.62314418011, 44.2327782041638], [-122.62325397939, 44.2330430920307], [-122.623464390881, 44.2333722887175], [-122.624035670893, 44.2333345980321], [-122.624296090697, 44.2330733287911], [-122.624904257331, 44.2316824957566], [-122.626941278866, 44.2317606289544], [-122.62801420059, 44.23200126694], [-122.628228614075, 44.2325151817077], [-122.628370280192, 44.2336947748687], [-122.627744820989, 44.2340632118994], [-122.628229764817, 44.2345984412526], [-122.628659871887, 44.2346951232859], [-122.630182721109, 44.2348906301649], [-122.630380018095, 44.2351294770091], [-122.63025728038, 44.235630264819], [-122.630481813387, 44.2357497673139], [-122.630851842927, 44.2360083510831], [-122.631183208977, 44.2360847620106], [-122.631456798982, 44.2359472768486], [-122.631607255114, 44.235904570801], [-122.631958720969, 44.2357901242592], [-122.632134064027, 44.2354448093028], [-122.632631041687, 44.2354464080654], [-122.633428125822, 44.2351392987662], [-122.634523320375, 44.235215338806], [-122.635453197967, 44.2359539247858], [-122.636047803633, 44.2360322209405], [-122.636431575601, 44.2358348030849], [-122.636685637129, 44.235575305896], [-122.636697883862, 44.2353481381556], [-122.635979261279, 44.2351474561012], [-122.635583592922, 44.2348365240056], [-122.635785760573, 44.2342892897739], [-122.635864914726, 44.2333866890272], [-122.635470759132, 44.2328327891622], [-122.635768623413, 44.2325807490018], [-122.635566338082, 44.2322638179599], [-122.635470329738, 44.2317156322833], [-122.635771876212, 44.231168714038], [-122.635810440887, 44.2302874652396], [-122.635912029566, 44.2299304763172], [-122.636412481011, 44.2293603692645], [-122.636979469771, 44.2287428297205], [-122.637216703159, 44.2283117709613], [-122.636775638439, 44.2282722920476], [-122.635863680441, 44.2280602521517], [-122.63548155778, 44.2279167289429], [-122.635078567256, 44.227793202173], [-122.634654705274, 44.2276084866868], [-122.634264422317, 44.2273593041238], [-122.631991834667, 44.2272462339605], [-122.631823659266, 44.227532835919], [-122.631290625027, 44.2276268311289], [-122.631024630279, 44.2275900791555], [-122.6302956609, 44.2274350677643], [-122.63003153824, 44.2272912881205], [-122.630132261842, 44.2270772259983], [-122.630484101396, 44.2268172138411], [-122.630431932634, 44.2266475422588], [-122.630519223727, 44.2262811039161], [-122.630168860105, 44.2260798038642], [-122.629918010951, 44.2262823862151], [-122.629600158258, 44.2265565362149], [-122.629499578387, 44.2266758530758], [-122.629315354584, 44.226866684879], [-122.628848350112, 44.2270446340189], [-122.6282984518, 44.2271744540271], [-122.626569026894, 44.2277575072725], [-122.625528231619, 44.2273253250991], [-122.62458592314, 44.227036382222], [-122.623997369424, 44.2258195819515], [-122.625091900122, 44.2256087910721], [-122.625451747259, 44.2253597197784], [-122.625500932716, 44.225198261289], [-122.625192752183, 44.2249969749151], [-122.624967475371, 44.2250578409992], [-122.624634413301, 44.2251046040255], [-122.624286158025, 44.2249239942402], [-122.624138167768, 44.2246483270616], [-122.624092760626, 44.2243654132384], [-122.623582017183, 44.224485971173], [-122.62349819179, 44.2243023351707], [-122.623289019076, 44.2237821242557], [-122.622369484687, 44.2235978011038], [-122.621973050966, 44.2234297437936], [-122.621352963688, 44.2227614489406], [-122.621227424127, 44.2227691129376], [-122.62112075278, 44.2229753143161], [-122.620719381918, 44.2232970199077], [-122.620274899109, 44.2232831842794], [-122.620018545079, 44.2234962520786], [-122.619528949775, 44.2236321421383], [-122.619061882421, 44.223569466275], [-122.618978269031, 44.2233552670171], [-122.618937546602, 44.2230800901185], [-122.618662703448, 44.2228652517558], [-122.618411378188, 44.2222990521829], [-122.618094341164, 44.2220382322323], [-122.617755859559, 44.2218079002393], [-122.617135545905, 44.2217655907966], [-122.616842212728, 44.2218048378095], [-122.616458167672, 44.2220480297796], [-122.616095765727, 44.2222301741203], [-122.615543722239, 44.2221671967678], [-122.615213835714, 44.2216484991702], [-122.614951568973, 44.2216206520287], [-122.614565035585, 44.2214845397293], [-122.614364201033, 44.2216186717755], [-122.614038215891, 44.2217793411596], [-122.613849817617, 44.2219225020822], [-122.613354104785, 44.2223278871868], [-122.612948095023, 44.222677952832], [-122.612734112729, 44.2229064280321], [-122.612349142409, 44.2232871227859], [-122.611858528415, 44.2235757782834], [-122.61134726305, 44.223772679773], [-122.610814343796, 44.2240306260689], [-122.610217068337, 44.2238838137691], [-122.609269834396, 44.2237130766901], [-122.608638480448, 44.2235793079865], [-122.607957533208, 44.223397507723], [-122.607193384905, 44.2228281569031], [-122.607075692128, 44.2220455049108], [-122.606878848791, 44.221758977308], [-122.607047637741, 44.2212831389402], [-122.60840865816, 44.2212817361456], [-122.609573984188, 44.2213810080853], [-122.609761193991, 44.2214897639783], [-122.611563807339, 44.2213452532878], [-122.611854748304, 44.2209170393114], [-122.612269052211, 44.2206559808315], [-122.612347747325, 44.2202616709275], [-122.61256192096, 44.2200026368462], [-122.612373504719, 44.2195741568731], [-122.612077554749, 44.219343951082], [-122.611867395685, 44.2189917970701], [-122.611806366839, 44.2185790276871], [-122.611573961895, 44.218379597965], [-122.611271313188, 44.2178707347727], [-122.610479471621, 44.2179764139188], [-122.61012076265, 44.2183080937162], [-122.609695228904, 44.2185762329138], [-122.609229797382, 44.2197048811513], [-122.608960683682, 44.2201466409494], [-122.608526865672, 44.2203365848879], [-122.608199571685, 44.2208427138642], [-122.6074303479, 44.2209544141261], [-122.606664291575, 44.220589701101], [-122.606054775672, 44.2205876010689], [-122.605427279988, 44.2208725989486], [-122.604808875255, 44.2206595242291], [-122.604493695948, 44.2202391859051], [-122.604734095897, 44.219954166933], [-122.606231609934, 44.2194699420181], [-122.607125824409, 44.2190030668604], [-122.606899137242, 44.2187099717815], [-122.606634792698, 44.2186137778922], [-122.605244454861, 44.2184898768616], [-122.60517948331, 44.2182990861473], [-122.605183302947, 44.217727397249], [-122.604655905637, 44.2173444389199], [-122.603896186926, 44.2170321347783], [-122.603466569438, 44.2168877187342], [-122.603492327731, 44.2163807059008], [-122.603485713435, 44.2159609570453], [-122.603430841643, 44.2157169222556], [-122.603431750738, 44.2155814562455], [-122.603479082072, 44.2151888146858], [-122.60334221206, 44.2148902530148], [-122.603116823857, 44.2147946407204], [-122.602599958395, 44.2147453919678], [-122.602233190638, 44.2146875297334], [-122.602142485049, 44.2145268899295], [-122.602141672972, 44.2141545440852], [-122.601993273083, 44.2138153540796], [-122.601454207556, 44.2135342541165], [-122.601166441238, 44.2134295102602], [-122.601147079849, 44.2132173389937], [-122.601121597339, 44.2129380679873], [-122.600784265577, 44.2128654271369], [-122.600646131636, 44.2127220181929], [-122.599891456067, 44.2126700718099], [-122.599308502448, 44.2125325577077], [-122.598875303377, 44.2125310388072], [-122.598609871872, 44.2127874980767], [-122.598643879394, 44.2133772232524], [-122.598160092596, 44.2138722236948], [-122.597963530432, 44.2140766907745], [-122.597435946272, 44.2143879707658], [-122.596877814003, 44.2147747251482], [-122.596546051796, 44.2149895112646], [-122.596288616195, 44.2153125372354], [-122.596359814868, 44.2155293411226], [-122.597513505916, 44.2155805703197], [-122.598008693233, 44.2158205230927], [-122.598290916946, 44.2167125170142], [-122.598301823391, 44.2167390137928], [-122.598559930034, 44.2173661782143], [-122.598954294037, 44.2175436732078], [-122.599311263869, 44.2176803953004], [-122.599686703963, 44.217871368288], [-122.600425162245, 44.2183403802156]]]]}, "properties": {"OBJECTID": 22453, "poly_SourceOID": 18886, "poly_IncidentName": "Holiday Farm", "poly_FeatureCategory": "Wildfire Final Fire Perimeter", "poly_MapMethod": "Mixed Methods", "poly_GISAcres": 173393, "poly_DeleteThis": "No", "poly_FeatureAccess": "Public", "poly_FeatureStatus": "Approved", "poly_IsVisible": "Yes", "poly_CreateDate": 1698872692826, "poly_DateCurrent": 1698872692826, "poly_PolygonDateTime": 1698872692314, "poly_IRWINID": "{D0D17250-64E5-4961-A1DC-42986547C3FF}", "poly_FORID": "{C821550C-78E4-4661-BCBF-E432F696D6B9}", "poly_Acres_AutoCalc": 173392.64542949075, "poly_SourceGlobalID": null, "poly_Source": "FFP", "attr_SourceOID": 5683185, "attr_ABCDMisc": null, "attr_ADSPermissionState": "CERTIFIED", "attr_CalculatedAcres": 174404.7246, "attr_ContainmentDateTime": 1603758600000, "attr_ControlDateTime": 1609955220000, "attr_CreatedBySystem": "wildcad", "attr_IncidentSize": 173393, "attr_DiscoveryAcres": null, "attr_DispatchCenterID": "OREIC", "attr_EstimatedCostToDate": null, "attr_FinalAcres": null, "attr_FFReportApprovedByTitle": null, "attr_FFReportApprovedByUnit": null, "attr_FFReportApprovedDate": 1698872689063, "attr_FireBehaviorGeneral": null, "attr_FireBehaviorGeneral1": null, "attr_FireBehaviorGeneral2": null, "attr_FireBehaviorGeneral3": null, "attr_FireCause": "Undetermined", "attr_FireCauseGeneral": "Undetermined", "attr_FireCauseSpecific": null, "attr_FireCode": "NKJ7", "attr_FireDepartmentID": null, "attr_FireDiscoveryDateTime": 1599535020000, "attr_FireMgmtComplexity": "Type 4 Incident", "attr_FireOutDateTime": 1632783600000, "attr_FireStrategyConfinePercent": null, "attr_FireStrategyFullSuppPrcnt": null, "attr_FireStrategyMonitorPercent": null, "attr_FireStrategyPointZonePrcnt": null, "attr_FSJobCode": "P6", "attr_FSOverrideCode": "0618", "attr_GACC": "NWCC", "attr_ICS209ReportDateTime": null, "attr_ICS209RptForTimePeriodFrom": null, "attr_ICS209RptForTimePeriodTo": null, "attr_ICS209ReportStatus": null, "attr_IncidentManagementOrg": null, "attr_IncidentName": "Holiday Farm", "attr_IncidentShortDescription": null, "attr_IncidentTypeCategory": "WF", "attr_IncidentTypeKind": "FI", "attr_InitialLatitude": 44.17084, "attr_InitialLongitude": -122.232, "attr_InitialResponseAcres": null, "attr_InitialResponseDateTime": 1599535020000, "attr_IrwinID": null, "attr_IsFireCauseInvestigated": null, "attr_IsFireCodeRequested": null, "attr_IsFSAssisted": 0, "attr_IsMultiJurisdictional": null, "attr_IsQuarantined": 0, "attr_IsReimbursable": null, "attr_IsTrespass": 1, "attr_IsUnifiedCommand": null, "attr_IsValid": 1, "attr_LocalIncidentIdentifier": "200430", "attr_ModifiedBySystem": "wildcad", "attr_PercentContained": null, "attr_PercentPerimToBeContained": null, "attr_POOCity": null, "attr_POOCounty": "Lane", "attr_POODispatchCenterID": "OREIC", "attr_POOFips": "41039", "attr_POOJurisdictionalAgency": "USFS", "attr_POOJurisdictionalUnit": "ORWIF", "attr_POOJurisdictUnitParentUnit": null, "attr_POOLandownerCategory": "USFS", "attr_POOLandownerKind": "Federal", "attr_POOLegalDescPrincipalMerid": null, "attr_POOLegalDescQtr": null, "attr_POOLegalDescQtrQtr": null, "attr_POOLegalDescRange": null, "attr_POOLegalDescSection": null, "attr_POOLegalDescTownship": null, "attr_POOPredictiveServiceAreaID": null, "attr_POOProtectingAgency": "USFS", "attr_POOProtectingUnit": "ORWIF", "attr_POOState": "US-OR", "attr_PredominantFuelGroup": "Timber", "attr_PredominantFuelModel": "TU5", "attr_PrimaryFuelModel": null, "attr_SecondaryFuelModel": null, "attr_TotalIncidentPersonnel": null, "attr_UniqueFireIdentifier": "2020-ORWIF-200430", "attr_FORID": "{C821550C-78E4-4661-BCBF-E432F696D6B9}", "attr_WFDSSDecisionStatus": null, "attr_EstimatedFinalCost": null, "attr_OrganizationalAssessment": null, "attr_StratDecisionPublishDate": null, "attr_CreatedOnDateTime_dt": 1599535694000, "attr_ModifiedOnDateTime_dt": 1632775762603, "attr_Source": "FODR", "attr_IsCpxChild": 0, "attr_CpxName": null, "attr_CpxID": null, "attr_SourceGlobalID": "{27AD5F57-A6A4-40BF-8CB5-0D15AF778CFB}", "GlobalID": "72479d0b-d48e-4259-9e0c-4f0826317f15", "Shape__Area": 0.07893512404689318, "Shape__Length": 4.744982456798798, "attr_IncidentComplexityLevel": null}}]}